complaint_id,narrative,product,issue,date_received,submitted_via,similarity_group,duplicate_flag,n_words,received_year,period,sample_cell,source_url
5061423,I had XXXX stolen from my Illinois unemployment card account and I received a check for XXXX and key Bank refuses to return my money,Checking or savings account,Problem with a lender or other company charging your account,2022-01-01T16:54:07.000Z,Web,a6cab59fe171,False,25,2022,source,2022 | Checking or savings account,https://www.consumerfinance.gov/data-research/consumer-complaints/search/api/v1/5061423
5063751,"1. I was steered into forbearance when I could not make my student loan payments in 2014. I was enrolled in an income based repayment plan. The number was too high given my expenses and I was told that my only option was forbearance. I believe that I was still charged interest. 

2. I had issues with the yearly income recertification. There were times that I missed the deadline to recertify. The emails did not include deadlines, or there were no email reminders that I saw, or there was inadequate information in the emails. When I did recertify after realizing that my loan payments jumped up, I often lost months because it took the servicers a long time to approve the recertification.",Student loan,Struggling to repay your loan,2022-01-01T17:42:55.000Z,Web,3cdbe4708841,False,122,2022,source,2022 | Student loan,https://www.consumerfinance.gov/data-research/consumer-complaints/search/api/v1/5063751
5063634,"I have few accounts with wells Fargo including a cridet Card and mortgages accounts. 
the bank mixes up the payments an apply to the wrong account many times. 
then they refuse to help and order me to make calls to diffrent department and stay on hold to fix thier mistak. theu are very unprofessional when they responed to my complaint. 
and give me lots of hard time and wast hours of my time pushing back on the issue instead of resolving it.",Mortgage,Trouble during payment process,2022-01-01T17:51:46.000Z,Web,3f7a07d3c979,False,82,2022,source,2022 | Mortgage,https://www.consumerfinance.gov/data-research/consumer-complaints/search/api/v1/5063634
5063409,"I think Ive already filed one complaint but BMO Harris their customer service is so nonexistent it actually managed to cost me a small amount of physical harm. First I called up and had to hang up because I couldnt hear the person on the other end. When I called back they acted like they couldnt hear me and eventually they just stop talking and I had to hang up. Third time I called back they had closed and they closed up super early so I couldnt reach em. 

I am still trying to get a hold of them and I have not even able to check up on my paychecks. This is bad. 
Theyve also injured my finger because I have a nervous habit caused by XXXX. And I was so stressed out I did a little too hard and now my finger is a little bit messed up. Its even interfering with my job",Checking or savings account,Managing an account,2022-01-01T18:21:08.000Z,Web,69e0e88e0b91,False,156,2022,source,2022 | Checking or savings account,https://www.consumerfinance.gov/data-research/consumer-complaints/search/api/v1/5063409
5060618,Debt is not mine,Debt collection,Attempts to collect debt not owed,2022-01-01T18:42:23.000Z,Web,a486ed20daff,True,4,2022,source,2022 | Debt collection,https://www.consumerfinance.gov/data-research/consumer-complaints/search/api/v1/5060618
5060623,debt is not mine,Debt collection,Attempts to collect debt not owed,2022-01-01T19:04:50.000Z,Web,a486ed20daff,True,4,2022,source,2022 | Debt collection,https://www.consumerfinance.gov/data-research/consumer-complaints/search/api/v1/5060623
5062151,"complaint reference code XXXX discover checking account was blocked every time I tried to transfer funds from/to one of the previously linked checking or saving account to the discover XXXX or a real checking account Discover does not offer any real checking account, since a real checking account should be able to send and receive funds transfers from previusly linked external checking/saving accounts without a account block after each transaction The entire web internet is currently making fun of them since discover block/freezes the discover checking account if 1 there is a funds transfer credit, started from a previously linked external checking/saving account registered under the same name 2 there is a funds transfer debit, started from a previously linked external checking/saving account registered under the same name 3 there is a funds transfer credit, started from discover and pulled from the previusly linked checking/saving registered under the same name 4 there is a funds transfer debit, started from discover and pushed to the previusly linked checking/saving registered under the same name 5 if a customer does not use the debit card for a certain period of time and suddently starts tto use the debit card also for low amounts, then again discover blocks the checking account The bank is not normal, they even have a separate page were customer can upload the document id to confirm identity unlimited times and they name the page "" secure page or secure upload or whatever '' I have uploaded my document id twice already t The first time they unblocked the checking account, but the account was blocked again when I tried to deposit funds to discover with a funds transfer from a previously linked checking/saving account registered under the same same, my name, as indicated above The banks need to make up their minds they have to decide if they want to operate n the internet or if are unable to operate on the web, they should work put the web only, offline, they don't have the permission to waste customers valuable time, with their strange procedures The result of their strange procedures can be found on the internet, the entire web is making fun of the so called bank The checking accounts was probably closed without notice, not even a simple email, maybe they are unable to type a email, because they need the help of the hight tech technology, the nasa, to be able to send email notifications I had funds in the checking account that were not refunded perhaps, they still trying to send a sms to the email adress registered on the discover checking account? 

good luck I will tell to each person that I know. that discover blocks checking accounts With no real reason",Checking or savings account,Managing an account,2022-01-01T21:16:03.000Z,Web,1975e65edab7,False,458,2022,source,2022 | Checking or savings account,https://www.consumerfinance.gov/data-research/consumer-complaints/search/api/v1/5062151
5063540,"When I pulled my consumer report, I seen that Wakefield & Associates reported numerous items in the total amount of {$58000.00}. As a federally protected consumer, I am aware of the rights that the organization has violated. I have never had a contract agreement with this organization and I challenge XXXX XXXX XXXX to provide such agreement under penalty of perjury. Failure to provide such agreement is a violation of my rights a consumer.",Debt collection,Attempts to collect debt not owed,2022-01-01T23:02:34.000Z,Web,8501fee86239,False,74,2022,source,2022 | Debt collection,https://www.consumerfinance.gov/data-research/consumer-complaints/search/api/v1/5063540
5061835,"On Thursday, XX/XX/XXXX, I discovered several unauthorized transactions on my Chime debit card totaling in excess of {$2000.00}. I immediately locked my card and contacted Chime to report the unauthorized charges. Within hours I received notification that my claim had been denied and was informed that I could request a copy of the information that had been used to reach that decision. I initially submitted that request for information on Friday, XX/XX/XXXX, and was told that it could take up to 10 days for the request to be processed. 

In the intervening time and with no explanation, Chime closed ( and locked me out of ) my account. When I finally received the information I had requested, it was in the form of a link to a Chime webpage that I could not access because my account had been locked. I informed Chime support of the issue and requested that the information be sent in some other form, and after 10 more days I received the exact same email I had received before containing a weblink. This happened 2 more times ( culminating in a 2 hour long phone call with Chime support on XXXX XXXX ), and each time I received the same response. 

Chime will not allow me to appeal their decision without having any new information to provide them, but I dont have any new information to provide ( on the one hand ), nor do I have any understanding or insight into whatever information they used to reach their determination ( on the other ). 

I found it remarkable that Chime was able to reach that decision so quickly ( on XXXX, nonetheless ), until I did more research and learned that many other people have had a similar problem with Chime and that the problem seems to be more about the dollar amount of the claim than anything to do with its validity. As far as I can tell, Chime has essentially aided in the theft of {$2000.00} from me.",Checking or savings account,Managing an account,2022-01-02T01:31:18.000Z,Web,32d058b34963,False,335,2022,source,2022 | Checking or savings account,https://www.consumerfinance.gov/data-research/consumer-complaints/search/api/v1/5061835
5061850,"I am due to make the final payment on my car loan, with Credit Acceptance, on XX/XX/XXXX. According to their web site my final balance is {$440.00}. A few weeks ago I called them to verify the balance on my loan. The agent would not give me the information I requested. She kept dancing around the issue and saying she couldn't give me an amount until XX/XX/XXXX, when my payment was due. I made the XXXX payment on XX/XX/XXXX. She just wanted to talk about a past due payment they say I owe. In XX/XX/XXXX they added {$620.00} to my account from a repossession in XXXX. I retrieved the car. I have made a total of {$740.00} extra on my payments since XXXX, XXXX. I should not owe {$120.00} past due. I haven't missed a payment since XXXX. They have continually given me problems when I call and won't answer my questions. In XXXX the site listed {$190.00} past due. Today it was {$320.00}. It changes daily going up and down. I have asked if that is part of my balance or extra. They won't answer my direct question. I live on Social Security and need the information I asked for so I can make my final payment on XX/XX/XXXX. They take advantage of people who have financial problems and during the past two years, with COVID, they won't help me. I have paid 29 % interest for 65 months. XXXX is the end of my contract. Please help me.",Vehicle loan or lease,Managing the loan or lease,2022-01-02T02:11:04.000Z,Web,e30962f6eba0,False,250,2022,source,2022 | Vehicle loan or lease,https://www.consumerfinance.gov/data-research/consumer-complaints/search/api/v1/5061850
5061917,"The law firm a corporation had an account with XXXX. There were billing and service issues. As such a final statement was disputed. XXXX then hired a collection agency XXXX XXXX to collect against my personal self and not the company. I disputed the debt and demanded no further contact. XXXX then hired Sequium Asset Solutions , LLC to collect against my personal self. Again I forward a dispute with a no contact demand and a copy of the prior letter.",Debt collection,Threatened to contact someone or share information improperly,2022-01-02T05:04:09.000Z,Web,79718f3c6134,False,81,2022,source,2022 | Debt collection,https://www.consumerfinance.gov/data-research/consumer-complaints/search/api/v1/5061917
5062661,"With my BestBuy Citi Credit Card ending ****, I have made a purchase at a BestBuy store on XX/XX/2021 for {$800.00} to be paid in 24 monthly installments with no interest or fees. My next statement in XXXX included the whole amount, but I didn't suspect anything wrong as it was the true amount I owed, and it showed in my promotional purchases section of my statement. However, the total amount was not spread over equal payments, and somehow, I paid not all but most of this purchase along with the remaining expenses on my account for the period. 

The total statement balance of {$970.00}, including the purchase in dispute, was paid on XX/XX/2021, because I had my instructions to make full statement balances on due date. On the other hand, I still owe {$160.00} on promotional balances, which should be only 1 ( one ) installment less than the total purchase, around $ XXXX I contacted various customer service representatives, and until the last one, they all argued the system withdrew all the money owed from expenses because I had Full Statement Balance pay instructions, and Citicards didnt have an option to separate and calculate installment payments from the rest of the balance, which sounded meaningless. Multiple CS representatives told me that I should calculate how much I wanted to pay on each month and put that into payments or change my monthly payment instructions to Minimum Payment, which would create interest charges on my expenses outside the Best Buy promotional purchase in dispute.

Getting into an installment pay plan and then having required to calculate your next payment each term is not making sense, and there is obviously a mistake here that customer service doesnt want to understand. Unfortunately, there is no available authority fully comprehensive at BestBuy or Citibank to reach out for the dispute, so I have no other option to report this promotional delusion on all levels of complaint departments.",Debt collection,False statements or representation,2022-01-02T12:33:14.000Z,Web,9fac11114bf7,False,325,2022,source,2022 | Debt collection,https://www.consumerfinance.gov/data-research/consumer-complaints/search/api/v1/5062661
5061224,"In XX/XX/2022, my checking account with XXXX XXXX was hacked. Thankfully, I caught this within minutes. My local brach stopped payment on the few transactions that had been initiated fraudulently, and I lost no money. However, shortly thereafter I received a letter from "" TRS Recovery Services '' claiming to be collecting a bill of {$130.00} on behalf of XXXX that they claim was unpaid when my account closed. 

I owe no such bill to XXXX. Worried that the hacker may have used my checking account info to pay for ( a rather expensive ) XXXX ride, I even contacted XXXX to ask if they hire outside companies to collect debts on their behalf. XXXX replied to me that they do not hire outside companies, or TRS specifically, for their debt collections. Furthermore, if the payment to XXXX had been declined, XXXX would not have accepted the ride request and there would have been no money lost ( which is to say, no debt to collect. ) When I went on the TRS website to object to the debt, their website required me to enter a large amount of personal data, including data that could itself lead to identity fraud. They also requested me to provide them with information about the debt that they claim to be collecting - information they should have if the debt were actually real. Needless to say, I did not complete that form. 

All of this leads me to think that TRS is itself a fraudulent company.",Debt collection,Attempts to collect debt not owed,2022-01-02T16:09:20.000Z,Web,2b5ea0e31567,False,252,2022,source,2022 | Debt collection,https://www.consumerfinance.gov/data-research/consumer-complaints/search/api/v1/5061224
5061151,On XX/XX/2020 XXXX XXXX XXXX acquired a loan on a home from XXXX XXXX  and the loan was immediately sold off to a company called home point financial as I entered forbearance program as soon as I exit forbearance I am told if I make 3 payments on time in full they would reduce my mortgage payment in the same month I am exiting the forbearance program the loan was sold again to a company called freedom mortgage canceling the agreement to make payments on time to reduce my mortgage.,Mortgage,Struggling to pay mortgage,2022-01-02T16:53:28.000Z,Web,ba27dbc83e3a,False,90,2022,source,2022 | Mortgage,https://www.consumerfinance.gov/data-research/consumer-complaints/search/api/v1/5061151
5062468,"Dear Credit Collections In regards to the two accounts - XXXX and XXXX, it has been brought to my attention that you claim that I owe {$100.00} to XXXX and {$330.00} to XXXX. While I accept no responsibility for ownership of this debt, Im willing to compromise and offer a full payment settlement amount in exchange for your agreement to the following : Your agreement to the full and complete deletion of any past-due references pertaining to this account from all credit bureaus to which you report. 
Your agreement that this payment constitutes a paid in full account, and not a paid collection or settled account. 
Your agreement that you will not attempt to sell or reassign the rights to this account to another third-party debt collection agency after payment has been received. 

While Im well aware that your purpose is to collect debts that you have obtained from original creditors, I am also aware that you are under no obligation to report any of these accounts to the credit bureaus.

That being said, your full cooperation in deleting this account in exchange for payment is appreciated.

When I receive signed documentation from your authorized representative on company letterhead stating that you agree to the terms above, I agree to pay {$430.00} via certified funds either over the phone via debit/credit or e-check, cashiers check or money order. If money order or cashiers check is chosen as the option, the payment will be sent to you via priority mail as soon as I receive the signed agreement.

Please be aware, that this is not a renewed promise to pay. I make no claim of responsibility for this debt, and I make no statement that I believe that this debt is valid or owed by me.

In the event that you do not agree with the resolution terms I have offered above, I will move forward with my rights to request a full and complete verification and validation of this debt. 

I am also requesting that you comply with Section 809 of the Fair Debt Collection Practices Act and send me verification and validation as well all documentation proving that I owe this debt ; and a copy of your license to practice debt collection in my state. Additionally, I am also requesting that you send a copy of this letter to the original creditor notifying them that I dispute this debt so that they can not report it as delinquent on my credit report. Likewise, if you have reported this debt to any credit bureau, I request that you also report to them that I dispute owing the debt. 

I look forward to a timely resolution of this matter. 

Regards, XXXX XXXX",Debt collection,Written notification about debt,2022-01-02T17:48:15.000Z,Web,e9a2af7740b2,False,452,2022,source,2022 | Debt collection,https://www.consumerfinance.gov/data-research/consumer-complaints/search/api/v1/5062468
5063843,"Citizens Bank migrated their online system to a new platform and required re-registration. Upon re-registering I no longer have access to my mortgage account. I tried to pay it yesterday on the first of the month and was not able. I then tried calling today twice. The first time I was on hold for over XXXX minutes and then after briefly speaking with a representative, they hung up on me. I then called back and the same thing happened after XXXX minutes of waiting for a person, they hung up on me. Since I am electronic with them, I do not receive paper statements. They are not accessible by telephone. So I will have to take off from work and go to a branch to sort this out.",Mortgage,Trouble during payment process,2022-01-02T20:07:44.000Z,Web,da9843f33087,False,128,2022,source,2022 | Mortgage,https://www.consumerfinance.gov/data-research/consumer-complaints/search/api/v1/5063843
5060702,"XX/XX/2021 XXXX XXXX XXXX XXXX XXXX XXXX NY XXXX Capital One Attn : Disputes XXXX XXXX XXXX XXXX XXXX XXXX, UT XXXX Dear Capital One or To whom it may concern : I'm disputing today because my credit was sold to a credit bureau without my permission. I took a look at my credit report and it says the amount was not paid in full. We came to an agreement and I paid the full amount. A few of my consumer laws have been violated and I demand an investigation of the validity of my account and I need documentation proof that the Debt is assigned to me. You guys violated my rights of 15 U.S. Code 1681. TILA, FDCPA, and SERA. If documentation can not be provided I request removal of the account from my credit report, if you can not provide documentation in the allotted time. 
Thank you for your time. 

( *it has now been more than 30 days an no answer )",Debt collection,Attempts to collect debt not owed,2022-01-02T20:29:41.000Z,Web,ed5bbe612ee9,False,166,2022,source,2022 | Debt collection,https://www.consumerfinance.gov/data-research/consumer-complaints/search/api/v1/5060702
5062839,"I called the XXXX County Treasurer 's office on XX/XX/XXXX because I noticed that the tax payment due on XX/XX/XXXX had not been paid. I paid the amount of {$3100.00} to avoid late fees. When I contacted Mr. Cooper, my servicer, they informed me that they had paid on XXXX, but this was not corroborated by the county. Mr. Cooper has been unable to provide evidence that payment has been made since I contacted them on XX/XX/XXXX. I have made multiple attempts to resolve this issue over the phone and through their online messaging portal.",Mortgage,Trouble during payment process,2022-01-02T21:36:10.000Z,Web,de5ad0eb7a19,False,95,2022,source,2022 | Mortgage,https://www.consumerfinance.gov/data-research/consumer-complaints/search/api/v1/5062839
5063109,"I XXXX XXXX checked my credit report and noticed some fraudulent an inaccurate accounts on my credit report, i then proceeded to reach out to the credit reporting agencies to seek remedy of the situations but no one would help me correct these fraudulent and inaccurate accounts.",Debt collection,Attempts to collect debt not owed,2022-01-03T04:43:55.000Z,Web,9e824938d9ee,False,47,2022,source,2022 | Debt collection,https://www.consumerfinance.gov/data-research/consumer-complaints/search/api/v1/5063109
5061087,"I received a message of a fraudulent charge that wasn't fraudulent. I used the text system to say that it wasn't. Then I tried to use my card for a few purchases and it would not let me use my card. They sent me to 3 different people all telling me the same thing. I love US bank because of the convenience and the customer service is great when it works, it just takes forever. And the constant shutting off my card is an embarrassing experience.",Checking or savings account,Managing an account,2022-01-03T14:55:10.000Z,Web,1ab007a0b8a1,False,86,2022,source,2022 | Checking or savings account,https://www.consumerfinance.gov/data-research/consumer-complaints/search/api/v1/5061087
5061225,"Hello, Recently, I refinanced a mortgage loan with PNC. Unfortunately, I was both treated bad ( I think the numbers were tempered with or it could be complete incompetence by XXXX XXXX XXXX, XXXX ID : XXXX. I also felt discriminated against. and treated in demeaning ways by XXXX XXXX XXXX The loan officer that I would like to file a complaint against is XXXX XXXX XXXX, XXXX ID : XXXX.",Mortgage,Closing on a mortgage,2022-01-03T15:43:06.000Z,Web,0411e214545d,False,71,2022,source,2022 | Mortgage,https://www.consumerfinance.gov/data-research/consumer-complaints/search/api/v1/5061225
5064740,"TD Bank is still holding the funds on a check that my daughter deposited on XX/XX/XXXX and which has cleared the makers bank on XX/XX/XXXX. Both XXXX and I have excellent credit we have both never bounced a single check in our lives and that also goes for the maker of the {$2000.00} check she deposited on XXXX XXXX who is my father who has never bounced a check in the XXXX XXXX hes been alive. When I called the contact center the first person I spoke with I believe his name was XXXX told me that the reason for this extended hold was that XXXX was randomly selected much the same way potential terrorists get randomly selected for screening at the airport. Because this made absolutely no sense especially given that Ive been working as a XXXX XXXX for 26 years, I requested to be transferred to a supervisor. That supervisor who I believe was named XXXX assured me that the representative I spoke with had provided me with miss information and that my daughters account was not randomly selected for the special hold. Instead she told me that TD Bank had reason to believe that this check which cleared my fathers bank account on XX/XX/XXXX was uncollectible. She apologized for the inconvenience and transferred me to XXXX in the fraud department. XXXX stated the same thing however she mentioned that she would put through a release of the hold that she hoped would be processed by Sunday, XX/XX/XXXX. As I write this at XXXX on XXXX XXXXXX/XX/XXXX the hold remains on this account. I would like to know why my daughters account that I am joint with has been singled out for an exception hold that is going on seven days. I would like an explanation of what information was used to make this decision. I would also like an explanation as to how this hold which we were not informed of at the time of the deposit is in compliance with regulation cc. This account has an average balance of {$20000.00} and my daughter was traveling this past weekend. If she had relied on that deposit you wouldve stranded her during her travels I have zero faith left in TD Bank and I will instruct XXXX to find a financial institution that does not treat her like a common criminal. The same maker wrote XXXX a check off the same account for XXXX in XX/XX/XXXX and it cleared then too.",Checking or savings account,Managing an account,2022-01-03T17:46:12.000Z,Web,01130448f2eb,False,413,2022,source,2022 | Checking or savings account,https://www.consumerfinance.gov/data-research/consumer-complaints/search/api/v1/5064740
5064685,"I was looking to purchase a new home and needed a pre-approval from Wells Fargo- the preferred lender of the builder. I applied with the builder 's contact at Wells Fargo and I was not pre-approved through Wells Fargo. I applied with Wells Fargo on XX/XX/2021 I later found out that the loan officer I worked with shared my personal financial information with multiple people and talked negatively about my financial situation. He shared a list of my debts and financial information with the builder 's realtor, who then shared it with my realtor and my future mortgage broker. I have no doubt that it was also shared with others that I am unaware of. 

I do not how much information was shared but I was told by my realtor and mortgage broker that they both were uncomfortable with the amount of information shared with them. 

I did not submit this complaint sooner because I do believe that the Wells Fargo representative and the builder 's realtor have some sort of quid pro quo deal and I did not want to jeopardize the real estate deal - I later found financing outside of Wells Fargo.",Mortgage,Applying for a mortgage or refinancing an existing mortgage,2022-01-03T17:57:35.000Z,Web,84214602338b,False,195,2022,source,2022 | Mortgage,https://www.consumerfinance.gov/data-research/consumer-complaints/search/api/v1/5064685
5064838,"Complaint Regarding Benchmark Mortgage Benchmark, XXXX XXXX XXXX XXXX XXXX TX XXXX XXXX XXXX XXXX, XXXX XXXXXXXX XXXX, Texas, XXXX Company XXXX ( XXXX ) XXXX XXXX : Complaint : The company sold our new mortgage, prior to even allowing for the first payment to their company, without ever advising us in advance to allow for a timely payment to be made to a new mortgage company. This nefarious business tactic was unwarranted and a very unprofessional action. Because of the handling of this transaction on the part of Benchmark Mortgage, we were forced to send a late payment because a timely mortgage payment to the new mortgage company was not possible. 

We had made already made our initial mortgage payment by check and sent to the Benchmark Mortgage on XX/XX/XXXX. This was done to assure that the first and initial payment was timely and well in advance of the due date of XX/XX/XXXX. However, without any prior explanation or communication, XXXX XXXX from the company 's main office sent a tardy email to us, well after normal business hours at XXXX pm XXXX, on XX/XX/XXXX. The message advised that our payments are Not Being Accepted by Benchmark Mortgage and are now due to XXXXXXXX XXXX as of XX/XX/XXXX. The message advised that the check for our first mortgage payment was being returned to us. Thereafter, XXXX conveniently took vacation the next day, followed by the XXXX XXXX holiday and weekend, thus unavailable for a timely discussion or explanation. XXXX 's email message advised that we could call him with any questions, which was not possible on a timely basis, causing us undue distress and anxiety. 

We followed the advice of Benchmark officials to send the first mortgage payment to Benchmark with coupons provided to us at the closing of our mortgage. Obviously the company 's communications, both internally and externally, were sorely lacking. No one checked, or apparently even cared to check with regard to the instructions for our first mortgage payment that had been provided to us by the local officials that handled our mortgage application and closing.

If Benchmark 's policy was not to transfer funds to a new mortgage lender and to expect us to chase down the new mortgage lender in order to handle that transaction, we should have been advised much earlier. This action was a poor business tactic, at the expense of the customer 's peace of mind and ability to make a timely payment to the new lender. It appears that we had barely signed our closing documents when the mortgage was sold without our timely knowledge. Benchmark Mortgage failed to provide good customer service and consumer advice with regard to this loan. 


Chronological Events : XX/XX/XXXX- Met to discuss refinance with XXXX XXXX, Mortgage XXXX, Benchmark Mortgage. 

XX/XX/XXXX - Signed XXXX XXXX and obtained Closing XXXX XXXX. 

XX/XX/XXXX - Closing Date for Loan XXXX ; Two Coupons provided at closing by Closing Agent to be used for payment to XXXX XXXX XXXX XXXX XXXX Benchmark Mortgage. The official at the closing said to send the first payment to Benchmark Mortgage Company. 

XX/XX/XXXX- XXXX to make our first payment, but we had not received coupon with monthly statement. Received an email on XX/XX/XXXX from a company called XXXXXXXX XXXXXXXX XXXX, advising of being a new mortgage provider. We had received NO correspondence by mail from a new company yet or any advisement from Benchmark that the mortgage had been sold. Phone call made to XXXX to confirm who/where to send first payment. He was unaware that the new mortgage had already been sold to a new company for servicing. We were advised again to send the first payment to Benchmark using the coupon provided to us at closing. XXXX specifically stated that the funds would be transferred to the new provider. 

XX/XX/XXXX - Mailed personal check # XXXX, in the amount of {$2300.00}, to Benchmark Mortgage using coupon provided at closing. 

XX/XX/XXXX - Correspondence package and documents from XXXX received in the mail. Phone call was made to XXXX ; spoke with ( XXXX XXXX advised her that we had already sent first payment to XXXX Benchmark Mortgage XXXX XXXX advised funds will be transferred and not to worry about late payment or XXXX XXXX. 

XX/XX/XXXX - XXXX pm email from XXXX XXXX, XXXX Servicing Accountant, Benchmark, XXXX XXXX XXXX XXXX XXXX TX XXXX Email advised payments are due to XXXX as of XX/XX/XXXX and requested check be returned to borrower by XXXX XXXX. Attachment to this email was a letter dated XX/XX/XXXX, stating that Benchmark was no longer forwarding loan payments in which servicing has transferred to a new investor, XXXXXXXX XXXX loan # XXXX. 

XX/XX/XXXX - Phone call to XXXX at number listed on email. Call could not be completed. Phone call to Benchmark Servicing Department and advised we could not reach XXXX, who was out of office! They would have team member return my call. Phone call from ( XXXX ) advised him to send my check back and to inform XXXX that I did not appreciate an email at XXXX pm, XXXX days before the due date of my first payment, when I had already made the payment XXXX days prior, as advised by Benchmark officials. 

XX/XX/XXXX - Phone call to XXXX XXXX, Benchmark Mortgage Officer, advising him Benchmark had done a serious disservice by selling our mortgage before the first payment was due. This is not what I would describe as adherence to a Benchmark Core Value ; Relationship Building, especially with a repeat customer who followed the Benchmark Mortgage XXXX 's instructions for making the first payment. I requested XXXX to register a formal complaint with the company. 

XX/XX/XXXX - Phone call to XXXX XXXX  ( spoke with XXXX ) requested information on how to make a timely payment, now due in two days. XXXX would only accept a direct withdrawal from a bank account ; a credit card payment would not be accepted. We did not want to start automatic payment withdrawals, since we had previously requested to receive statements each month to make our mortgage payments by check via US Mail. XXXX advised we had a fifteen day grace period to make the payment and not to worry about late payment or our credit score. 

XX/XX/XXXX - Mailed Check # XXXX to XXXXXXXX XXXX for XX/XX/XXXX mortgage payment, which was the initial payment for the new mortgage. 

XX/XX/XXXX - Received original XX/XX/XXXX check back from XXXX via XXXX. 


Complaint made by : XXXX and XXXX XXXX XXXX XXXX XXXX XXXXXXXX, KY XXXX Phone # XXXX or XXXX email : XXXX or XXXX XXXX",Mortgage,Trouble during payment process,2022-01-03T18:19:33.000Z,Web,8c21707c3d33,False,1109,2022,source,2022 | Mortgage,https://www.consumerfinance.gov/data-research/consumer-complaints/search/api/v1/5064838
5065233,"My Name is XXXX XXXX and on XXXX XXXX a letter was mailed to me from Santander Bank congratulating me on opening my new account with them. I received the letter in my mail on XX/XX/XXXX. The problem is that I did not open an account with them. I tried to contact the bank by telephone and after 30 minutes on hold I hung up and decided to go to a local Santander Branch. I am not nor have I ever been a customer of Santander Bank. I spoke with XXXX at the XXXX XXXX branch in XXXX MA and she helped me in contacting Santander fraud department. 
XXXX tried to be helpful. When the fraud department was contacted they took a statement from me and asked questions for their investigation. I was then told that the fraud department may or may not call me to ask further questions. Then I asked a few questions of my own. I asked for contact information for the fraud department to follow up on their progress on resolving the matter on the account. I was told that the fraud department does not have a contact phone number. I then asked how I would know things were resolved and the account closed. I was told to check with the credit agencies and to let them know that my identity was compromised, but gave me no indication that Santander, who opened the account, would let me know when this situation with them was resolved. 

I then asked if they had any information on where the account was opened and how much money was used to open the account and they were unwilling to give me any information. I have not opened a new bank account in a number of years, but I said I thought an ID and validation of a social security number were required to open an account. They would not answer that information other than to state it was possible for someone to open an account on line and would not answer me when I asked if they collected what I thought would be the proper documentation required to open an account. I became very frustrated as I am obviously a victim of identity theft and the bank was unwilling to help me gather details on the situation for me to report this to the government, the credit bureaus, and companies that I have a financial relationship with such as credit cards, my mortgage company, etc. 

Can you please explain to me what banks are required to do when opening an account. Specifically, what documents do they need to inspect before opening an account ( driver 's license? proof of residence? social security card? ) Also, I would like to register a consumer complaint on how I felt I was being stonewalled and restricted from obtaining information on the resolution of the specific transaction involving the theft of my ID with them.",Checking or savings account,Opening an account,2022-01-03T19:32:41.000Z,Web,af7c5c27bafc,False,490,2022,source,2022 | Checking or savings account,https://www.consumerfinance.gov/data-research/consumer-complaints/search/api/v1/5065233
5065158,"I have three zero-balance accounts with PNC Bank that I would like to close. 

At approximately XXXX eastern time on XX/XX/2022 I was connected with a representative who gathered my information, carried on a conversation, and asked how she could help. The call quality was pristine. As soon as I told her I wanted to close my accounts, she immediately said that she could not hear me. For roughly 90 seconds, I would say something, she would immediately say "" I can not hear you '' only after I spoke. When I pointed out that she only said that when I spoke, she quit responding and disconnected the call roughly 15 seconds later. 

Further attempts to request a callback or reach support via the @ PNCBank_Help XXXX account have not led to any communication from the bank, and since they do not offer an online account closure I am unable to close my accounts.",Checking or savings account,Closing an account,2022-01-03T19:34:54.000Z,Web,d1c0dce201df,False,154,2022,source,2022 | Checking or savings account,https://www.consumerfinance.gov/data-research/consumer-complaints/search/api/v1/5065158
5065485,"I have spent the last 1.5 hours trying to open a money market account with Sallie Mae I had an account several years ago. I tried to use the ID I had before and it returned an error that I do not have a current account. I tried to call and get help but no one was able to assist. i spoke with a man first who could not help. he transferred me to a voicemail that said everyone was out on holiday ( This is XX/XX/XXXX ) I called back twice and spoke with XXXX who was very unhelpful and hung up on me. I then spoke to XXXX. She tried to help but did not. 
I have spent TWO hours trying to set up a Savings account and customer care will not assist. 
This is ridiculous! Horrible customer service.",Checking or savings account,Opening an account,2022-01-03T20:02:16.000Z,Web,a31772b9ff7f,False,141,2022,source,2022 | Checking or savings account,https://www.consumerfinance.gov/data-research/consumer-complaints/search/api/v1/5065485
5065788,"I purchased a package of 15 Coolsculpting cycles from XXXX The total package was {$13000.00}. I paid {$3400.00} on XX/XX/2021 and I paid {$4000.00} on XX/XX/2021. I used 7 cycles, two of those cycles never properly attached to my skin and the tech noted that in my file. I tried to get a refund for the 8 remaining cycles and they refused to refund my money. Reflections response : XXXX, We have to pre-purchase the cycles, so they are non-refundable. I will be happy to get you scheduled for the remaining treatments at your convenience. Please let me know if you have any questions. 

Im not happy with the cycles that I received. 2 cycles which never attached to my skin which caused my abdomen to be uneven and it takes three months before you see results. 
On XX/XX/2021 I disputed the {$4000.00} charge from XX/XX/2021 and BB & T declined my requested because the disputed I submitted wasnt reviewed by someone in Fraud Protection by the deadline which put it over the deadline. I dont feel like its my fault as long as I disputed the charge prior to the deadline. Ive made several attempted to discuss this with BB & T and the issue still remains. There were a couple other charges I disputed around this time that were never resolved either. XXXX XXXX XXXX XXXX XXXX XXXX  and to be honest, I didnt really think or have time to go over my bank statements. At the time I wasnt worried about bank transactions. But when I was able to go over my statements, there were a couple of issues, a charge for a hotel that I was charged twice for, totaling {$860.00} and another duplicate charge from a moving company totaling XXXX.",Checking or savings account,Managing an account,2022-01-03T20:49:07.000Z,Web,39ddae1ab8dc,False,295,2022,source,2022 | Checking or savings account,https://www.consumerfinance.gov/data-research/consumer-complaints/search/api/v1/5065788
5065636,"On XX/XX/2022, I got a call from XXXX XXXX at Rocket Mortgage. I believe he found my number because my credit report had recently been pulled because we are working with a Mortgage Broker. He told me that he had received an application, which I assumed had been submitted by my mortgage broker. Based on his verbiage, I believed that he was working with her. I messaged my mortgage broker during the call and she said that was not the case. This was after I had already given him some information including my SSN. It appears that he pulled a credit report. I requested that he cancel my application. I received an email from XXXX that he ran my report without my permission.",Mortgage,Applying for a mortgage or refinancing an existing mortgage,2022-01-03T20:52:54.000Z,Web,4e2c45c1ade4,False,123,2022,source,2022 | Mortgage,https://www.consumerfinance.gov/data-research/consumer-complaints/search/api/v1/5065636
5066303,"I have experienced several ongoing problems with my Yamaha Motor Finance loan : - The company makes it extremely difficult to make payments above the minimum monthly payment amount in an effort to pay off the loan early. Payments above the minimum are applied to the next payments instead of principle - moving the payment due date far into the future instead. This is not clear anywhere on the website. I later found the only way to make such a payment is to pay by phone through a very lengthy process. Even then I am not able to actually make a payment purely toward principle- it will first apply part of the payment toward the next payment due first. In my case for example, my next payment due isn't for many months due to the problems noted above. This only compounds the problem noted above and keeps shifting the due date into the future and making it impossible to make a payment toward principle. 

- Amortization tables are not available and it is entirely unclear how interest is being accrued. For example, by paying down the principle earlier than the minimum payment schedule it is not clear if the interest being paid is being adjusted accordingly. 

- The loan information including loan balance on the website does not match up with the statements and payments made are not accurately reflected. It is entirely unclear if and how payments are being applied",Vehicle loan or lease,Managing the loan or lease,2022-01-03T23:16:22.000Z,Web,640e49e9dbdd,False,241,2022,source,2022 | Vehicle loan or lease,https://www.consumerfinance.gov/data-research/consumer-complaints/search/api/v1/5066303
5066368,"I have been a customer at PNC Bank since around XXXX. I have a checking account, and also own a debit and credit card. Around XX/XX/XXXX, I lost my debit card and I called PNC to report a lost card. The agent who received my call noticed that I had been a customer at PNC a long time and offered to upgrade my checking account to "" Performance Select '' because I had been a customer for PNC for a long time. I asked him if there were any fees associated with the account and he said no. I agreed to upgrading my account. 

On XX/XX/XXXX, I realized that PNC made {$25.00} service charges on my checking account for each statement in XX/XX/XXXX, XX/XX/XXXX, XX/XX/XXXX, XX/XX/XXXX, XX/XX/XXXX, and XX/XX/XXXX. 

According to PNC, the minimum balance for the checking account with Performance Select was {$5000.00}, but they did not inform me that there was a minimum balance requirement for the account. Additionally, I did not receive any email, mail, or phone notifications that my account was under the minimum balance requirement or that PNC was making service charges on my account each month. 

I called PNC to resolve the issue, and they agreed to waive the service charges in XX/XX/XXXX, XX/XX/XXXX, and XX/XX/XXXX. However, they refuse to forgive the service charges in XX/XX/XXXX, XX/XX/XXXX, and XX/XX/XXXX.",Checking or savings account,Problem caused by your funds being low,2022-01-03T23:18:57.000Z,Web,cb0e648dbe94,False,225,2022,source,2022 | Checking or savings account,https://www.consumerfinance.gov/data-research/consumer-complaints/search/api/v1/5066368
5067974,"XXXX Letter sent from the Maine Revenue Services indicating that I was past due on property taxes for XXXX. 
XX/XX/2021 ( approximately ) - I called Chase ( my service provider ) to discuss the situation. The issue was escalated and I was told it would be resolved within 14 days and I would receive notification of the result of the escalation XXXX I called the Maine Revenue Services to confirm that the property tax was paid. It was not. I also learned the tax payment was officially in default. 
XXXX I called Chase again to get a status on the situation. The agent confirmed that nothing had been done in the roughly 6 weeks since my last call. The agent escalated the case and indicated that again it would be 14 days and the issue would be resolved and I would receive notice of the outcome. 
XXXX I called the Maine Revenue Services to make payment for XXXX  plus 2 months of interest totaling {$1100.00} to mitigate any further interest due and damage to my credit. 
XXXX I called Chase to again see what the status of the situation is. Again, nothing has been done to resolve the issue. Again, this was escalated and will be yet another 14 days before I get any indication of what is going on.",Mortgage,Trouble during payment process,2022-01-04T14:48:18.000Z,Web,ea62d73d0db0,False,221,2022,source,2022 | Mortgage,https://www.consumerfinance.gov/data-research/consumer-complaints/search/api/v1/5067974
5067264,"I have an account with Firstmark Services that was co-signed. I have had this same issue before, but I have scheduled a payment to be made, and they are calling my co-signer and telling them that my loan is very late and has not been paid. Not counting the holidays and weekends, my loan is only XXXX  days late, and I scheduled to have the payment deducted on XXXX, but the payment has been scheduled since XX/XX/XXXX. Firstmark called me at XXXX on XXXX XXXX and did not leave a message, I was in a meeting and unable to return the call, nor was a message left for me to reference. It was not even XXXX minutes later they were calling my co-signer. They told her my payment was extremely late, and never once mentioned that I had a pending payment. That is a total lie. I have had this issue with them previously, and of course they tried to defend their position. Their payment collecting practices are false, misleading, predatory, and threatening. They also tried to lie and say that they never called her, which is totally false. My co-signer would have no idea the status of the loan without their phone call. In this kind of climate where people are unable to work and having to stay home from work with their children because of the pandemic, Firstmark should not be allowed to harass and intimidate their borrowers. I do not want Firstmark to contact my co-signer at all anymore. My payments are all up-to-date. Something needs to be done about this company.",Student loan,Dealing with your lender or servicer,2022-01-04T14:59:58.000Z,Web,c24544018919,False,265,2022,source,2022 | Student loan,https://www.consumerfinance.gov/data-research/consumer-complaints/search/api/v1/5067264
5067868,On XX/XX/XXXX I paid off lease account number XXXX in full to purchase a XXXX XXXX XXXX on XXXX website and I faxed over mileage odometer statement. I spoke to XXXX at Hyundai Finance XXXX on XX/XX/XXXX and she told me payment was received on XX/XX/XXXX and title should be mailed out on XX/XX/XXXX. I have since been talking with XXXX  Hyundai in XXXX where I originally leased vehicle to XXXX in Finance department XXXX regarding title that was lost in XXXX and duplicate registration fees of {$260.00} that are owed to me that paperwork was never returned to DMV before she started working at Hyundai. XXXX said she submitted application for duplicate registration fees and is about to submit title paperwork.,Vehicle loan or lease,Problems at the end of the loan or lease,2022-01-04T16:31:53.000Z,Web,9045dbdb3226,False,122,2022,source,2022 | Vehicle loan or lease,https://www.consumerfinance.gov/data-research/consumer-complaints/search/api/v1/5067868
5068349,"Loan was paid of in XXXX, they called a year later saying we owed more. We made another payment in XX/XX/XXXX for what they said the remaining was. After that they said we would receive a refund of the overage because we didnt owe. I received a statement today showing a credit of {$7600.00} and a net due of - {$6600.00}. We have overpaid almost {$15000.00} to keep them from trashing our credit and to get them to release the title. Called again today and Wells Fargo said they would send to there payoff department again and needed at least 3 days to look at it.",Vehicle loan or lease,Managing the loan or lease,2022-01-04T17:54:11.000Z,Web,03f7c804bb67,False,106,2022,source,2022 | Vehicle loan or lease,https://www.consumerfinance.gov/data-research/consumer-complaints/search/api/v1/5068349
5068165,"My spouse and I have had a VA mortgage with Amerihome since XXXX. We were listed as Joint Tenants on the deed. In XXXX of XXXX, my spouse passed away. In XXXX of XXXX, I refinanced the loan with another mortgage lender to remove my deceased spouses name from the deed and the loan. I paid the loan in full in XXXX of XXXX. There was an overpayment in the amount of {$5400.00}. I have been trying to recoup that amount since XXXX of XXXX. They sent me the balance in my husbands name in XXXX and I called and requested it be sent in my name since he was deceased and I could not cash it. They said they would. They then sent me the same check again in my deceased husbands name. I again called and said I needed it in my name, I could not cash a check made out to my deceased husband. They said they needed to make me successor on interest on the loan to make the check payable to me. I asked if we could start that process and asked for the documents needed. They requested my spouses death certificate, my ID, and a letter from the court. I submitted my spouses death certificate, my drivers license, and a letter from his estate naming me as the administratix. Later, they sent me a check made out to The Estate of XXXX XXXX. I called again and stated that his estate had been closed in XXXX and I could not cash the check and said I needed it in my name. They said they needed to make me successor of interest. I said I had already spoken to them about that and done what they asked. They said they didnt have enough documentation and the letter from the court wasnt sufficient, although I verified with the court and a real estate attorney that the document I submitted was the correct document to add my as successor of interest. At this point, I have called them every month since XX/XX/XXXX, and it is now XXXX. Every time I call im either told, the check is coming, or they dont have what they need and I will be asked for something new that was never requested prior. In XXXX they requested the current deed to the home to show I am the owner. I sent them - the Affadavit - Death of Joint Tenant ( by surviving spouse ) and the current Grant of Deed showing me as the new owner. I called on XX/XX/XXXX and the man I spoke with said they had everything they needed and I would be added and the check sent out. I just received a letter in the mail today, XX/XX/XXXX, stating they need the old deed showing us as joint tenants. I called and they are saying they can not add me as successor without that deed, although that has never been asked of me until now, they had possession of that deed the entire time they were the lender for the property, and they have the affidavit documents showing that we were indeed joint tenants and the property was transferred to me. At this point, I dont know what to do. It genuinely seems as if they are TRYING not to return my money. Please help.",Mortgage,Trouble during payment process,2022-01-04T18:00:55.000Z,Web,9b7804eb2599,False,558,2022,source,2022 | Mortgage,https://www.consumerfinance.gov/data-research/consumer-complaints/search/api/v1/5068165
5068657,"The lender denied by my request to cancel the mortgage insurance, citing a failure to meet FHA requirements. However, the lender did not specify which FHA requirements hadn't been met.",Mortgage,Trouble during payment process,2022-01-04T18:40:28.000Z,Web,3183b825e24f,False,30,2022,source,2022 | Mortgage,https://www.consumerfinance.gov/data-research/consumer-complaints/search/api/v1/5068657
5070327,"XXXX of XXXX advertise to sale car @ {$69000.00} on their website, and I confirmed about same to XXXX XXXX XXXX XXXX XXXX XXXX ). Dealership DSR website has buy now button page below : XXXXXXXX XXXX XXXX -- XXXX Once you fill up buy now form, it directs to credit application and I filled the same on XXXX XXXX. Their sale rep ( XXXX XXXX ) called me in the evening and told me, he may not have vehicle on the lot or even if it is there, they will charge $ 5k above MSRP. I have verbally denied buying the car above MSRP ( advertise price ) and therefore there was nothing to do on that deal any further. On XXXX of XXXX morning XXXXXXXX XXXX from dealership ran my credit application for no reason. We neither has pricing agreement or nor car finalized as well. I got to know after my credit monitoring tool triggered me messages for hard enquiry from them. I asked dealership on serval calls, why they ran my credit, and they kept kicking my call in between transfers. Finally in the evening XXXX original salesman called me and apologies for un-authorized credit run and offered me car at MSRP plus $ XXXX ( instead of $ 5k ). I still denied working on that deal as well. While I filed application online, as per their buy now flow suggested, however they do false advertisement on price of Car and force customer to buy add on product in the name of market adjustment. They are conducting shady business practices, where they my run credit without pricing agreement or even without finalizing vehicle itself. 

Thanks, and my best regards, XXXX",Vehicle loan or lease,Getting a loan or lease,2022-01-05T04:00:13.000Z,Web,34784b766bf8,False,285,2022,source,2022 | Vehicle loan or lease,https://www.consumerfinance.gov/data-research/consumer-complaints/search/api/v1/5070327
5075152,"To the best of my recollection : XX/XX/XXXX - following a near fatal medical complication I was unable to work. I was forced to give up my career, apartment and life in XXXX and return to XXXX to live with my parents at first until I was cleared to return to work. I was on XXXX at the time and my loans were deferred. 
XX/XX/XXXX - cleared to return to work, took a job in XXXX, XXXX  and moved into an apartment there, began repayment of student loans when I was able to do so, but was not making nearly enough monthly to cover loans let alone cover loans and live. Paperwork was completed for all loan servicers regarding XXXX and financial status. 
Following move to XXXX and moderate financial stabilization I reengaged in repayment of all federal and private student loans ; however I did not recall ever having a student loan with XXXX and was not paying. 
XXXX was not the originator of the loan, in fact they were the XXXX company to "" purchase '' the loan, which is from medical school. 
XXXX cleared to return to practice of Medicine and found position in CT XX/XX/XXXX moved to CT and about a year after move to CT started receiving mail, faxes and phone calls at the practice where I was working from representative of XXXX XXXX I Loans were placed on autopay but I had to mail a physical check to XXXX monthly. I never received any information, online support and got no balance information. I lived in house at XXXX XXXX XXXX from the time I arrived in CT until XX/XX/XXXX when I moved to XXXX. ALL other student loan service companies updated my address by me chaning it online, but that was unavailable at the time at of the move. XXXX claims to have sent letters, but they were still sending the information to my old address in XXXX. 
My next contact with XXXX was a fax to my old office ( where I no longer worked ) announcing that they had obtained a judgement agains me in PA court. I was assigned to XXXX law firm and "" PA debt collectors '' to pay down the judgement. There was nothing I could do at the time. Originally, they attempted to collected {$1000.00} as month but I said I could not afford that. What was subsequently taken was {$500.00} for nearly XXXX years. I NEVER received a single piece of main, balance, statement, etc. from XXXX law firm despite multiple attempts and requests. I was entirely ignored until I did what I thought might be effect and ensured that they wouldn't be able to college the autopay. I was call less than XXXX hours later demanding payment in full, threatening to go back to court, and when I asked for the documents I ask for for year but received I was told no. I said I wouldn't pay a dime until I knew I wasn't paying too much/more than owed. I left multiple messages which went unreturned with XXXX law firm. I have never met a single person works in that firm. I emailed and faxed multiple times, in a similar fashion to their scare tactics. 
I told XXXX I wouldn't pay unless provided the information and never was provided that information until the XXXX of XX/XX/XXXX. The paperwork provided still has no balance information, is inconsistent with the monthly withdrawal terms and has the WRONG ADDRESS AGAIN which is either poorly kept records, or simply their tactic to use in court. ( copy can be provided ). 
I have no idea how to make a payment aside from the phone, where I chose not to do, but requested enveloped from the company and got non. 
I worked very hard to come back from a life threatening illness which cost me a prestigious position at a gigantic academic medical school/hospital in XXXX as well as my apartment and friends. I was able to purchase a house and have made great strides in 6 years. XXXX law firm is viciously preditory, disorganized and treats the individual they are assigned collect from. 
I received an email the next day with documentation of the judgement that was obtained without my knowledge but stands today and an excel spread sheet of every payment I made. I NEVER missed a monthly payment through the COVID pandemic. I was NEVER provided any information on how I should deal with financial hardships during the pandemic. I have XXXX large federal loan which was immediately placed on hold and remains on hold until XX/XX/XXXX. I am prepared to begin payment again when required. When the payment was missed due to insufficient funds in my checking account, partially because I figured it would be the only way to get someone from their office to return a call, which is was, I was never asked if I had been impacted by COVID. I was threatened to be taken back to court two days after missing one payment in 4 years, which a global pandemic was worsening and in fact, my position was eliminated and I will be unemployed as of XX/XX/XXXX unless I am hired elsewhere. XXXX, nor the individual who emailed later, inquired about such matters because they have a judgement that, quite honestly, they never would have gotten had I been in court and been able to explain my side of the situation ( illness, ways I had works hard on financial stability, XXXX illegal tactics of sending documents to inappropriate addresses )",Student loan,Dealing with your lender or servicer,2022-01-05T06:44:56.000Z,Web,6a391c588636,False,930,2022,source,2022 | Student loan,https://www.consumerfinance.gov/data-research/consumer-complaints/search/api/v1/5075152
5075381,"Back in XXXX I refinanced my auto loan on my XXXX XXXX XXXX XXXX through Penfed Credit Union. As part of my refinancing process, my previous lender sent the title to Penfed Credit Union. From my interactions with Penfed credit union, my loan process was complete and started paying my loan. Out of nowhere I get a letter from PenFed credit union dated XX/XX/XXXX, that I failed to provide collateral for my loan so my rate was increased from 1.9 % to 14 %. I contacted PenFed and their representative said that they could not find my title information anymore so my rate increased even though I did not do anything wrong. Penfed never reached out to me to say there was an issue with my loan in the six months prior to this letter. Now on two occasions I have had XXXX XXXX XXXX send over the information and PenFed continues not getting or finding the information. 

The reps will not provide any alternate solutions and keep saying that I have to request a duplicate title from the Rhode Island XXXX. In Rhode Island, only the holder of the loan can request it which I have explained to them. They say they will not request the title as I am the car owner.",Vehicle loan or lease,Managing the loan or lease,2022-01-05T14:29:35.000Z,Web,66c3160fd3fc,False,214,2022,source,2022 | Vehicle loan or lease,https://www.consumerfinance.gov/data-research/consumer-complaints/search/api/v1/5075381
5075810,"Bank of the West XXXX XXXX XXXX Acct No. XXXX Payed off XX/XX/2021 Amount overpaid {$460.00}, XX/XX/2021 XX/XX/2021, Personally visited bank. Confirmed address and were told a check would be sent. 
XX/XX/2021 Via phone confirmed check was mailed. Address they used was in question so we were told that they would reissue check. 
XX/XX/2021, XX/XX/2021 and XX/XX/2021. Confirmed details said they would mail. 
XX/XX/2021, called again seems the results are always the same. Address was wrong AGAIN, and we confirmed address once again. 
We still have not received the money.",Vehicle loan or lease,Problems at the end of the loan or lease,2022-01-05T17:28:25.000Z,Web,07c707687048,False,90,2022,source,2022 | Vehicle loan or lease,https://www.consumerfinance.gov/data-research/consumer-complaints/search/api/v1/5075810
5080755,"My first student loan payment to Sallie Mae was due on XX/XX/2021 in the amount of {$310.00}. I can not afford this amount per month as I am in my first job since i graduated college. I have tried to get ahold of sallie mae on many different occasions and by many different ways of communication. Every time I call, I can not get to an agent because they are always "" busy '', even when i stay on the hold line for XXXX minutes. when I tried to communicate with them via their online chat system I went through the automated message system before choosing the option to speak with an agent and again was told that all agents were busy and I should try again at a later time/date. Additionally, in my time chatting with the automated message system, i was told that sallie mae does not offer any type of income based repayment options and only offer deferment for those participating in an internship or residency. This causes concern that I will not have another option, especially considering they are almost impossible to get ahold of regardless of how much they preach that they are there for work with you.",Student loan,Struggling to repay your loan,2022-01-06T17:15:38.000Z,Web,5938400a6142,False,203,2022,source,2022 | Student loan,https://www.consumerfinance.gov/data-research/consumer-complaints/search/api/v1/5080755
5081214,"I have qualified for XXXX XXXX XXXX XXXX since XX/XX/2021. I submitted my XXXX form for it to be rejected for information that was provided in the form. On my XXXX form, it clearly indicates that I am still employed with my qualifying employer but my application got rejected because "" Your employer provided an employment end date on your XXXX Form that is more than 60 days prior to the date we received your form. Therefore, we are unable to confirm if you are still employed with that employer. You must be employed full-time by a qualifying employer when you apply for and receive forgiveness under XXXX or XXXX. '' I've tried calling customer service since XX/XX/XXXX to no avail. On the main Fedloan number, I'm on hold for 90+ minutes, only to have the call disconnected. This has happened numerous times. I've called a Fedloan contact by the name of XXXX and left messages. She has not returned my calls. I've messaged Fedloan on XXXX and received no reply back.",Student loan,Dealing with your lender or servicer,2022-01-06T19:18:13.000Z,Web,d92e7e2ad41d,False,172,2022,source,2022 | Student loan,https://www.consumerfinance.gov/data-research/consumer-complaints/search/api/v1/5081214
5082295,"this is a response to exeter finance who stated i said i stated that the account is fraudulent. however, i did not say this. in the email i sent them, i stated : "" to whom it may concern, i will need my loan and account closed. i was the victim of fraud and identity theft, someone went around using my social security number without my knowledge and consent. my account number is XXXX my name is XXXX XXXX XXXX my social security number is XXXX i want you to report to credit bureaus about this to remove account information, i do not want to take any chances with this. please do so, thanks. and please come and get your vehicle that was financed. i had to file a police report and i have filed an ftc id theft report as well. thanks '' i stated i did not want to take any chances on this with my ssn being used without my consent. this is why i reported your company to the NC DOJ recently because of stuff like this. i fought hard for this country and you should do something about this account and vehicle. i surely hope you get your business shut down by the NC DOJ because of this kind of stuff. thanks",Vehicle loan or lease,Managing the loan or lease,2022-01-07T17:18:30.000Z,Web,7432b0fbcdeb,False,217,2022,source,2022 | Vehicle loan or lease,https://www.consumerfinance.gov/data-research/consumer-complaints/search/api/v1/5082295
5084768,I applied for the public service loan forgiveness program and was accepted. I have made on time payments since 2001 and worked for the federal government for 10 years thus making me eligible for the program. However I received a communication from Fed Loan Servicing stating that I need to make 101 more payments for the loan forgiveness to occur. I believe this is inaccurate and would like forgiveness applied to my loan now.,Student loan,Dealing with your lender or servicer,2022-01-07T23:41:55.000Z,Web,0883c0491538,False,74,2022,source,2022 | Student loan,https://www.consumerfinance.gov/data-research/consumer-complaints/search/api/v1/5084768
5083409,"For months on end ever since I purchased my band new car back in XXXX, I experienced difficulties getting coupon payment booklets. Not only that, the most important part is I am not able to log in with my credentials to SUBMITT PAYMENTS TO FIFTH 3RD 'S BANK PORTAL! THIS HAS BEEN AN ONGOING PROBLEM FOR OVER TWO MONTHS NOW AND STILL NOT RESOVLED. 

I HAVE A MASTER 'S DEGREE IN ENGINEERING WITH TWO UNDERGRADUATE DEGREES, ONE IN MATHEMATICS, THE OTHER IN COMPUTER SCIENCE. 

These people are deliberate preventing me from logging into the Portal to submit payment. Everytime I call for help, I keep getting there phone automated system such that the ask me for account information or SS #. 

I provide my SS # everytime and they can not verify and validate my identity. Its completely ridiculous they are doing this ; my auto loan with XXXX XXXX was never a problem, my two other Auto Loans with XXXX XXXX XXXX XXXX has not ever been a problem. 

However, Fifth 3rd Bank does not allow me to provide my correct login credentials.",Vehicle loan or lease,Managing the loan or lease,2022-01-08T00:17:01.000Z,Web,bab721081efb,False,184,2022,source,2022 | Vehicle loan or lease,https://www.consumerfinance.gov/data-research/consumer-complaints/search/api/v1/5083409
5086508,"This vehicle has not been in my possession since 2019. It is my ex husbands account. I have attempted to fix things with the company but they refuse. It is not mine, and the property was stolen in 2019. I am XXXX XXXX XXXX and it occurred when I was in XXXX XXXX",Vehicle loan or lease,Incorrect information on your report,2022-01-08T18:01:17.000Z,Web,e263bbb45654,False,53,2022,source,2022 | Vehicle loan or lease,https://www.consumerfinance.gov/data-research/consumer-complaints/search/api/v1/5086508
5085395,"On XX/XX/XXXX I purchased a used car and financed {$29000.00} with Capitol One Auto Loans. I signed up online for automatic payments and chose the "" weekly payments '' option offered by Capitol One. The first payment as made automatically on XX/XX/XXXX, second payment on XX/XX/XXXX but then I was charged a late fee on XX/XX/XXXX. On XX/XX/XXXX I received a call from Capitol One saying I was delinquent, I was able to get them to agree that I wasn't delinquent. As of XX/XX/XXXX my account still shows I'm delinquent and that I've been assessed a late fee. I called Capitol One today, XX/XX/XXXX, they wanted to grant me a one time late fee forgiveness but I should never have been charged a late fee in the first place. I refused the offer and got them to agree that I shouldn't have been charged a fee in the first place. They claim that they will correct my account once the claim is reviewed by another department. I'm filing this complaint because this should never have happened in the first place and if I hadn't been vigilant about checking my account I could have paid several incorrect fees and possible damaged my credit. To me this seems to be a trap set up by Capitol One to get consumers to pay fees that never should have been charged in the first place, if it happened to me it must be a common occurrence.",Vehicle loan or lease,Managing the loan or lease,2022-01-08T18:54:31.000Z,Web,e1759655111c,False,242,2022,source,2022 | Vehicle loan or lease,https://www.consumerfinance.gov/data-research/consumer-complaints/search/api/v1/5085395
5087800,"I turned in early a leased BMW vehicle. The BMW Lessor was BMW financial services NA , LLC. I turned in the vehicle 67 days before lease maturity. 
BMW Financial services are denying me due process per California Vehicle Leasing Act. They are billing me for the remaining balance right away and they collected {$2500.00} from me.

According to California Vehicle Leasing Act Civil Code ( & & 2985.7 - 2993 ), the California Supplement to the Federal Consumer Leasing Act ( 15 U.S.C & & 1667-1667t ) BMW Financial services should have allowed the following before starting to collect debt from me : The due process allows waiving of the remaining lease payments and any fees if the vehicle appraised value or in case of no appraisal, the wholesale value of it exceeded the Gross Early Termination Allowed. 

Instead BMW Financial services refused to allow for appraisal of the vehicle and they replied to me that selling the vehicle is their business and they will not disclose any sale price. 

This is a violation of California vehicle leasing act which is a supplement to the federal leasing act.",Vehicle loan or lease,Managing the loan or lease,2022-01-09T20:28:37.000Z,Web,12517a7398bd,False,189,2022,source,2022 | Vehicle loan or lease,https://www.consumerfinance.gov/data-research/consumer-complaints/search/api/v1/5087800
5099033,"Nelnet student loan servicer started charging me for my loans on XX/XX/XXXX, before President Joe Biden 's first pause was set to expire in XXXX of XXXX. This is causing my account to be past due and they are charging me interest and fees. When I asked why they were charging me before the federal pause mandate was over, they did not have an answer. Furthermore, they said the only way that my account could be made current without paying the full amount due, which is now at {$1700.00} was to consolidate my loans and roll the past due amount into a new loan. They keep calling for payment, and provide no answers or other options.",Student loan,Struggling to repay your loan,2022-01-11T18:36:39.000Z,Web,ecb5ada0e38a,False,116,2022,source,2022 | Student loan,https://www.consumerfinance.gov/data-research/consumer-complaints/search/api/v1/5099033
5104737,"I was informed in XXXX of XXXX I had three defaulted student loans from XXXX. I had nor graduated from high school yet. These loans are not mine! The debt collector, ECMC has inky provided four pieces of documentation along with one forged promissory note. The bank said I did not have an account with them. I am unable to attend school due to this. I am submitting the identity theft packet with this complaint. ECMC has not verified this alleged debt in over 90 days.",Student loan,Dealing with your lender or servicer,2022-01-12T22:16:03.000Z,Web,f8e1102d1eac,False,86,2022,source,2022 | Student loan,https://www.consumerfinance.gov/data-research/consumer-complaints/search/api/v1/5104737
5107364,"In XX/XX/XXXX, I graduated from law school. In XX/XX/XXXX, I got my first job out of law school. I was earning {$40000.00} a year, and had about {$200000.00} in student loan debt. At or about the same time, I contacted my student loan provider, Navient, about my repayment options. I was told I did not qualify for income-based-payment due to my loan type, so I was forced into the standard repayment option where I has to make payments in the amount of approximately {$2000.00} per month. This was an incredible hardship. In or about XX/XX/XXXX, I was fed up and called Navient again, and was now told that I did qualify for income based payments. This brought my student loan payments down significantly. I did not pursue the matter further, simply happy that I could afford to live. Fast forward to today, when I heard about the Navient student loan settlement and learned, for the first time, that I was not the only one they did this to. I also see that the proposed reimbursement for each eligible borrower is about {$200.00} ( a small amount compared to the $ XXXX taken ). I do not if there is anything that can be done at this point, but I want to at least file the complaint so that this does not go unheard.",Student loan,Dealing with your lender or servicer,2022-01-14T01:42:26.000Z,Web,a3e1e188c4aa,False,223,2022,source,2022 | Student loan,https://www.consumerfinance.gov/data-research/consumer-complaints/search/api/v1/5107364
6353550,"I have a parent loan through Navient. I have noticed that there are several lawsuits against them for misleading customers on repayments. I looked at my account that I have been paying on for about 11 years, and the amount I still owe is more than what I originally took the loan out for. how can I get this resolved?",Student loan,Dealing with your lender or servicer,2022-12-22T17:13:16.000Z,Web,45d5a872e516,False,60,2022,source,2022 | Student loan,https://www.consumerfinance.gov/data-research/consumer-complaints/search/api/v1/6353550
6358025,Legally my loans are past the statue of limitations. I haven't been able to repay most of them for over 8 years and in the state of Oregon this puts these loans past the point of being able to collect on. I have 4 loans through navient that are private/ consolidated. They have been sent to collections and I still recieve calls and emails which is in my understanding illegal.,Student loan,Dealing with your lender or servicer,2022-12-23T13:28:46.000Z,Web,97be2007b285,False,70,2022,source,2022 | Student loan,https://www.consumerfinance.gov/data-research/consumer-complaints/search/api/v1/6358025
6356745,Called XX/XX/XXXX to request refund timeframe that I was told was 60 days. Called several times to follow up and I was told several times that request has been submitted. I called again XX/XX/XXXX way past 60 days only to be told that request wasnt properly submitted and now will need to reset the clock and will take another 90 days.,Student loan,Dealing with your lender or servicer,2022-12-23T20:24:53.000Z,Web,fc70a742b2b3,False,61,2022,source,2022 | Student loan,https://www.consumerfinance.gov/data-research/consumer-complaints/search/api/v1/6356745
6356443,"Mohela is incorrect with their calculations of of XXXX qualifying payments. Before the pandemic payments from XXXX we're certified by XXXX XXXX and was previously included in my qualifying payments count. Mohela do not have these months included in there XXXX qualifying payment count. In addition periods from XXXX has not been added. I was advised by a representative from Mohela, that I would need to submit a reconsideration to studentaid.gov to have periods for Americorps to be counted. I do not understand why a second reconsideration needs to be submitted when studentaid already approved those payments when my account was with XXXX XXXX. Mohela continue to send duplicate letters acknowledging the XXXX qualifying payments, but again the agency is not addressing the periods that I repeatedly outline. I know the pandemic qualifying payments have not been added to my calculation, but my issue is regarding my prior qualifying payments. Why would XXXX qualifying payments not match Mohela 's. There is a complete disconnect. And I have submitted a copy of my XXXX XXXX notice several times as well.",Student loan,Dealing with your lender or servicer,2022-12-23T21:18:50.000Z,Web,5daef4c2bb27,False,179,2022,source,2022 | Student loan,https://www.consumerfinance.gov/data-research/consumer-complaints/search/api/v1/6356443
6367336,"When I called to postpone my XX/XX/XXXX payment to be withdrawn in early XXXX, I was told by an agent that my monthly payment had gone down from {$1200.00} to {$520.00}. I asked the agent multiple times to make sure this was correct, I let him know that I had multiple loans and maybe he was reading something wrong. He assured me that {$520.00} was my new payment going forward. I went onto the website to see the amount due for XX/XX/XXXX and confirmed that it was {$520.00}. The agent and I made a new automatic payment arrangement for the new monthly amount due. When I called in XXXX to postpone my XX/XX/XXXX payment to early XX/XX/XXXX, I was told my account was past due {$920.00}. I was told that the agent I spoke to in XXXX was new and gave me incorrect information. I was told that not only had my payment not gone down, it had gone up from {$1200.00} to {$1500.00}. I let the supervisor know that I could not afford that and could not even afford the previous payment of {$1200.00}, which was a lowered payment agreement I had made about two to three years prior, after being told multiple times that I did not qualify for a lower payment based on my income. The supervisor checked my account in this instance in XXXX and once again told me that I do not qualify for a lower payment based on my income. The best she could do was to lower my payment by $ XXXX if I payed interest only every month. I was told that my monthly payment had gone up due to an interest rate increase, which I do not believe since I recall my interest rates being considerably higher when my payment of {$1200.00} was set in place. I am struggling financially with this supposed error made in XXXX since it has resulted in a now {$2400.00} past due amount in addition to {$48.00} in unpaid fees. Since I was unprepared to make my XXXX payment of {$1500.00} XXXX asked to make the {$520.00} payment as planned for XXXX in early XXXX, and I would begin making the new {$1500.00} at the end of XXXX. This new payment along with slowly bringing the past due current is going to further make it difficult to meet all of my monthly obligations, pay for my health care, and put food on the table as it takes roughly 50 % of my income. These difficulties have been present and insurmountable for years because if Navient and are now made even worse.",Student loan,Dealing with your lender or servicer,2022-12-27T17:29:59.000Z,Web,8d4a6831c128,False,435,2022,source,2022 | Student loan,https://www.consumerfinance.gov/data-research/consumer-complaints/search/api/v1/6367336
6365708,"I submitted a prior complaint, reference # XXXX. I am still receiving harassing communication from Bridgecrest. See attached documents.",Vehicle loan or lease,Managing the loan or lease,2022-12-27T23:03:16.000Z,Web,b2b726ab5e55,False,19,2022,source,2022 | Vehicle loan or lease,https://www.consumerfinance.gov/data-research/consumer-complaints/search/api/v1/6365708
6365130,Wells Fargo issued financing at higher rate off credit report .... credit report was supposed entered wrong. Received letter from Wells Fargo with correct credit score. Contacted Wells fargo... they sent out letter just indicating financing was done with correct credit score.,Vehicle loan or lease,Getting a loan or lease,2022-12-28T03:07:37.000Z,Web,dabfc5b3a584,False,42,2022,source,2022 | Vehicle loan or lease,https://www.consumerfinance.gov/data-research/consumer-complaints/search/api/v1/6365130
6368817,Got loan with co-signer not signing or permission. I was mentally unstable senior citizen on a fixed income. Couldnt afford loan payments,Vehicle loan or lease,Getting a loan or lease,2022-12-28T10:34:05.000Z,Web,0ca898a362e1,False,22,2022,source,2022 | Vehicle loan or lease,https://www.consumerfinance.gov/data-research/consumer-complaints/search/api/v1/6368817
6372344,"I have applied for PSLF through my servicer, MOHELA, and subsequently received incorrect information concerning the number of qualifying payments. When I contacted them, which took over 2 hours on hold numerous times, I was told they were aware of it and they were mailing out incorrect information to everyone. Later, I received a rejection letter stating that my employer is not a Public Entity. XXXX XXXX XXXX XXXX XXXX XXXX XXXX XXXX I don't know how much more public I can get. I have since reapplied, before the XX/XX/31 deadline, but have yet to hear back. Calling no longer does any good. After 2 hours and 16 minutes on hold their system automatically hangs up on you. I've documented this numerous times, with numerous phones, over 2 different wireless networks. They are completely incapable of handling the volume of business they have taken on. Thank you in advance for any help in this matter.",Student loan,Dealing with your lender or servicer,2022-12-28T16:51:51.000Z,Web,3ccb230f6873,False,155,2022,source,2022 | Student loan,https://www.consumerfinance.gov/data-research/consumer-complaints/search/api/v1/6372344
6371400,"I submitted my application for PSLF based on federal employment in XXXX 2022. I received a notice in the mail approximately XXXX 2022 stating that there was additional information required. Due to the length of time it took to receive the notification in the mail, it was outside of the window to provide an update, and required a new application, which I submitted via fax XX/XX/2022 and there was no response from MOHELA. A second application was submitted in XXXX 2022 via USPS mail service ; to date still no response. I checked their website and there has been no updates to my account since XX/XX/2022. I have no knowledge of the status of my application, or if it was even received. There is no response from MOHELA and attempted phone calls have been met with XXXX hours wait time and the inability to reach an actual human with whom I can speak. As the contracted provider for PSLF, the lack of communication and reporting of status if unacceptable. The deadline for submission has come and gone, and I have no idea if my application was even received in time based on the lack of updates from MOHELA. I need to know if my application was received and is being processed to have my loans transferred to MOHELA as the sole servicer for PSLF.",Student loan,Dealing with your lender or servicer,2022-12-28T20:37:11.000Z,Web,4777797e0345,False,224,2022,source,2022 | Student loan,https://www.consumerfinance.gov/data-research/consumer-complaints/search/api/v1/6371400
6377363,Went to XXXX XXXX nissan in XXXX to buy a car with a friend of mine who agreed to help me by cosigning the salesman understood i couldnt get vehicle without a cosigner so after all the paperwork was dot pne i thought it went well a week later i check the website for the account an learn we were a victim of Bait an Switch scam i was not the buyer i was the cosigner an my friend was the buyer not any paperwork i recieved at the dealership says im cobuyer the paperwork the dealer sent to finance company is not the same that was giving to me when i requested copy of the contract the finance company recieved an compared it to what i got its missing multipages dollar amounts change completely different i also noticed my copy of the contract does not have my signature nor my friends.,Vehicle loan or lease,Getting a loan or lease,2022-12-29T12:57:06.000Z,Web,3853c56344dc,False,152,2022,source,2022 | Vehicle loan or lease,https://www.consumerfinance.gov/data-research/consumer-complaints/search/api/v1/6377363
6377356,"I spoke to Mohela about my loans and they told me I had to re-submit an XXXX. This information is inaccurate because my XXXX  confirmation is not until XX/XX/XXXX. Now, I have to make payment on income on XXXX taxes which was inflated due to unemployment I received in XXXX. I will not afford the cost based XXXX that income from 2 years ago. I need help removing my recent XXXX  income submission. Thank you,",Student loan,Dealing with your lender or servicer,2022-12-29T14:13:25.000Z,Web,29122f518d7e,False,75,2022,source,2022 | Student loan,https://www.consumerfinance.gov/data-research/consumer-complaints/search/api/v1/6377356
6376740,"I've been in the process of XXXX loan forgiveness. Was transferred from XXXX  to mohela even though I was already past the XXXX payments. Everything is taking months to process, it's impossible to get someone on the phone to explain what is happening, and the entire process has been the least transparent experience I've ever had with any loan or financial service in my life. It's not all on Mohela, also dept of ed., but it seriously undermines the entire point of the reforms to the system in the first place.",Student loan,Dealing with your lender or servicer,2022-12-29T16:17:49.000Z,Web,4fdb53af5b3c,False,91,2022,source,2022 | Student loan,https://www.consumerfinance.gov/data-research/consumer-complaints/search/api/v1/6376740
6376840,"Under the Financing Federal Law Section 15,16,35 it states that it is illegal for a financing company to require me to put a down payment on my car I bought. Since I am financing it, it's covered under the financing agreement. I am hereby requesting a refund of {$2600.00} that I paid.",Vehicle loan or lease,Managing the loan or lease,2022-12-29T18:04:22.000Z,Web,a95a14d60286,False,52,2022,source,2022 | Vehicle loan or lease,https://www.consumerfinance.gov/data-research/consumer-complaints/search/api/v1/6376840
6375602,"Re : Loan Payoff - Estate of XXXX and XXXX XXXX XXXX XXXX # XXXX SSN ending in XXXX To Whom it May Concern : As requested, we received a payoff letter enclosed with astounding fees of a foreclosure proceeding. Based on our court hearing, the motion for XXXX and XXXX was ordered, adjourned, and decreed that the file be declared inactive rendering file inactive. The judge, in our favor granted to suspend any actions of foreclosure proceeding. Unknowingly of fees not mentioned. To include, our title does not hold any liens of balances with the exception of a mortgage amount of {>= $1,000,000} We have contacted by phone, both XXXX and XXXX and LoanCare , LLC for dignified actions, but was to only be diverted to one another to resolve. This letter is to kindly plead a request of the immediate cancellation of the fees in the payoff of the mortgage effective XX/XX/2022. Our good faith has provided upkept payments to LoanCare , LLC to the home for preservation and maintenance. In receipt, please provide an updated payoff letter for us to file with the Estate. 

Should you need to contact us, please do not hesitate to call at XXXX. We thank you in advance for your expeditious actions, and consideration in this matter. 

Sincerely, Heirs to the Estate of XXXX and XXXX XXXX, XXXX XXXX XXXX XXXX XXXX",Mortgage,Closing on a mortgage,2022-12-29T18:22:56.000Z,Web,c70273f03a0a,False,230,2022,source,2022 | Mortgage,https://www.consumerfinance.gov/data-research/consumer-complaints/search/api/v1/6375602
6375581,"I am a creditor in the XXXX  bankruptcy. I have notified naviant and XXXX multiple times that I will not be making payments until there is a resolution. They continue to harrass me and make up stuff, and attempt to intimidate me, and even hang up on me when I return their unlawful and harrassing calls.",Student loan,Dealing with your lender or servicer,2022-12-29T20:49:15.000Z,Web,b2ca42f7a547,False,56,2022,source,2022 | Student loan,https://www.consumerfinance.gov/data-research/consumer-complaints/search/api/v1/6375581
6374997,"Consumer Financial Protection Bureau ( CFPB ) - Cardinal Financial complaint : In XXXX of XXXX, XXXX was laid off due to COVID. 

We contacted our mortgage company Cardinal Financial to see what sort of COVID relief programs they offered. 

I filed for forbearance on their website, and they informed us over the phone that we were accepted for forbearance, and didn't need to do anything else. They told us after forbearance, the owed amount would be moved to the end of the loan, and we could resume payment as normal. 

As we struggled financially, Cardinal kindly continued our forbearance period. We would update them periodically to let them know our current financial situation. 

In XXXX of XXXX, we contacted Cardinal to update them and get an update on our status. We were told our forbearance was still active, but we would need to resume payment as soon as we could. 

In very late XXXX of XXXX, we contacted Cardinal financial so we could resume payment. We were told we owed {$18000.00} ( I'm not sure of the exact dollar amount ), and we would need to pay that first in order to resume normal payments. We told them we thought that balance was supposed to be moved to the end of the loan, and we would pick up with normal payments. They told us we could easily do that, all we needed to do was fill out the loss mitigation paperwork. I asked them to email me the paperwork, which I received on XX/XX/XXXX of XXXX. 

We were out of town visiting my XXXX XXXX XXXX grandmother, and began working on the paperwork when we got home. I filled it out to the best of my ability, but did not fill out the third party authorization form as I did not want them to discuss this with anyone else. I am a XXXX XXXX XXXX XXXX, so I did not fill out the form for my personal employment information. I contacted them to let them know I would be submitting the paperwork on Friday, XX/XX/XXXX of XXXX. I wanted to know the quickest way to send it to them, and they told me the email address to send it. They told me I would receive a reply email within 5 business days letting me know it was received. 

After 5 business days, I did not receive an email nor a phone call. I called to find out the status and ask if I could make a payment right then over the phone. They told me I was not authorized to speak on the account since I was a non-borrower. I was confused and frustrated, as I had already been added as an authorized person on the account. Every time we called, XXXX  had to give authorization over the phone. We were finally told if he sent an email, I would then be added to the account. However when I called to find out about the loss mitigation status, they told me I was authorized in the other department, but not the loss mitigation department. I asked what I needed to do, and they told me the third party authorization form would suffice. I told them I would fill it out right away and email it to the same email. I decided to fill out the employment form as well just in case. 

After sending in the email and not receiving a reply receipt, I called once again. I was then told the pay stubs we submitted had expired, and we needed to send in the latest 3 months. I told XXXX  and he emailed them to me. I sent another email with the updated pay stubs. I called again 2 days later, and was told the paperwork was not complete. I filled out the entire packet again, and emailed it to them. Again, I never received a reply email so I called. They told me a form was improperly signed and it would need to be resubmitted. I emailed the form again and called again since I did not receive a reply. 

At this point they said the pay stubs were expired, and I did not sign and date a form correctly. I once again completed the entire packet and emailed it again. Again I never received a receipt reply. I called them again asking to make a payment. Never talking to the same person, I asked for an update and told them I really want to resume payment so we wouldn't have to worry about this anymore. I asked if there was a date I needed to be concerned about several times, and they always said no. 

On XX/XX/XXXX of XXXX ( which was a Friday ) I again called to make a payment. They told me I couldn't because the paperwork didn't appear to be complete and had not been processed. I said I would call again on Monday, and they told me they would be closed for the holiday and I could call Tuesday. I again asked if there was a date I needed to know about because I was very stressed about the whole situation. They told me no, but I could call THEIR foreclosure attorney. I asked why, stating that I would want to talk to my own council first. I asked again if there was a date, and they said no, but they may not be able to get through the paperwork in time. I got really freaked out and asked what that meant, and they told me they didn't know. 

On Tuesday, XX/XX/XXXX, I called to see if I could make a payment. I was placed on hold for over an hour, and then got hung up on. Before I could call back, a man and woman rang our doorbell and told us they just bought our house through an auction. We thought it was a scam and kindly asked them to leave. 

I immediately got back on the phone and called Cardinal. I told them I originally called to make a payment, was placed on hold, and hung up on. My more urgent question at that moment was why there was a man and woman at my door claiming they bought my house in an auction! The Cardinal employee told me that was not right, and transferred me to another department. I asked the same question, and was then told our house was sold in auction that morning because we never made a payment. I was furious and hysterical telling them how much I called and tried to PAY THEM! Once again I was referred to their foreclosure attorney. I got on the phone and started calling my own attorney. That's when I was connected with XXXX XXXX who took over our case.",Mortgage,Struggling to pay mortgage,2022-12-29T22:46:14.000Z,Web,c7a2799ef054,False,1132,2022,source,2022 | Mortgage,https://www.consumerfinance.gov/data-research/consumer-complaints/search/api/v1/6374997
6380940,"I filed a complaint in XX/XX/XXXX and it was marked complete. The company did not provide information from XXXX of the notification. Mr Cooper failed to pay my insurance in XXXX. Paid the wrong insurance company despite the notification of change in XXXX and failed to notify me of the rejection of renewal ( there wasn't one ) and return of the payment and it caused a lapse in coverage. They don't want to take responsibility for the mistake at all. I'm paying the price now. 

Mr Cooper was given the new insurance in XX/XX/XXXX. Where are the letters from XXXX? They haven't provided any to date and I have requested them. Mr Cooper never informed me that they didn't pay my insurance in XXXX of XXXX. In fact they paid the wrong company and never informed me after the payment was sent back in XXXX. Yes XXXX letters were sent out AFTER I contacted Mr Cooper for again sending the payment to a company that i had in XXXX. I contacted Mr Cooper for non-renewal. Mr Cooper caused the lapse in coverage and the insurance premium increase. I am requesting to see the XXXX notices of coverage rejection and renewal notices from XXXX not XXXX. This could have and should have been avoided had they informed me that the insurance wasn't acceptable and wasn't paid or had they given me proper notification after i sent the new insurance company to them. The old insurance notified them in XXXX XXXXXXXXand they notified Mr Cooper via a letter yet the disbursement went out anyway. Mr Cooper claimed they never got the letter so i had the company resend it. Mr Cooper got the returned payment and didn't ask any questions, they hust applied it to escrow or cut a check to me. I made extra payments and because there was no explanation on insurance i thought it was the overpayment they were returning. Mr Cooper isn't taking responsibility there either. 

Another letter was sent to Mr Cooper ( XXXX ) notifying them that they were no longer the insurance company. Mr Cooper did nothing in XXXX and they have the option to do nothing about the lapse. It's their mistake too. XXXX is gone why am I paying for their mistakes? XXXX is alot for ne to pay for someone else 's mistake and failure. The same company i have now isvthe sane company they were given in XXXX and failed to process it or notify me of any problems. Can I please see letters from XXXX of the non-renewal and returned funds from XXXX and notification to me in XXXX of no coverage. The call log would be nice too because I called them several times in XXXX and they never said anything about the new company being a problem and they still sent a payment to the old company after I notified them of the new company.",Mortgage,Trouble during payment process,2022-12-30T13:15:27.000Z,Web,3d9aa8de7970,False,488,2022,source,2022 | Mortgage,https://www.consumerfinance.gov/data-research/consumer-complaints/search/api/v1/6380940
6380596,"I made a fraud complaint on XX/XX/2022 of {$50.00} it was investigated and approved on XX/XX/2022. I was told to go to my local branch to receive a new card. I went in to the branch and received a new card. I used the card on XX/XX/2022 at XXXX for {$12.00} and the card worked this was at around XXXX. I went to the grocery store at XXXX and my card didnt work. I called Navy Federal Credit Union and they told me that my Debit Card was suspended for 1 year. They never gave me notification that they were going to suspend my card and this left me at such a disadvantage as I had no access to my money. I couldnt purchase food to eat and should an emergency had arisen I had no way of obtaining my money. 
I called and spoke with a supervisor at Navy Federal Credit Union this morning XX/XX/2022 and was told that they placed the suspension upon my Debit Card because I was irresponsible. 
I asked was it because I filed FRAUD? she said yes! I asked had I done anything fraudulent and she said no! Its because Im irresponsible with my Card which allowed the fraud. 
In my defense I have never ever misused my Debit Card. Ive been a member for 7 years at Navy Federal Credit Union and Ive never ever done anything that I wasnt supposed to do as a member. Now they are punishing me because I submitted a FRAUD which we as members our allowed to do. But, Navy Federal Credit Union is punishing me for this by suspending my Debit Card. I also filed a complaint with XXXX prior to going to my bank. 

I have attached supporting documentation. 
What they did was evil and malicious as they did this with out notification which left me helpless and without access to my funds",Checking or savings account,Managing an account,2022-12-30T15:34:04.000Z,Web,dd73a2a43e82,False,318,2022,source,2022 | Checking or savings account,https://www.consumerfinance.gov/data-research/consumer-complaints/search/api/v1/6380596
6379671,"After submitting a complaint Santander Consumer USA has done a profile review and removed {$10.00} following this activity have closed the account after trying to collect after writing it off on taxes. I DO NOT AND DID NOT CONSENT to the furnishing of this information. I am aware that I have the right to privacy of my non public personal information in accordance with 15 USC 6802 and I am exercising that right and demanding that the furnishing of this information be removed from my consumer report and not be reported by your company to neither CRAS ( XXXX, XXXX, XXXX ). 

Santander Consumer USA did not disclose to me my right to opt out of disclosure of my non public information. I was not given the opportunity to opt out out of the disclosure of my non public personal information and I was not given any directions on how to exercise my right to opt out of said disclosure in accordance with 15 USC 6802 ( b ) ( a ) ( A ) ( B ) ( C ) for failure to comply with these requirements. Santander Consumer USA is in violation of 15 USC 6802 ( b ) ( a ) ( A ) ( B ) ( C ) for failure to comply with these requirements. 
I have asked this company to CEASE AND DESIST of all illegal activities, including reporting which constitutes collection activities. I have also put this company on notice exercising my right to prevent the processing of my personal data by Santander Consumer USA for the account opened XXXX XXXX. This account has been removed multiple times and refurnished by the company they have also stated that they cant remove it.",Vehicle loan or lease,Managing the loan or lease,2022-12-30T16:09:22.000Z,Web,916403fbcd78,False,289,2022,source,2022 | Vehicle loan or lease,https://www.consumerfinance.gov/data-research/consumer-complaints/search/api/v1/6379671
6380249,"When I opened my care free checking account, I was NOT told there was a different routing number for online only. I went back to the bank in XXXX and retrieved from the teller, the routing number I needed to have for online banking. I used my direct deposit routing number for my rent but was the wrong one, unbeknownst to me. The automatic rent take out never posted and was declined by the rent company so it left me with owing for XXXX, XXXX {$600.00}. I cancelled the automatic which I am paying in partial payments to the property management. The routing number for online banking, which was given to me from the teller is : XXXXXXXX  My direct deposit is different and everything is okay for that. 
My checking account number is XXXX XXXX XXXX XXXX The teller suggested XXXX XXXX was distracted at the time. That was the teller 's excuse. 
The state I thought was a state bank but it is federal and was directed to contact you. 
I have, in my email, the state is forwarding my complaint to you.",Checking or savings account,Managing an account,2022-12-30T16:21:18.000Z,Web,3a6897bf137f,False,185,2022,source,2022 | Checking or savings account,https://www.consumerfinance.gov/data-research/consumer-complaints/search/api/v1/6380249
6380119,"I deposited a chase check for {$5000.00} from my father into my chase savings account. It said it would take one additional day to process because XXXX XX/XX/2022 was a holiday. On the XXXX of XX/XX/2022 there was a hold placed on it. They said he needed to confirm his identity via phone. He did this 5 times. I went to a branch and they tried to sort it out, saying that the hold on the check and restriction on my account would be lifted within XXXX minutes. XXXX hours later it was not. I went back and they aaid I was in queue to get the restriction lifted. I called and they then said my father needdd to go in oerson to verify his idenity. They XXXX  said this to me. On XXXX XXXX the funds were released and I initiated a transfer to take them out, which they said would be deposited XXXX XXXX XXXX they canceled it without notice. I went back to the branch and they said my father still needed to go in. He did. There is still a restriction on my account.",Checking or savings account,Managing an account,2022-12-30T17:26:48.000Z,Web,8830be998f91,False,188,2022,source,2022 | Checking or savings account,https://www.consumerfinance.gov/data-research/consumer-complaints/search/api/v1/6380119
6379795,"My father, XXXX XXXX XXXX XXXX XXXX, born on XX/XX/XXXX, died on XX/XX/XXXX. I contacted the bank about the funds in his checking account, Popular bank in Puerto Rico corporate office. They informed me that they requested Proof that my sister and I were the only heirs to the funds in the account. We needed the funds to cover my funeral cost. We submitted the Proof from XXXX XXXX XXXX XXXX in XXXXXXXX XXXX  that we were the succeeding executor on the account. Weeks later, after submitting the evidence that they required Proof of death, Proof that my sister and I are the only heirs verified with the courthouse in my jurisdiction and where my father had passed away. 

XXXX XXXX XXXX XXXX XXXX XXXX XXXX XXXX XXXX XXXX XXXX XXXX XXXX XXXX XXXX XXXX XXXX XXXX XXXX XXXX XXXX manager at the time. To receive those funds, we would have to fly to Puerto Rico at our expense, Lodge, at our own cost and hire a local attorney to Verify our identity at our own expense. 
At this time, I want to know what happened to the funds in my fathers ' account did ; any unauthorized access has been made If the funds are recoverable to resolve the burial obligation.",Checking or savings account,Closing an account,2022-12-30T18:31:42.000Z,Web,7754fb19996c,False,212,2022,source,2022 | Checking or savings account,https://www.consumerfinance.gov/data-research/consumer-complaints/search/api/v1/6379795
6379474,"This complaint is in reference to PHH Mortgage handling of escrow account funds ; including the failure to adhere to the Maryland Code Commercial Law XXXX Interest on escrow accounts as well as the mishandling of Maryland XXXX XXXX XXXX XXXX to PHH ( due to tax credits ) on XX/XX/XXXX. 
XX/XX/XXXX - Annual escrow statement [ Attachment 1 ] Reveal escrow shortage of {$230.00} with a new mortgage payment in XXXX of {$1400.00}. I utilized Option 1 ) Do Nothing and added 12 months of {$19.00} that began in XX/XX/XXXX. Document supported no evidence of adherence to Maryland Code ; interest on escrow account XX/XX/XXXX XXXX disbursed remaining balance of tax assessment - {$1600.00} [ A ] XX/XX/XXXX The taxes paid on XX/XX/XXXX were refunded in its entirety {$1600.00} [ B ] due to MD Maryland XXXX tax credit program. 
XX/XX/XXXX Called XXXX XXXX. to inquire of the refunded escrow dollars and was advised that an additional escrow analysis was required. See OFF-Scheduled Escrow statement dated XX/XX/XXXX. This document also does not include evidence of adherence to the Maryland code. However, a refund was issued to me in the amount of {$1400.00} [ C ]. However this refund was NOT received until XX/XX/XXXX. This was ( XXXX ) days are they received the refund. 
On numerous occasions I have inquired as to my escrow account and why this account was not eligible for the accrued interest along with supporting documented law that suggest this action. See attachments for evidence of previous request along with their response letters.",Mortgage,Trouble during payment process,2022-12-30T18:40:46.000Z,Web,291488c5b58f,False,258,2022,source,2022 | Mortgage,https://www.consumerfinance.gov/data-research/consumer-complaints/search/api/v1/6379474
6379469,"On XX/XX/2022, I sent First Federal Credit Control a certified letter requesting debt validation on an alleged debt they added to my credit reports without sending me a dunning letter. They ignored my request and continue to report this alleged debt to the credit reporting agencies. 

I am demanding that they delete this account from my credit report.",Debt collection,Attempts to collect debt not owed,2022-12-30T18:49:19.000Z,Web,09d774ca14dd,False,58,2022,source,2022 | Debt collection,https://www.consumerfinance.gov/data-research/consumer-complaints/search/api/v1/6379469
6379466,"Repeating attempted to refinance with Wells and they turned me down. I think it occurred because I was a XXXX, XXXX XXXX I eventually tried with another company and I was approved immediately at a low interest rate. 

I think I was denied due to XXXX XXXX XXXX XXXX. I am not a male which I believe contributed to the multiple denials.",Mortgage,Applying for a mortgage or refinancing an existing mortgage,2022-12-30T18:54:39.000Z,Web,27d6031380f0,False,62,2022,source,2022 | Mortgage,https://www.consumerfinance.gov/data-research/consumer-complaints/search/api/v1/6379466
6379656,I have been trying to have a rollover check return to XXXX  or XXXX  to complete the rollover I have sent documentation that this is a disbursement for a XXXX rollover. XXXX has given me all that they could to get the funds return. the check has been cash and put into an account according to chase bank. I don't know what to do to get those funds back and XXXX has been more than helpful. I just need help to have my funds release to complete rollover.,Checking or savings account,Managing an account,2022-12-30T19:19:28.000Z,Web,38d620e6453f,False,88,2022,source,2022 | Checking or savings account,https://www.consumerfinance.gov/data-research/consumer-complaints/search/api/v1/6379656
6379454,"I declare under penalty of perjury ( under the laws of the united states, if executed outside of the united states ) that the foregoing is true and correct to the best of my knowledge. Further, I certify that I am permitted by FEDERAL and STATE LAW to file this dispute. I also understand that knowing and willful misstatements or omissions of material facts constitutes a FEDERAL CRIMINAL VIOLATION punishable under 18 USC 1001. Additionally, these misstatements are punishable as perjury under 18 usc 1621. This collection found within my credit report are not related to any transaction that I made. I am alleging that a person or company -without my authorization- used my personal identifying information to apply for goods, services or money and was successful in creating some accounts. All is being investigated by the FTC",Debt collection,Attempts to collect debt not owed,2022-12-30T19:36:38.000Z,Web,84c8f6d060b4,False,138,2022,source,2022 | Debt collection,https://www.consumerfinance.gov/data-research/consumer-complaints/search/api/v1/6379454
6379092,"My name is XXXX.I am writing to you with regards to an improper post death disbursement made by Chase Bank. 

My father, XXXX XXXX, passed away on XX/XX/2022. 

At the time of his passing he had a sole owned account ( with no designated beneficiaries ) at Chase Bank, with an approximately {$32000.00} balance as of the date of death. However in early XXXX nearly {$30000.00} was disbursed to an individual present at the Chase Bank Branch located at XXXX XXXX XXXX, XXXX, IL. 

My father died without a will and the estate was not probated, therefore there is no court appointed administrator to whom the funds could have been distributed. On XX/XX/XXXX I presented a small estate affidavit to Chase to receive the account balance and close the account, and was informed by banker, XXXX XXXX, there was a hold due to social security direct deposits. I checked back frequently for several months and learned in XXXX that Chase permitted someone to make an in-branch withdrawal of all but {$1900.00} of the balance. I contacted Chases executive office to find out what authority that person had to make a withdrawal from my fathers account after his death. Chase responded to my inquiry via voice-mail and provided no details except that [ Chase acted properly ]. 

Two weeks after receiving Chases response to my inquiry, I received a check from Chase for {$1900.00}, the few dollars remaining in the account after the unauthorized withdrawal was permitted. If the individual who was allowed to make a {$30000.00} post death withdrawal from my fathers account had authority to transact on behalf of his estate, why didnt Chase send that person the remaining balance instead of me? I believe Chase acted improperly by allowing an individual without legal authority to conduct a withdrawal transaction, and as such should reimburse my fathers estate and honor the small estate affidavit I submitted to Chase on XX/XX/2022.",Checking or savings account,Closing an account,2022-12-30T20:14:46.000Z,Web,efede85a3b4a,False,321,2022,source,2022 | Checking or savings account,https://www.consumerfinance.gov/data-research/consumer-complaints/search/api/v1/6379092
6378986,"I noticed a charge on my checking account and I disputed it with my bank. I tried to contact the company XXXX XXXX XXXX to reverse charge, but they only removed {$100.00}. I disputed the charge with my bank and they investigated and returned the funds to my bank account. I contacted the credit bureau, Equifax and they would not remove the collection charge from my credit file. I have fraudulent addresses that have been used, fraudulent accounts in my name, and incorrect social security number variations, former names. Nothing helps, this keeps happening to me. I am very frustrated that the credit bureaus continue to allow people to do soft credit inquiries and put incorrect items on my file.",Debt collection,Attempts to collect debt not owed,2022-12-30T21:13:34.000Z,Web,3238afc9fd0a,False,120,2022,source,2022 | Debt collection,https://www.consumerfinance.gov/data-research/consumer-complaints/search/api/v1/6378986
6378634,"I have reached out this Debt Collecting Company and fully paid this debt and they mentioned to remove it off of my credit profile and then didnt. 
I am in good standing with original creditor and account manger at the branch has also said they are willing to remove it and make a good will adjustment as collection has been fully paid but collection company has to authorize it This collection company is i reporting information to credit bureaus is affecting me negatively and has costed me lot of money. Along with that it has hurt my ability to obtain new accounts such as mortgage and has affected my credit rating and this account went to collections at no fault of my own. but due to a fraud situation i was taken advantage of. 

i want that this information be removed if so my credit report is accurately being reported to the credit bureaus. and doesn't hurt me to qualify for a mortgage as it affects my credit rating and doesn't accurately",Debt collection,Attempts to collect debt not owed,2022-12-30T21:20:21.000Z,Web,c195f56d13ae,False,172,2022,source,2022 | Debt collection,https://www.consumerfinance.gov/data-research/consumer-complaints/search/api/v1/6378634
6378384,"In XXXX, I received our annual escrow account statement, alerting me that my monthly mortgage payment would be going up by about {$100.00}, in order to account for revised tax/home insurance amounts, and to make up a shortage of my escrow account. 

The shortage is estimated to be {$840.00}, representing the difference between the projected low balance ( - {$200.00} ) and the "" required escrow balance '' ( {$630.00} ) - required being their terminology despite the fact that federal law does not require them to have that minimum but permits them to "" charge the borrower a cushion that shall be no greater than one-sixth ( 1/6 ) of the estimated total annual payments from the escrow account. '' XXXX ( c ) ( XXXX ) ( i ). When extrapolated over the course of the year, that adds {$70.00} to my monthly payment. 

I don't take issue with the fact that there is a shortage that needs to be accounted for. What I take issue with is the timing of the mortgage servicer paying my property taxes, and doing so to create a greater shortage ( or a lower "" projected low balance '' ) for the year, which in turn requires me to pay more each month in order to make up the shortage. 

In the County where I live, property taxes are due on XX/XX/XXXX of each year. I don't even receive a statement from the County until after XX/XX/XXXX. In XXXX, despite my escrow statement from XX/XX/XXXX projecting my property taxes to be paid in XX/XX/XXXX, after my monthly mortgage payment ( which is paid on the first of each month ), the servicer debited my property taxes from my escrow account on XX/XX/XXXX, creating a negative balance until my mortgage was paid the very next day. Looking at the escrow statement for XXXX, because the servicer plans to debit my property taxes from my escrow account in XX/XX/XXXX rather than just days later after my XX/XX/XXXX mortgage payment, I will have a balance of - {$200.00}, rather than {$110.00} if they would wait to pay the property taxes closer to when they are actually due. Doing so would lower my "" shortage '' to {$520.00}, requiring an added {$43.00} each month in XXXX to make up the difference. 

I have reached out to the servicer to try and resolve the issue, but they told me it would not be possible to adjust the date of the property tax payments for my account, because it is sent to the County as a lump payment covering the property taxes of all accountholders within the County, which leads me to believe that they are artificially creating shortages or greater "" Projected Low Balances '' for many more accountholders in the area, something that could be resolved if they simply paid the property taxes when they were due.",Mortgage,Trouble during payment process,2022-12-30T22:49:05.000Z,Web,36cf6f55231a,False,481,2022,source,2022 | Mortgage,https://www.consumerfinance.gov/data-research/consumer-complaints/search/api/v1/6378384
6378377,"In XX/XX/XXXX, I signed a XXXX contract for XXXX XXXX XXXX monitoring ( which at the time was XXXX XXXX XXXX XXXX XXXX XXXX XXXX I called XXXX about moving my service to a new address since I had just moved. They told me my monthly charge was going to go up and I'd have to buy new equipment. I told them I didn't want to do that and I wanted to cancel services. They said that, since I signed a contract for 36 months, that they would continue to charge me until XX/XX/XXXX. I told them I wanted my services cancelled as soon as that period ended. I also asked for a copy of my signed contract and for something in writing saying I cancelled. They told me they would email me my contract, but they never did. They also told me that my call was documented in their system. I asked for an email or something else confirming cancellation, but they continued to just say it was documented in my account. After that conversation, I continued to pay every month through XX/XX/XXXX even though I did not have any services through them. However, in XX/XX/XXXX, they tried to continue charging me. I had to dispute the charge with my bank and ask my bank to do a stop payment, since I had already asked XXXX to cancel my account and stop charging me once the contract had ended. After that, XXXX continued to try to charge me every month and added late fees as well. I was not under contract with them at this time, did not authorize them to charge me, and had already requested my account be closed in XX/XX/XXXX. They continued to attempt to charge me every month until XX/XX/XXXX, at which point they decided to finally cancel my account and then they sent it to collections. Now they are saying I owe them {$390.00}, but these are all charges accrued after my contract period ended. They were not authorized by me to continue accruing these charges yet they sent it to collections and put it on my credit report. This is fraud.",Debt collection,Attempts to collect debt not owed,2022-12-30T23:05:25.000Z,Web,8150bd758cfc,False,358,2022,source,2022 | Debt collection,https://www.consumerfinance.gov/data-research/consumer-complaints/search/api/v1/6378377
6378346,"I have been XXXX since 2018 and receive XXXX  XXXX that ended up being for the needy. I worked 10 years and filed and was denied. Refiled again and didn't get what I was insured for. I am XXXX XXXX XXXX and have sent in XXXX Dismissal to XXXX and Nelnet twice and once with a Dr.s signature. They refuse to act on my claim and are threatening my credit today. It has been five years, and at XXXX you don't do reviews. I have never worked in my field and my degrees ended up being worthless. I need relief. I have XXXX grown children still at home, XXXX by XXXX and XXXX, and I finally have state help in XXXX for assistance and long term care so I don't have to go into a facility. Why won't anyone help me? I have no home or running vehicle, and my oldest son stays here to help me and gets paid. SS has decided to ignore all of this and documents have been sent over and over again. Please Help!",Student loan,Struggling to repay your loan,2022-12-30T23:30:52.000Z,Web,46285ed58c2d,False,179,2022,source,2022 | Student loan,https://www.consumerfinance.gov/data-research/consumer-complaints/search/api/v1/6378346
6378403,"This is a follow-up to CFPB Complaint XXXX and the other related CFPB complaints regarding the substantial delays by this servicer to agree to have the property reevaluated due to substantial energy efficiency improvements, in order to have the upfront paid PMI policy cancelled and XXXX refunded. 
As chronicled in the XXXX processed and uploaded in their portal, the broker 's price was {$260000.00} ( page XXXX of XXXX of the document ) which ends up leading to a loan-to-value ratio of roughly 60 %, far less than even the minimum threshold of 80 %. The XXXX also notes the substantial energy efficiency XXXX at the bottom of page XXXX of XXXX of their document. 
Therefore, the threshold has been reached to have the unnecessary PMI policy on this property cancelled and proportionally refunded. For some reason in previous complaints they didn't even understand that it is possible to cancel an upfront paid PMI policy. Hopefully others don't have to experience such unnecessary delays.",Mortgage,Trouble during payment process,2022-12-30T23:38:09.000Z,Web,d03c3a3fb935,False,164,2022,source,2022 | Mortgage,https://www.consumerfinance.gov/data-research/consumer-complaints/search/api/v1/6378403
6378219,Nelnet states my current balance is {$45000.00},Debt collection,Attempts to collect debt not owed,2022-12-31T00:38:33.000Z,Web,3e3dcbe9f238,False,7,2022,source,2022 | Debt collection,https://www.consumerfinance.gov/data-research/consumer-complaints/search/api/v1/6378219
6378083,"This complaint will detail how XXXX and their debt collectors, XXXX and XXXX, as well as their client XXXX have been harassing and threatening me that they would ruin my credit and have been doing so since XXXX of XXXX up through today in XX/XX/XXXX and beyond. It all started when I discovered fraudulent activity on my bank checking accounts. My bank told me that my accounts had been compromised. This was on XXXX XXXX, XXXX. My told me that several different electronic transfer transactions had taken place in my accounts totaling {$2900.00}. My bank didn't honor these transactions, closed my accounts, and opened new accounts for me. It was discovered that some criminal, or criminals, had hacked into my bank accounts and stole my identity. All of the transactions were executed for the benefit of XXXX  payments XXXX. XXXX is not a brick and mortar operation. It is a gambling act that has to be dowloaded to do business with them. My bank knows that I did not download that app. When these crooks stole my identity they attempted to steal a total of {$2900.00} from my checking accounts using several different transactions. Fortunately for me my bank recognized this attemp to steal my funds and they restored my funds to my checking accounts. Consequently XXXX did not receive the {$2900.00} that they antisipated would come from these transactions. As it turns out I may be wrong but it appears to me that XXXX, has part of their business plan, uses XXXX to verify, or guarantee the funds that are generated when they receive checks from their customers. Failing to receive these funds, XXXX engaged first XXXX collections services and then another collection agency called XXXX. Neither XXXX or XXXX were successful in their attempt to coerce me into paying them the {$2900.00} that they anticipated they would get from me. subsequently I received a letter from XXXX, dated XX/XX/XXXX, that they, XXXX, had closed my account. They then advised me that "" Further inquiry regarding the underlying debt ( s ) may be directed to XXXX XXXX XXXX, XXXX XXXX XXXX XXXX, XXXX XXXX, Florida XXXX '' apparently Sightline then turned to XXXX to recover the {$2900.00}. XXXX then turned their attention to me. In a recent letter I received from XXXX the claim that they have identified the last four numbers of my social security number to be XXXX is false. It's not even close. In that same letter they show that I wrote two checks in various amounts on XX/XX/XXXX and then wrote XXXX checks in various amounts on XXXX examination of my bank statements reveals that I did not write two check on XX/XX/XXXX nor did I write XXXX checks on XX/XX/XXXX in those amounts. The letter also shows XXXX XXXX as the original creditor and XXXX as the current creditor.Neither XXXX nor XXXX has ever been a creditor of mine. I think it would be instructive to note that I wrote a registered letter to XXXX XXXX, XXXX XXXX XXXX XXXX, XXXX XXXX XXXX XXXX, XXXX, MD XXXX in that letter i pointed out to him that I had previously written a registered letter to him demanding that he cease all forms of communication with me sitiing the Fair Debt Collection Practices Act 15-USC 1692c ( c ). His letter to me represents a violation of that act and that I would be reporting him to the FTC. I am a XXXX XXXX XXXX great grandmother and I found that the FTC also addresses Elder Abuse issues under Elder Abuse Prevention and Prosecution Act. Law : Pub. L. No.115-70, 131STAT. 1209 codified in relevant part at 34 UE s 2171. Section 101 of the act requires the FTC to designate and Elder Justice Coordinator for appropriate adjudication. I am also requesting that the FTC hold the President and CEO to account for all the pain and suffering I've had to endure. The President and CEO is XXXX XXXX XXXX, XXXX XXXX XXXX and XXXX, XXXX XXXX XXXX, XXXX, Texas XXXX. These past 15 months have been torture for me. It all began XXXX XXXX, XXXX and continues to this day. On XXXX XXXX I went to the XXXX XXXX XXXX Police and filled out my "" Voluntary Statement '' which provided the Detective assigned to the case with the information necessary to begin his investigation and Case # XXXX was opened. The XXXX XXXX Police pointed out to me that they would be assisted by the Secret Service joint Tast Force in investigatjng this case. Despite all of that XXXX still persist in harassing me. This matter is now in the hands of the FTC, the CFPB, XXXX XXXX XXXX XXXX  and the XXXX XXXX XXXX XXXX. The public needs protection from predatory operations like XXXX. Respectfully submitted XXXX XXXX.",Checking or savings account,Problem with a lender or other company charging your account,2022-12-31T01:16:59.000Z,Web,b577c24d9a92,False,806,2022,source,2022 | Checking or savings account,https://www.consumerfinance.gov/data-research/consumer-complaints/search/api/v1/6378083
6377935,"XX/XX/XXXX I signed paperwork at XXXX XXXX of XXXX for the purchase of a vehicle, the Sale Price of the vehicle was {$9000.00} financed through XXXX XXXX XXXX. I gave a {$1500.00} down payment to be applied to the Sale Price of {$9000.00} to bring the Sale Price to {$7500.00} for the purpose of lowering the amount financed. 

I was not notified that I could opt out of a credit check and was told it was necessary to get the vehicle. 

Around XX/XX/XXXX I received a call saying the financing wasn't approved and I should come back to sign new paperwork. 

On XX/XX/XXXX I signed the new paperwork with a new finance company XXXX XXXX. At this time the Sale Price of the vehicle changed from {$9000.00} to {$9700.00} Around XXXX of XXXX I was behind in payments, I received a call from collections asking where the car was and that they would call the cops  for grand theft if I didn't pay. I asked them to please provide me with a billing statement and they refused. 
XX/XX/XXXX I came across some information which raised some questions. I called XXXX to ask a few questions about fees and finance charges. The representative told me that XXXX doesn't come up with any numbers on the Retail Installment Contract and I should call XXXX XXXX of XXXX, the dealership I purchased the car from. 

I called XXXX XXXX who then told me that the XXXX, XXXX XXXX comes up with all the numbers on the contract. So, I called XXXX back who redirected me back to XXXX XXXX, who then redirected me back to XXXX. I still have no answer. 

I asked for a copy of my full contract from XXXX, they only sent me XXXX page and that was the Retail Installment Sale Contract. 

XX/XX/XXXX I called XXXX to get the full copy of the contract. The XXXX  XXXX told me it was sent. I informed her I only received XXXX page and I need the full contract. She then complained that it was a lot of paper and asked "" what do you need it for anyway ''. I told her it was not her business, I just needed a copy, she then proceeded to get rude and said "" call the dealership and get it from them ''. I then asked her if she was refusing to give me a copy of my contract and if she was I may have to get a lawyer involved. She then got really upset and yelled at me that she was "" ending the call '' and to "" call back when you have your lawyer ''. 

As I'm reviewing the XXXX page XXXX sent to me via email. I noticed there was a stamp on it that read "" The within instrument or agreement is pledged as collateral to XXXX XXXX Bank, XXXX. '' I called XXXX XXXX to see if they have done any business with XXXX XXXX, I was told no and that they don't have any Title in my name nor is the VIN number in their system. I call XXXX XXXX back to ask what the stamp was and what does it mean. The same XXXX  XXXX mentioned earlier said "" The owner of the company took out the loan and paid the dealership so I can get the vehicle '' and that XXXX XXXX was their lender. I then emailed them for further clarification and they emailed me that same statement and added that there shouldn't be any questions about anything. 

To sum it up. I never got any questions answered or any problem resolved.",Vehicle loan or lease,Getting a loan or lease,2022-12-31T01:59:12.000Z,Web,26a3746af2ef,False,609,2022,source,2022 | Vehicle loan or lease,https://www.consumerfinance.gov/data-research/consumer-complaints/search/api/v1/6377935
6381462,"Account number XXXX Date opened XX/XX/2019 Account type Collection Status Seriously past due date / assigned to attorney, collection agency, or credit XXXX 's internal collection department",Debt collection,Attempts to collect debt not owed,2022-12-31T07:04:12.000Z,Web,51fd1ec7eebd,False,27,2022,source,2022 | Debt collection,https://www.consumerfinance.gov/data-research/consumer-complaints/search/api/v1/6381462
6381687,"my wife and i signed a lease with XXXX XXXX in XXXX XXXX it was for 1 year. in XXXX of 2020 our goverment put everyone on lockdown, isolation. not by our choice did we stop working. in XXXX we were served eviction papers in the middle of covid XXXX unable to work or go anywhere we were being forced out of our home. when we went to court we met the attorney for XXXX XXXX who told us that they didnt want any monies owed. if we would agree to vacate the premises then this would not be on our credit because it was no fault of our own, we agreed in front of the judge, unfortunately this did go on our credit and for 2 years we have been trying to have it removed. we have contacted XXXX XXXX and national credit XXXX  to please remove this. this wasnt what was agreed upon. everytime we contact them they raise the price of what is supposedly owed, its horrible enough to be put out in the middle of covid but they continue to torture us by ruining our credit. laws were passed to protect us from companies like this. im attaching the court document where it clearly states posesion only. we are also including copies of the laws that were passed, hopefully it helps others as well",Debt collection,Attempts to collect debt not owed,2022-12-31T08:02:36.000Z,Web,414c60fd432b,False,228,2022,source,2022 | Debt collection,https://www.consumerfinance.gov/data-research/consumer-complaints/search/api/v1/6381687
6383269,"On XX/XX/21 I requested XXXX XXXX  to terminate my service immediately because XXXX was not providing the service I was paying for. I paid them {$29.00} for service used to XX/XX/21. They billed me {$100.00} later for the remaining portion of the cycle I did not use. XXXX has the ability to turn on, turn off, problem solve etc immediately from their office. Other utility companies ( telephone, electric, gas, water etc ) only bill for service used in a cycle. I reached out to XXXX and could not resolve the issue. 
The XXXX XXXX XXXXl has initiated an investigation into XXXX for not providing customers with the service expected/agreed to,",Debt collection,Attempts to collect debt not owed,2022-12-31T15:43:35.000Z,Web,b739b98ba26f,False,111,2022,source,2022 | Debt collection,https://www.consumerfinance.gov/data-research/consumer-complaints/search/api/v1/6383269
6383383,"Hi, we had a loss of income over the summer as we had the XXXX  XXXX  at our farm and the government XXXX  XXXX XXXX  followed by putting us on a 150 day quarantine which means 5 months with no income. We explained this to Mr Cooper and they approved a loan modification to get the mortgage current. The trial period was to make 3 monthly payments to satisfy the trial. We did this paying on time for each month. Enclosed is the letter showing we were approved. Following the 3 payments Mr Cooper was to mail us the permanent modification agreement to sign, which they never did. However, while we were waiting for the agreement to arrive : We received many calls from Mr. Cooper many of which there would be nobody on the other end. Saying hello 4 times with no answer before hanging up ... The 2 times that we did get someone on the other end they stated everything was going fine, confirmed we did everything we were suppose to do, assured us the agreement was on its way and they were just checking in with us. ( Odd ) When we completed the trial period with our XX/XX/XXXX payment, the website stated that we completed the trial and that paperwork was coming in 5-15 days. 

On XX/XX/XXXX we received a call from Mr Cooper and they said that the paperwork was still in process and everything was OK and that we would still receive calls from Mr Cooper as there was no way to stop them as we are behind in our mortgage. 

On XX/XX/XXXX we received a letter dated XX/XX/XXXX stating that we were denied for the loan mod. ( see attached ), This letter stated : "" You were previously offered a permanent Loan Modification. The terms of the Loan Modification Agreement required that you remit all copies of the agreement properly signed and notarized, if required, by all borrowers within the time allowed. Unfortunately, we must withdraw the agreement offered because we did not receive the properly executed copies as required. '' It is important to note they NEVER sent us this agreement to be signed. Last payment made XXXX. No agreement sent to us. XX/XX/XXXX a letter was drafted and mailed from Mr Cooper stating we were denied for not returning an agreement, in a timely manner, they never sent to us or have record at their end it was sent. In fact. When we called Mr. Cooper to find out what was going on, they said their system states we were denied because they made XXXX calls to us on the XXXX and XXXX and we did not answer the phone one of which they said we hung up on. We never hung up on anyone. It is important to note they never left a voice mail and called during working hours when we were at work. We did call back 2 times in XXXX to check in to see how things were going and neither time where we told there was a problem. In fact we were told everything was fine and moving forward. 

Apparently, the reason they were calling was to get verbal approval of the trial period payment going from {$2800.00} to the mod payment of {$3000.00}. However, this was never brought to our attention until after we received the letter saying we were denied. They never told us they needed a verbal on the changed monthly amount in writing, voice mail, or on our two calls to them in the month of XXXX. So we had no idea this was needed from us. Once it was brought to our attention our answer provided was that that is fine. 

They have said that they would open an escalation to find out why this was denied so quickly, why a letter of untruths was mailed to us, why no voice mail was left explaining they did in fact need something additional from us and why they never sent the paperwork to us that their letter claims we didnt return. It is very important to note we had until XX/XX/XXXX to make that final trial payment which just ended today. However, we made the payment XXXX, had XXXX phone calls between XXXX and XX/XX/XXXX stating everything was on track and there was nothing further for us to do, yet on XX/XX/XXXX they mailed us a denial letter based on them not receiving paperwork never sent to us and still did not mention what they really needed was a verbal approval of a monthly payment change. The first time this monthy payment change was brought to our attention we immediately agreed to it. We explained to them that we totally would have accepted that amount as our previous payment was {$3400.00}. 

They are now saying that it takes 5-10 business days to work an escalation and they can not promise that we still will get the loan modification. Their website also states we are not allowed to make any payments. So they have us between a rock and a hard place. These questionable business practices are extremely alarming and upsetting.

We just want to keep our house, and we can make the payments, we satisfied the terms of the loan mod, and we just want to get this back on track. 

Thanks",Mortgage,Struggling to pay mortgage,2022-12-31T16:16:27.000Z,Web,d80e34ece804,False,892,2022,source,2022 | Mortgage,https://www.consumerfinance.gov/data-research/consumer-complaints/search/api/v1/6383383
6383243,"Caliber has failed to pay required property taxes to XXXX XXXX florida. Property taxes were due XX/XX/2022. The loan documents and closing documents clearly state that both insurance and property taxes were required to be in escrow. The loan officer also clearly stated on multiple occasions that Caliber required escrow for both taxes and insurance. These documents were reviewed and signed at closing. 

On XX/XX/2022 I called and spoke to Caliber 's Tax Department to guarantee the tax payment would be made by the due date of XX/XX/2022. Representative confirmed that the payment would be sent. The automated recording system also states that caliber was aware of the property tax payment and would send a check before XX/XX/2022. 

Taxes were never paid prior to XX/XX/2022 and penalities were assessed on the tax amount. Because of this, I placed another call to caliber on XX/XX/2022, I called the tax department after the taxes had not been paid. The representative informed me that she saw the taxes were not set up to be in escrow in their system and transferred me to Customer Service to fix the escrow. Customer Service submitted a ticket to fix the escrow. Caliber representative stated that there was an issue with escrow shortage and that they would pay the prior year property taxes and it would be assessed over the next 12 months along with fixing the escrow amount so that the correct amount was placed into escrow. 

On XX/XX/2022, I called back to get an update. I was told they had to mail documents to set up a new escrow. I informed them that the escrow should have already been set up per my loan/closing documents. I was transferred to the escalation team and spoke to XXXX XXXX XXXX. She confirmed the closing documents stated the taxes were to be in escrow and submitted a ticket to resolved the escrow issue. The next few days I received call backs to give me updates that the ticket had not been resolved yet. After a few days I stopped getting those updates. 

On XX/XX/2022 I called back and was told the ticket had been closed- denied. The representative told me we needed to talk to the Escrow team manager but he was on a call. They guaranteed me I would get a call back same day but never received a call back. 

Taxes were again due on XX/XX/2022 otherwise additional penalties would be assessed on the amount. 
This issue has been ongoing for two months now and each month that passes more penalties are attached to my taxes. 

Per caliber 's terms and conditions, any escrow shortage would be paid by the bank and would be assessed on the next 12 payments. The loan and closing documents state that both property taxes and insurance were to be placed into escrow. Every payment to caliber was on time and for the amount due. I should not be liable for additional penalties assessed on the property taxes. Caliber needs to pay the prior property taxes they failed to pay in a timely manner and assess those onto the next 12 loan payments minus any additional penalties.",Mortgage,Trouble during payment process,2022-12-31T17:03:26.000Z,Web,09f394917b58,False,526,2022,source,2022 | Mortgage,https://www.consumerfinance.gov/data-research/consumer-complaints/search/api/v1/6383243
6383115,"Consuegra and Duffy P.L.L.C is in violation of my federally protected consumer rights according to 15 usc 1692e ( 3 ) a debt collector, in collecting a debt, ( Which Consuegra and Duffy P.L.L.C is trying to collect an alleged debt ) may not use any false, deceptive or misleading represent or imply that he or she is an attorney or that communication is from an attorney. 

Further, as per judgement made in the case of XXXX XXXX XXXX XXXX XXXX XXXX, the provisions of the Fair Debt Collection Practices Act applies to attorneys who "" regularly '' engage in consumer- debt collection activity, even when that activity consists of litigation. Thereof, as per judgement mentioned herein, your firm is liable as a debt collector.",Debt collection,False statements or representation,2022-12-31T17:49:35.000Z,Web,fde3ca8459e6,False,125,2022,source,2022 | Debt collection,https://www.consumerfinance.gov/data-research/consumer-complaints/search/api/v1/6383115
6383059,"On XX/XX/2022, I tried to link Chase to my XXXX account. There were two small balance deposits from Chase into XXXX, and I verified those with Chase. 

Then I scheduled a {$1600.00} transfer for an approximate immediate time. I can not log in to Chase to see when exactly the transfer was scheduled. 

The transfer has failed, and I have not been notified. I would not have known had I not tried to log into my Chase account on XX/XX/XXXX and found my account locked. 

Calling the Chase fraud department has been useless ; they are unable to explain why my account was locked and why no steps were taken to resolve this. 

They claim they notified me, but won't say how that happened.",Checking or savings account,Managing an account,2022-12-31T19:39:32.000Z,Web,c30a6b945fe3,False,124,2022,source,2022 | Checking or savings account,https://www.consumerfinance.gov/data-research/consumer-complaints/search/api/v1/6383059
6382976,Ive been fighting this since XXXX and yall think this is some kind of joke XXXX XXXX does not return call my case has not been investigated right I was told on XX/XX/2022 that a response would be mailed to me in a few days well here it is almost 2 months and Ive recieved no decision on my case by law Im suppose to have my money returned because the XXXX transaction were not authorized by me someone hacked into my phone and recieved my text messages and emails without me knowing I got everything I asked for except my log in history on my acct there was a different number signing into my acct without me knowing I want my {$5200.00} back and I want this case closed on this case for good and get someone other than XXXX XXXX to help with this I have no acct with boa so if they say the money was returned to my acct its a lie I no longer and never will deal with boa ever again give me my money these fraudulent people took from me as far as this company yall need better customer service reps that will return calls and know what there job is going onn6 months fighting this is ridiculous I should of gotten my money back if it was a different bank yall dont take responsibility for these hackers that XXXX us inocent consumers,Checking or savings account,Managing an account,2022-12-31T19:53:37.000Z,Web,fee3a532ddb1,False,240,2022,source,2022 | Checking or savings account,https://www.consumerfinance.gov/data-research/consumer-complaints/search/api/v1/6382976
6382739,Violation due to using third party for decision and also discrimination,Vehicle loan or lease,Getting a loan or lease,2022-12-31T21:57:28.000Z,Web,7d5e2285b9be,False,11,2022,source,2022 | Vehicle loan or lease,https://www.consumerfinance.gov/data-research/consumer-complaints/search/api/v1/6382739
6382623,"I signed up for the XXXX  home internet via the phone as they were having a sale for $ XXXX. The agent asked if I wanted to add my cell phone lines but I was still with XXXX at the time. I told him not yet as I want to see how the service is before moving anything over. He told me that he could send over 3 sim cards and that I can activate them at any time. So I agreed on the presumption that those SIM cards would not be activated. A few weeks pass by and I am not happy with the service so I go to cancel the home internet. I then find out that those lines were activated with totally different numbers and assigned to phones I don't have at all. I asked them in XXXX, XXXX and on XX/XX/22 at XXXX XXXX, I call and speak to XXXX and I explain the situation and told him those lines were "" unauthorized activiated ''. He tells me that my complaint will be sent to the Fraud department and it would be taken care of. I don't here anything until I get a letter in the mail from a debt collector, looking for {$390.00}. I am not liable for this amount and if need be, I will get a lawyer involved to dispute this and also sue.",Debt collection,Attempts to collect debt not owed,2022-12-31T22:55:17.000Z,Web,a02603922e09,False,231,2022,source,2022 | Debt collection,https://www.consumerfinance.gov/data-research/consumer-complaints/search/api/v1/6382623
6382416,"We are suing Patenaude & Felix, APC and their employee XXXX XXXX. We believe that you should know that the debt collector filed a lawsuit in a jurisdiction we do not live, took legal action contrary to contract- took the case to district court and the contract does not allow such action - only arbitration or small claim, s court is permitted under the contract",Debt collection,Took or threatened to take negative or legal action,2023-01-01T01:28:21.000Z,Web,db8b49c56f27,True,65,2023,source,2023 | Debt collection,https://www.consumerfinance.gov/data-research/consumer-complaints/search/api/v1/6382416
6382302,"We are suing Patenaude & Felix, APC and their employee XXXX XXXX. We believe that you should know that the debt collector filed a lawsuit in a jurisdiction we do not live, took legal action contrary to contract- took the case to district court and the contract does not allow such action - only arbitration or small claim, s court is permitted under the contract",Debt collection,Took or threatened to take negative or legal action,2023-01-01T01:52:24.000Z,Web,db8b49c56f27,True,65,2023,source,2023 | Debt collection,https://www.consumerfinance.gov/data-research/consumer-complaints/search/api/v1/6382302
6383438,I got a XXXX XXXX XXXX XXXX from XXXX XXXX XXXX with monthly installments I was paying everything on that this was in XXXX come XXXX of XXXX had a bit of misfortune I was XXXX  which payment stopped after that month was my last payment I come home XX/XX/XXXX and Im trying to get my phone back on I forgot the Lock Screen code took a couple of to get that right called all around trying to fix the problem when I find out who the XXXX party collection was called them like the XXXX week of XXXX explained my situation again asking to set payment plan no they want it in full I stressed that I couldnt come up with that when I only had XXXX left to pay on phone for it to be mine anyway still nothing they wanted it in full I exhausted all my resources like I told XXXX XXXX XXXX record show I was a excellent customer until my misfortune happened and I cant get any leniency what was I a good customer for XXXX I only owed XXXX XXXX dollars on my bill when I got incarcerated come home on XX/XX/XXXX they want {$1200.00} how thats so unfair.,Debt collection,False statements or representation,2023-01-01T15:33:45.000Z,Web,386c70379ef3,False,206,2023,source,2023 | Debt collection,https://www.consumerfinance.gov/data-research/consumer-complaints/search/api/v1/6383438
6383435,"The company charge much higher interest rates for consumers with good credit my score was in the 700s. they charge fees to talk to some one fees to make payments, Fees if u make payments Im sure I had other products and services with Wells Fargo left due to the fees and high interest charges luckily was able to get financing else were, freeze peoples accounts if they didnt immediately set up security measures into compromise, locked out my accounts, it was always drama with Wells Fargo",Vehicle loan or lease,Managing the loan or lease,2023-01-01T16:01:46.000Z,Web,efeff2e42bb8,False,87,2023,source,2023 | Vehicle loan or lease,https://www.consumerfinance.gov/data-research/consumer-complaints/search/api/v1/6383435
6385079,"This bank is the most disrespectful and incompetent bunch of people I have ever seen in my life. I had XXXX transactions that charged multiple times and it has been over a week since these transactions have been pending. The correct transactions have posted, yet Wells Fargo refuses to release the $ XXXX of my money that they think they are entitled to keep for themselves. I reached out to the bank and was forced to deal first with someone in another country who barely spoke XXXX and then by an XXXX XXXX who told me that the only thing she would do was file an authorization for these incompetent XXXX  to continue sitting on my money for another XXXX  days. I am sick of this and I want my money refunded NOW. If it is not back in my account by the end of XX/XX/2023, I will be filing legal action against Wells Fargo for refusing to return my money.",Checking or savings account,Managing an account,2023-01-01T18:20:01.000Z,Web,89bbb1515caa,False,161,2023,source,2023 | Checking or savings account,https://www.consumerfinance.gov/data-research/consumer-complaints/search/api/v1/6385079
6384997,"The company did not provide a signed contract from the original credit that I owe. They keep providing old bills and this doesn't mean anything.. Looking back at the date the accounts were opened. I was affected by a natural disaster and was unable to make any payments. Please the attachments. I did not have a place to stay and wasn't working. 



Portfolio Recovery Associates {$490.00} XXXX Portfolio Recovery Associates {$750.00} XXXX",Debt collection,Written notification about debt,2023-01-01T19:35:18.000Z,Web,c0b726cc1dc0,False,72,2023,source,2023 | Debt collection,https://www.consumerfinance.gov/data-research/consumer-complaints/search/api/v1/6384997
6384527,"I currently have an arbitration case against Wells Fargo Bank because a Wells Fargo Representative called me stupid over the phone because I asked a lot of questions in XXXX of XXXX. I asked why she called me stupid, and she told me that I was not understanding her. I asked to speak to her manager. I told him all about her calling me stupid. I have been communicating with some of the lawyers who represent Wells Fargo, but they are shady and can not be trusted. I sent them a letter that I received from who I believe is the individual I spoke to concerning the Representative calling me stupid, and they concoct a bogus audio to try and prove that the letter was in regards to a loan. I have a copy of the fixed audio and the letter. In the audio the made me say that I have taken out loans with Wells Fargo in the past and paid them off. Wells Fargo has never given me a loan, and I would never lie to loan officer to disqualify me for a loan. I would like to forward the audio and the letter, but I need an email address. I know you all have the capabilities to detect when audios have been altered. 

On another occasion, a Wells Fargo Representative took money from my account without my authorization. The Wells Fargo Attorneys did not give me enough of my account information to fight my case. They only gave me what would not help me.",Checking or savings account,Managing an account,2023-01-01T23:47:12.000Z,Web,b5a07db76271,False,257,2023,source,2023 | Checking or savings account,https://www.consumerfinance.gov/data-research/consumer-complaints/search/api/v1/6384527
6384021,"LVnv funding never sent me a notice of the debt, so my rights were violated because I was not able to send a debt valadation letter also, In Accordance with the fair reporting act, Has violated my Rights under 15 u.s.c 1681 section 602, states I have the right to privacy 15 usc 1681 604 A section 2. states a consumer reporting agency can not furnish a account without my written instructions15 usc 1666b states A creditor may not treat a payment on a credit card account, under A open end consumer credit plan as late under any purpose",Debt collection,Written notification about debt,2023-01-02T02:05:55.000Z,Web,bbbc2fecba7d,False,99,2023,source,2023 | Debt collection,https://www.consumerfinance.gov/data-research/consumer-complaints/search/api/v1/6384021
6383968,"A loan amount was discussed and agreed upon in purchasing the XXXX  XXXX XXXX, it was then clear that the dealership and bank made additional fees or possible fraudulent acts to get more money out of the car. The car was posted at roughly {$9000.00} ; on the back end, they asked for approximately {$15000.00}. Wells Fargo is known for fraudulent activities like this in mismanaging various types of accounts of loans. I ask that you please investigate this in my account and bring clarity to what was done to this account. I believe that Wells Fargo incorrectly assessed fees and payments on this car loan as they have shown in their history before.",Vehicle loan or lease,Getting a loan or lease,2023-01-02T02:10:04.000Z,Web,1ec63f9b1623,False,114,2023,source,2023 | Vehicle loan or lease,https://www.consumerfinance.gov/data-research/consumer-complaints/search/api/v1/6383968
6386239,"Due to a large, destructive house fire, my former husband and I were paid multiple thousands in XXXX money to replace our losses. Our underaged children and I were quite traumatized from the ordeal. My husband was an abusive alcoholic, and drank his way through the process. I suffered physical abuse ( as documented by the Courts ). Therefore, I had asked our XXXX for our XXXX, ( XXXX XXXX ) to divide the funds for our living expenses so my children and I would be safe from any further abusive behaviors by my husband, so we could genuinely begin to heal. XXXX position was we were only entitled to one Rental Agreement for our family, so they would only honor one Lease on an as needed basis until our home was put back together. 

My former husband and I had set up an Account to deposit those paid funds into ; however, there were several Checks and the Escrow Account sought after by my husband that he did obtain from the Content XXXX without my knowledge. XXXX XXXX did subsequently receive and seized Checks two-party Checks from XXXX XXXX XXXX were half mine. During this period, until our divorce was finalized, I had become quite Ill, and was thought by the Physician that treated me that I had ALS. In addition to that diagnosis, I had suffered a torn rotator cuff injury as well. Afterwards, my health was on a continual decline ; resulting in a potentially cancerous diagnosis and treatment. I was in and out of treatment and care, and was completely unaware that the fraud had occurred. 

I sought justice through the XXXX XXXX Police and the XXXX Police Department. Two separate inquiries and subsequent filings, the Police Department issued a XXXX XXXX to me, and contacted XXXX XXXX regarding the seriousness of this matter. XXXX XXXX is a XXXX XXXX of which XXXX XXXX is well connected in. Each time I filed a Complaint, XXXX XXXX called in to the XXXX XXXX XXXX, and the Commonwealths Attorney informed the Officers that he would not move forward with having XXXX XXXX held accountable for the Fraud. 

I reached back out to XXXX XXXX XXXX for assistance in getting my half of the Funds XXXX XXXX stole. XXXX spent a lot of time in research on how to address this matter. An XXXX Representative contacted me. The stance XXXX has taken is supportive and valid. XXXX affirmed the funds are due me. XXXX also places the blame right where it should be ; on Bank of America. The statutes in place for any Institution in the state of Virginia as well as the stated fiduciary responsibilities of the Bank XXXX it illegal and unethical for the Bank to cash a two-party Check without both parties being present with their Identifications in tact. 

XXXX XXXX is an Insurance Representative and Advisor, and is well aware of the fiduciary responsibilities he has to abide by and uphold ; on and off duty. I want my funds returned to me without further delay. I contacted Bank of America, and they will not right their wrong. I have NEVER had an Account at Bank of America, and will not given this behavior theyve chosen to uphold. Therefore, I ask that 6 % be assessed to each Check amount balance total that was fraudulently cashed from those funds were cashed to current paid date. I too am an Insurance Representative with the same fiduciary responsibilities. Had I committed such a fraudulent act upon Bank of America, I am confident that this Institution would exhaust the rights and subsequent efforts to restore the losses. I appreciate your help in this matter, and look forward to restoration of my funds plus interest. Thank you Sincerely, XXXX XXXX XXXX ( XXXX ) XXXX Cell",Checking or savings account,Managing an account,2023-01-02T06:14:59.000Z,Web,ec2e71c51aa3,False,638,2023,source,2023 | Checking or savings account,https://www.consumerfinance.gov/data-research/consumer-complaints/search/api/v1/6386239
6385916,"In accordance with the Fair Credit Reporting Act Portfolio recovery associates has violated my rights. XXXX XXXXXXXX XXXX XXXX XXXX XXXX XXXX XXXX XXXX states that limitations to collect a debt is XXXX XXXX. Portfolio Recovery has passed the statue of limitations to collect the debt. The statue started with XXXX with the date of XX/XX/2018 and refuse to show me a bill of rights sale. Then Portfolio Recovery changed the dates to collect and has not validated the debt. These companies has refused to remove these accounts from the last XXXX XXXX Portfolio has hired an attorney XXXX XXXX XXXX and both request compensation for a debt that has passed statue of limitations as well as never validating the debt. 
I did not receive a notice before the summons as well. They lack standing to collect the alleged debt. They violated the 15 USC 1692 which states There is abundant evidence of the use of abusive, deceptive, and unfair debt collection practices by many debt collectors. Abusive debt collection practices contribute to the number of personal bankruptcies, to marital instability, to the loss of jobs, and to invasions of individual privacy and 15 USC 6802 which states Except as otherwise provided in this subchapter, a nonaffiliated XXXX party that receives from a financial institution nonpublic personal information under this section shall not, directly or through an affiliate of such receiving XXXX party, disclose such information to any other person that is a nonaffiliated XXXX party of both the financial institution and such receiving XXXX party, unless such disclosure would be lawful if made directly to such other person by the financial institution.",Debt collection,False statements or representation,2023-01-02T09:09:58.000Z,Web,f7c244733e06,False,273,2023,source,2023 | Debt collection,https://www.consumerfinance.gov/data-research/consumer-complaints/search/api/v1/6385916
6385781,"Ally Financial owes me {$33000.00} and XXXX lbs of gold for failing to rebut my affidavit. I sent Ally Financial an Affidavit of Billing Error Notice. Ally Financial failed to give me a complete disclosure therefore I am rescinding the agreement. 

CONSUMER PROTECTION LAWS Equal Credit Opportunity Act / Truth in Lending Act Regulation Z Fair Credit Reporting Act / 15 USC 1611 - False & Inaccurate information Fair Debt Collections Practice Act / 15 USC 1692 - Debt collection practices CFPB 1026.23 Right of Rescission ( cancellation ) Constructive Fraud as well as actual fraud may be the bases of cancellation of an instrument. XXXX XXXX XXXX XXXX XXXX v XXXX XXXX XXXX, XXXX XXXX XXXX. XXXX ( 1979 ) 15 USC 1605, 1635, and 1662",Vehicle loan or lease,Problems at the end of the loan or lease,2023-01-02T11:01:09.000Z,Web,368491ebaa40,False,127,2023,source,2023 | Vehicle loan or lease,https://www.consumerfinance.gov/data-research/consumer-complaints/search/api/v1/6385781
6385470,"Me and the apartment complex I lived in while in college had a disagreement about me having a XXXX XXXX XXXX XXXXold to me by XXXX XXXXXXXX XXXX  department. It was serious enough that they gave them XXXX  days to fix it. Since then I started to be XXXX. The place never kept a XXXX while I was a tenant. Most correspondence was through emails which I still have from XXXX 2018. 
XXXX  XXXX came in when my lease was up and went about things the wrong way of cleaning up the complex. Tried to track on extra fees and charged almost a month after I moved out. I disagreed from the beginning and was threatened with balance bring place in credit report.",Debt collection,Took or threatened to take negative or legal action,2023-01-02T14:21:31.000Z,Web,daece667539a,False,123,2023,source,2023 | Debt collection,https://www.consumerfinance.gov/data-research/consumer-complaints/search/api/v1/6385470
6385324,I am a victim of fraud. On XX/XX/2022 {$79000.00} was wired out of my Citibank Checking account. It was XXXX transactions Citibank will not give me my money back because they say I did not protect my account. The criminal called and said they were a CitiBank employee and someone was using my credit card. I asked them how do I know you are from CitiBank. She said in a few minutes I will send you a Citibank alert. I got it and it was a real Alert. That is why I believed it was true. She told me to push yes that I got the alert and I am aware that this is happening. Because I pushed yes that is obviously how they got my money. But how did they get my credit card information. I didnt give it to them.,Checking or savings account,Managing an account,2023-01-02T15:15:39.000Z,Web,392b037e2d25,False,142,2023,source,2023 | Checking or savings account,https://www.consumerfinance.gov/data-research/consumer-complaints/search/api/v1/6385324
6389178,"My rights have been violated in relation to an account on my credit report. 
I.C. SYSTEM, INC XXXX Have you heard of 15 U.S.C Sec 1681 ( a ), if you can not provide proof this account is XXXX XXXX accurate then this account must be deleted. Please provide me with the original contract that I signed with my wet signature if you can not then It must be deleted from my credit report. I dont believe the information on the account is XXXX XXXX correct and needs to be deleted. 

15 U.S.C 1681 Section 602 A - I have a right to privacy.

15 U.S.C 1681 Section 602 A Section 2 - A consumer reporting agency can not furnish an account without my permission.",Debt collection,Written notification about debt,2023-01-02T16:16:38.000Z,Web,ed8e9353b2e6,False,125,2023,source,2023 | Debt collection,https://www.consumerfinance.gov/data-research/consumer-complaints/search/api/v1/6389178
6388699,"I am having an issue removing the Principal and Mortgage Insurance with my loan servicer, Mr. Cooper. 

In XXXX of XXXX, I believe it was around the XXXX, I initially reached out to Mr. Cooper about having my home reappraised for a fee to remove the PMI from my loan. I have made substantial improvements since my initial purchase in XXXX and during that time I reviewed my options for removing the PMI with Mr. Cooper 's representatives. During my initial call in XXXX, I detailed the improvements made to my Property. The representative took down that information to provide to the appraisal company. I was told I would hear from a Real estate Appraisal company in approx 30 days to schedule the appraisal. 

I never heard back. I called into Mr. Cooper again at the beginning of XXXX to check on the status of said appraisal. I was told that they were waiting for the dollar value of the improvements made so that the appraisal company could contact me. I questioned the rep why no one had reached out to me if they needed more information or why the original rep had not requested it when I first called.. They could not provide an answer. I provided the detailed information to the Rep and requested that they expedite my request. They advised that they would do their best. 
Approx 30 days later on XX/XX/XXXX, I received a letter that my request was canceled, I called and asked what was wrong and they said they reached out once and I didn't answer their call. First, I had never received a call from an Appraisal company and secondly, they didn't leave a message of any sort. I asked for a supervisor and they said that we had to go back through the process all over again. I unhappily obliged and we enter another request for an appraisal slightly after XX/XX/XXXX. 
Another 30+ days pass. I call in again on XX/XX/XXXX and am told the same story. They tried calling me once, but couldn't get ahold of me and canceled the request. This time they also tell me they do not have a form on file for the Appraiser to leave a voicemail. I ask for a Supervisor and am forwarded multiple times to XXXX at XXXX. She assures me that she can get everything in order and have something scheduled in 30 days. 

I requested that Mr. Cooper cover my appraisal fee as I have paid multiple months ' worth of PMI at $ XXXX v. what would have been expected if they had appropriately scheduled a routine appraisal. XXXX said she did not have the authority to do that. 

Today is XX/XX/XXXX and I have yet to receive a call or document notifying me that my request has been canceled.",Mortgage,Trouble during payment process,2023-01-02T17:30:54.000Z,Web,6aa713e42cd9,False,470,2023,source,2023 | Mortgage,https://www.consumerfinance.gov/data-research/consumer-complaints/search/api/v1/6388699
6388787,In XXXX I called Comenity Bank becaus I was unable to pay my bills with them due to hardship. I spoke with a supervisor who gave me a date of XX/XX/2022 to make my first payment of {$65.00}. I was enrolled in the hardship program. I received an alert on XXXX XXXX 2022 that my credit score has dropped XXXX points due to a delinquent account for Comenity Bank. I called the bank and the harship department. They both claimed they didn't report it and there's nothing they can do.,Debt collection,Attempts to collect debt not owed,2023-01-02T17:30:57.000Z,Web,26d50c6e75f6,False,90,2023,source,2023 | Debt collection,https://www.consumerfinance.gov/data-research/consumer-complaints/search/api/v1/6388787
6388448,"XX/XX/XXXX Caliber transferred service of my loan to XXXX. Just before this transfer, I ended my COVID forbearance under Caliber, and made restarted payments eff. XX/XX/XXXX but was told I had to make phone payments because underwriters were working on my account. I requested the removal of PMI  based on the evaluation of my home, done by Caliber 's broker and was issued a XXXX XXXX XX/XX/XXXX, showing the increased value of my home, which put the value above the threshold to carry PMI. Caliber let me know that underwriters would automatically remove this, they issued the letter and it would be included with all materials when the underwriter saw it, and I would see the removal of PMI in my statements once the underwriting was complete. When I asked why an underwriter was reworking my loan, since my mortgage terms remained the same per my COVID deferral/ending agreement, a SPOC agent let me know that all those ending COVID forbearance go through underwriting and it would take minimally 45 days to complete this. All this sounded reasonable, so I waited. Shortly after this Caliber conversation, I then learned in late XXXX that my mortgage servicing would move to XXXX, with Caliber holding the note. When I called XXXX ( many times ) to ask about status of the PMI removal they said they would review that and did not have the records and no information. I stated that I have the letter and it should be in my records from Caliber. XXXX said they would review it after they got my records and then later told me they could not 'see ' any records prior to my mortgage being transferred to XXXX  for servicing. It is nowXXXX and my account is still inaccessible online. The PMI is still on my mortgage statement/payment. I have to make my payments by phone - and when I call to request a fix a CSA tells me they are working on it, but not before they tell me they are a 'debt collector '. By law XXXX/any services has 60 days after transfer to provide transparency around your mortgage. I am also now being hit with an escrow shortage, an increased mortgage payment. I spend countless hours on hold with no resolution and no information. At times, I have spent 2 hours on hold with no one answering. Who has the TIME to wait like this and then be told they don't have the info and/or they will file an IT ticket or complaint. This is not a good servicer that leaves the consumer in the dark about payments. What I want : access to view my mortgage and terms ; information on what is now a 2nd escrow analysis ( one in XXXX, a XXXX in XXXX ) ; removal of PMI based on my BPOE letter showing increased house value ; transparency around the COVID deferral/no-interest back due amount that should be shown separately from my main mortgage ( I am under same terms as prior to COVID, per my deferral agreement. ) which is now shown as being grouped in with the main mortgage with interest being charged on the combined total amount ( an increase of $ XXXX per month ). ( My total mortgage was {$510000.00} prior to my COVID deferral of 12 months. It is now showing on the paper statements that XXXX is sending as {$520000.00} with no breakout of the missed payments ( PITI ) from the new total mortgage balance. ( Caliber made escrow payments during my COVID forbearance ; any backdue should be tacked to end of loan, or sale/refinance. ) When I ask for clarification or correction from XXXX  I am told they dont have my mortgage information prior to transfer, or, that I can file a complaint and they can do an analysis. They are not providing me with information around the details of my mortgage other than 2 paper billing statements and a 'hello/goodbye'/ 'welcome ' letter. XXXX is very simple not following the federal law regarding PMI removal, COVID deferrals and using delay tactics with the additional upfront cost being pushed to me/the consumer, while they take many more months to get information from Caliber and do an analysis. XXXX  illegal delay tactics are costing me serious money and stress. At minimum, my interest on the mortgage should NOT be significantly and consistently higher than when I began the COVID deferral ( but it is per the 2 statements I've received ) and with PMI being removed, per law, my mortgage payment should be reduced by approx. $ XXXX {$150.00} per month. I want clarity around the ENTIRE scope/duration of my mortgage, what escrow payments have been made, what has been deferred into a zero-interest account, and the removal of PMI.",Mortgage,Trouble during payment process,2023-01-02T18:30:37.000Z,Web,496c7329108c,False,802,2023,source,2023 | Mortgage,https://www.consumerfinance.gov/data-research/consumer-complaints/search/api/v1/6388448
6388079,"I had notify my bank about not authorizing any more transactions from XXXX XXXX since I had canceled my policy with them, the representative said that was done then a XXXX XXXX later I found a charge from XXXX XXXX for {$750.00} when I tried to dispute the transaction the representative couldn't help.",Checking or savings account,Managing an account,2023-01-02T20:42:04.000Z,Web,f3bbfcd28b8d,False,53,2023,source,2023 | Checking or savings account,https://www.consumerfinance.gov/data-research/consumer-complaints/search/api/v1/6388079
6387977,"For the pass 3 months, someone has gotten into my checking account. Every time the bank sends me a new debit card, the thieves already have the new number and charges on it.",Checking or savings account,Managing an account,2023-01-02T21:25:21.000Z,Web,d0fe1ffc3ebe,False,33,2023,source,2023 | Checking or savings account,https://www.consumerfinance.gov/data-research/consumer-complaints/search/api/v1/6387977
6387965,"It has now been ( 90 ) days that National Credit Systems has not furnished a contract bearing my signature, in order to bind me to an alleged debt that they claimed to verify but have not sent me ANY of the documentation I asked for, nor that I am entitled to under the Fair Debt Collection Practices Act. They are in violation of this act for NOT verifying this debt reported on my credit nor furnishing me with a contract bearing my signature binding me to this debt for more than ( 90 ) days. This account should be deleted firstly from my credit report and immediately afterwards from their system entirely. These are false, misleading and inaccurate actions that is unfair to me enjoying the benefits and privileges of fair credit reporting and should be deleted expeditiously.",Debt collection,Attempts to collect debt not owed,2023-01-02T21:54:03.000Z,Web,279c997b1c06,False,139,2023,source,2023 | Debt collection,https://www.consumerfinance.gov/data-research/consumer-complaints/search/api/v1/6387965
6387948,"In XXXX, I had a television and internet service account with XXXX XXXX XXXX for XXXX XXXX Not satisfied with their service, I called to cancel the account. I spoke with an XXXX XXXX XXXX rep over the phone who closed my account with no balance due and mailed me a shipping label to return my equipment. I shipped my equipment and the tracking number showed received. XXXX XXXX later I start getting messages from XXXX XXXX XXXX that my account was overdue. I tried to tell XXXX XXXX XXXX my account was closed and that my equipment had already been returned. I contacted XXXX XXXX XXXX XXXX times to explain the situation to them, however, they kept simply ignored my facts and asked for payment. After a XXXX XXXX XXXX XXXXXXXX XXXX XXXX sent the account to collections which I disputed as not due. When I disputed the account, the XXXX XXXX XXXX agreed with us and removed the collection. XXXX XXXX XXXX used subversive actions by reporting the disputed collection to another collection company which would then show up as a collection on my credit. I have disputed this same disputed collection multiple times for over XXXX XXXX from different collection companies and each time the XXXX XXXX XXXX has agreed with me and removed the collection. I need assistance in telling XXXX XXXX XXXX to stop moving the disputed collection to a different collection agency each time I dispute the collection and have it removed from my credit by the XXXX XXXX XXXX. At this point XXXX XXXX XXXX is XXXX me without due cause. Since the last CFPB complaint, XXXX XXXX XXXX has once again used a different collection agency after disputing the previous collection agency.",Debt collection,Attempts to collect debt not owed,2023-01-02T21:54:16.000Z,Web,a65e70cdba99,False,290,2023,source,2023 | Debt collection,https://www.consumerfinance.gov/data-research/consumer-complaints/search/api/v1/6387948
6387728,"I am writing to dispute the following information in my file. I recently received a copy of my credit report. The credit report showed credit inquiries that I dont recall authorizing. I understand that you shouldn't be allowed to put an inquiry on my file unless I have authorized it. Please have these inquiries removed from my credit file because it is making it very difficult for me to acquire credit. -TD/bank USA /target {$310.00} XXXX had a credit card with target credit limit was {$250.00}. After i flied a complaint to CFPB The Bank called me and we fund a deal to pay off and remove this negative in my file. On XX/XX/2022 I payed {$200.00} to USA /TARGET TD BANK it seem they forgot to remove this enquiry. 
Please Remove this enquiry for me. 
XXXX",Debt collection,Attempts to collect debt not owed,2023-01-02T22:04:59.000Z,Web,90a9505cf729,False,137,2023,source,2023 | Debt collection,https://www.consumerfinance.gov/data-research/consumer-complaints/search/api/v1/6387728
6387587,"On XX/XX/2022, I sold my property to where my closing attorney wired the payment to the business account I have on file with Chase bank. Before that I called the bank and was informed, I should receive the wire in 1- 2 businesses days.I called Chase on the XXXX and was told that the money is there and pending.That same day I also made an entry to the Chase "" secure message center '' & received a response that the wire is under review. On XX/XX/XXXX I went online and my business account was closed.I immediately called the bank and a representative stated that the system automatically closed my account for inactivity. The supervisor later reopened my account, but did not show until the following day .It is now Monday, XXXX XXXX and the bank has not released my money. Please look into this matter for me because Chase bank has failed me. They are holding the money for the sale of my property and this is not settling well with me. They have lost my trust.",Checking or savings account,Managing an account,2023-01-02T22:42:12.000Z,Web,69e43b90286d,False,177,2023,source,2023 | Checking or savings account,https://www.consumerfinance.gov/data-research/consumer-complaints/search/api/v1/6387587
6392239,I try to one and account in Capital one and it said that someone alredy use my SSN to open one such thing that i didnt do,Checking or savings account,Opening an account,2023-01-03T05:36:53.000Z,Web,e495a5208eea,False,27,2023,source,2023 | Checking or savings account,https://www.consumerfinance.gov/data-research/consumer-complaints/search/api/v1/6392239
6393376,I had purchased the XXXX from Crown 's Finance in XXXX XXXX back in XXXX of 2022 with a loan of XXXX that I was to pay off in 4 years or so and I wasn't able to keep paying off the car so I asked the loan officer XXXX XXXX XXXX XXXX XXXX located in XXXX to come and get my car in XXXX I believe and ever since then I feel like XXXX XXXX is still trying to collect payment from me because I voluntarily gave up my car back in XXXX of 2022.,Vehicle loan or lease,Struggling to pay your loan,2023-01-03T05:52:02.000Z,Web,13bd29e2b773,False,96,2023,source,2023 | Vehicle loan or lease,https://www.consumerfinance.gov/data-research/consumer-complaints/search/api/v1/6393376
6392005,So I went into my bank account to check my transactions my card was used by someone in the XXXX XXXX to order XXXX Now thats somewhere I dont eat my card stays home at all times XXXX XXXX XXXX every where I go Being my card was charged the payment was reversed back to me But this caused my to not trust the banks because why is my account being used when I never went to XXXX XXXX privacy is being invaded this caused me some XXXX  and made me uncomfortable,Checking or savings account,Managing an account,2023-01-03T14:20:39.000Z,Web,dd706854ec1a,False,92,2023,source,2023 | Checking or savings account,https://www.consumerfinance.gov/data-research/consumer-complaints/search/api/v1/6392005
6393123,"I called into my mortgage company, Carrington Home Mortgage Services on XX/XX/XXXX to make my mtg pymt. I let the csr know that I needed to break up my XXXX mtg payment into XXXX payments. That I would pay {$1200.00} that day and the remaining sum of {$1800.00} prior to it being actually late. The XXXX confirmed this with me and took my partial pymt over the phone. He confirmed and clarified this is not a problem to do so. That funds would be applied this way and accordingly to my XXXX mtg pymt. When I called back on XX/XX/XXXX, the XXXX said my {$1200.00} was not applied this way and in fact applied to other past previous late charges and that it was not applied toward my XXXX pymt and that my entire XXXX pymt was still owed. I spoke to a XXXX who said she would pull the phone call to confirm that what I said is true and now I'm waiting. This is completely bait and switch and misappropriating my funds without my consent. The XXXX  from my first called assured me breaking my pymt into XXXX pymts was not a problem, nor did he say that the funds could not be applied this way. This if misappropriating and fraudulent on Carrington Mtg 's part.",Mortgage,Trouble during payment process,2023-01-03T16:21:57.000Z,Web,deed3f5fab53,False,218,2023,source,2023 | Mortgage,https://www.consumerfinance.gov/data-research/consumer-complaints/search/api/v1/6393123
6391614,I payed the lender money to not repo the car and they took the car stated I owed them XXXX dollars and said because I aint pay them that I owe them XXXX dollars now and the name of the company that kept my money and car is bridgecrest they are a rip off my loan has been XXXX for 3 years never went down after payments,Vehicle loan or lease,Struggling to pay your loan,2023-01-03T16:55:15.000Z,Web,ec931ecde9a1,False,67,2023,source,2023 | Vehicle loan or lease,https://www.consumerfinance.gov/data-research/consumer-complaints/search/api/v1/6391614
6391485,"I have attempted to obtain the pay-off balance for loan XXXX since the end of XX/XX/XXXX. I have made over 16 phone calls, resulting more than 2 hours being transferred and placed on hold. In addition to this, my attorney, XXXX XXXX, has called numerous times, both being told the pay-off would be sent anywhere from 30 minutes to 7-10 days. To-date, the only documentation I have received from PNC is the attached payoff statement sent to my attorney. The additional information ( letters of pay-off ) have been sent via their collections agency.

My account was placed in forbearance as part of the CARES act. The forbearance ended XX/XX/XXXX. I have been told I could not speak to PNC regarding the loan, and that I needed to have my attorney contact PNC on my behalf. Likewise, my attorney has called and been told he couldn't speak on my behalf. I have also requested to make payments and have been told your company could not accept payments at this time. 

I was able to reach a representative who, without hesitation, accepted two payments totaling {$130000.00}, posting on XX/XX/XXXX and XXXX from my account, in addition to the {$1500.00} posted on XX/XX/XXXX. According to the Payoff Statement sent on XX/XX/XXXX, the total owed is {$170000.00}. 

PNC 's online statement for the transaction period of ( XX/XX/XXXX to XX/XX/XXXX ) Payment for the XX/XX/XXXX regular payment was recorded on XX/XX/XXXX in the amount of {$1500.00}, which was the amount due provided by your representative as the monthly payment. I spoke to several representatives asking what the pay-off amount was beginning XX/XX/XXXX as the funding was and still is available. After several additional calls, I decided to make payments to reduce the principle, resulting in a reduction of interest charged. According to PNC 's online statement received for the XXXX cycle, the {$1500.00} was not applied to the account. The outstanding principle should have reduced from {$160000.00} with the XX/XX/XXXX payment. When I received the billing statement for XXXX, the outstanding principle still remained at {$160000.00}. I made a total of {$130000.00} payments since XXXX, XXXX, however, according to your statements, none of which has been applied to the account. I specifically stated I wanted the residual payment of {$26000.00} applied to the outstanding balance and credited to the XXXX monthly payment. I paid {$130000.00} to the PNC directing them the payment be fully applied towards the principle and expected this to be completed. Additionally, the statement for the XXXX states, if the amount of {$23000.00} is paid account would be current. On your XXXX - XXXX statement it states, if the amount of {$24000.00} is paid the account would be current. This astounds me that having paid {$27000.00} the account would not only be caught up, it would have exceeded the amount due, with the residual being applied to the XXXX monthly payment amount. The XX/XX/XXXX and XXXX statement also states, the amount of {$6100.00} in escrow/impound overdraft has not been paid through XX/XX/XXXX. It was my understanding that the amount paid brought the account current, if your documentation is true, then as part of the payment due it would include the escrow amount, interest, and unpaid principal balance updated for the forebearance period, not carry forward as additional escrow of {$6100.00}. In addition, the interest needs to be adjusted against what the actual principle amount should be with the {$130000.00} applied. 

At this point, I am demanding a complete itemized detail of all charges, including application of the amounts to be applied directly to principle and the payments made for XXXX & XXXX month installments. I am also expecting the interest charges assessed be corrected to reflect the actual amount against the correct principle. The corrected escrow owed, which should be XXXX for the current year, as it was paid on XX/XX/XXXX, no later thank Thursday, XX/XX/XXXX.",Mortgage,Closing on a mortgage,2023-01-03T17:37:44.000Z,Web,fe8511038e6c,False,646,2023,source,2023 | Mortgage,https://www.consumerfinance.gov/data-research/consumer-complaints/search/api/v1/6391485
6391305,"Aidvantage has not provided me with the information for the transfer I requested a year ago. I asked them to send me a list of all payments I made, along with my balance information. They never sent it. I have kept track of what I owed, along with all my payments over the years. My original balance when transfered to them from fedloan was XXXX. I made XXXX worth of payments, which reflect in my accounts. However, they stated there was a payment reversal on those, there were not. Then they added XXXX dollars to my balance as an adjustment for no reason. I do not owe this money. I had paid that much before my balance was transferred to them. I need my balance corrected and would like to be switched to another servicer as this one is fraudulent. I have had nothing but issues since they took over.",Student loan,Dealing with your lender or servicer,2023-01-03T18:38:09.000Z,Web,3f23ffe9e617,False,150,2023,source,2023 | Student loan,https://www.consumerfinance.gov/data-research/consumer-complaints/search/api/v1/6391305
6391203,"Inquiry/Complaint : Can a banking institution require repayment for funds they have not disbursed to me or any company on my behalf? 

In XX/XX/XXXX I closed on a One-Time Close Construction Loan with WesBanco Bank XXXX The total estimated amount that was to be financed was {$790000.00}. This amount included the lot, the cost of construction, as well as a $ XXXX contingency in the instance of any overages. The actual cost of construction is yet to be determined,, as construction has not begun. As with any construction loan, there are multiple draws that occur in order for the funds to be disbursed to the contractors/builder.To date, no draws for construction have occured. 

Currently, the principal balance on the loan is {$190000.00}. The construction loan required interest only payments during theconstructionphase. The interest only payments were on the {$190000.00} not the entire loan amount. I have now been informed, by WesBanco, that thebuilder has not met the deadline for the construction period and as a result, the allowed construction phase will end in XX/XX/XXXX and the principal balance and interest payments will begin in XX/XX/XXXX. 

The issue that I have encountered is that the payment amount that is set to begin in XX/XX/XXXX is not for the current principal balance and interest on the {$190.00}, XXXX that has been disbursed, rather it is on the complete budgeted amount of {$790000.00} - of whichWesBanco is currently holding {$600000.00}. Based on the lot finishing sheet that was provided by the builders to WesBanco, $ XXXX is contingency funds that may or may not even be used, as we will not know the actual cost of construction until it begins over a year from now. 

Thequestion I pose : Is abanking institution allowed to require repayment on funds they have not actually disbursed to myself or any company on my behalf? In this case, {$600000.00} has never been disbursed and is still with the bank however, my monthly mortgage payment will be approximately {$3700.00}, to cover repayment for the non-disbursed funds. 

WesBanco has stated that I am fully responsibility for the full mortgage payment on the total budgeted amount for the loan, even if they have not actually disbursed the funds.They have also indicated that if I would like to sell the lot and satisfy the loan, I would only owe the current balance of {$190000.00}. So there is a bit of confusion here as the monthly payments do not reflect the balance due. 

I understand making payments on what has been disbursed, but I don't quite understand how payments can be required on funds the bank has not disbursed andmaynot disburse, pending the actual total amount for construction once the build is complete. It would likely be more reasonable to understand if the bank disbursed all the funds to the contractor to put in escrow, however this did not occur and they still have the funds they are requesting repayment on. 

Can you please advise if this is an acceptablebusiness practice, as this is my first time purchasing via a constructionloan. 

Total Construction Loan Amount : {$790000.00} Total Draws/Disbursements to Date ( XX/XX/XXXX ) : {$190000.00} Current Payoff Amount : {$180000.00} Amount WesBanco has never disbursed : {$600000.00} Monthly Mortgage Payment to begin XX/XX/XXXX : {$3700.00} ( with or without an existing structure or any additional draws )",Mortgage,Trouble during payment process,2023-01-03T18:42:04.000Z,Web,c037af53c194,False,556,2023,source,2023 | Mortgage,https://www.consumerfinance.gov/data-research/consumer-complaints/search/api/v1/6391203
6391049,"XXXX XXXX XXXX XXXX XXXX XXXX, ME XXXX XX/XX/XXXX XXXX XXXXXXXX XXXX XXXXXXXX Upgrade XXXX XXXX XXXX XXXX XXXX, NJ XXXX Consumer Financial Protection Bureau XXXX XXXX XXXX XXXX Washington, DC XXXX Promotional Offer Demand Letter To Whom it May Concern : On XX/XX/XXXX, I applied online for an Upgrade Card at XXXX XXXXXXXX XXXX in response to a promotional offer to earn XXXX SB after you deposit your first {$25.00}! on XXXX 

I met the terms but the SB did not post. 

Now, I respectfully demand that XXXX XXXX XXXX pay the advertised bonus of {$75.00}. 



Sincerely, XXXX XXXX",Checking or savings account,Opening an account,2023-01-03T19:09:08.000Z,Web,5d39d4333a8b,False,100,2023,source,2023 | Checking or savings account,https://www.consumerfinance.gov/data-research/consumer-complaints/search/api/v1/6391049
6391012,"I bank with XXXX XXXX XXXX XXXX. My online banking was hacked XXXX. I received a text message from a hacker pretending to be my bank stating that my account was locked and that I need to log into my account to unlock it. I did log into my account and then I called my bank to let them know what was going on. My bank stated that my account was fine and my account was not locked. At this time, I was unware that this text message was actually fraud. The following day XX/XX/XXXX, I received a email from XXXX XXXX XXXX XXXX stating that {$2200.00} was taken out of my checking account and moved via 'external transfer ' to an account for XXXX XXXX XXXX I have never heard of XXXX or have any relationship at all to that bank. I had to wait until XXXX XXXX to hear from XXXX XXXX XXXX XXXX becuase of the XXXX XXXX XXXX I called XXXX  ( XX/XX/XXXX ) and XXXX XXXX XXXX XXXX XXXX fraud department basically told me that there was nothing they could do to get my {$2200.00} back and the only thing they could do was change my account number so that the hacker no longer has access to it. I filed a police report for the fraud activity and I also got contact with XXXX who let me know that the account number that my money was sent to was actually for a bank by the name of MoneyLion. I contacted MoneyLion bank on XX/XX/XXXX and they stated that the money that was stolen from me was no longer in that account and they had no way of getting my money back to me. MoneyLion did close that fraud account and sent a email to me confiming this. I still have no way of getting my {$2200.00} back and do not any other steps to take so I am praying that you can help me.",Checking or savings account,Managing an account,2023-01-03T19:25:18.000Z,Web,aa275fbd0ce2,False,329,2023,source,2023 | Checking or savings account,https://www.consumerfinance.gov/data-research/consumer-complaints/search/api/v1/6391012
6390964,I made a purchase from XXXX and was charged more than expected so i decided to cancel the order. They issued a refund on XX/XX/XXXX. I can see it was sent on the customer account.The bank keeps saying they have not received the refund. I filed a dispute with the bank. Then on XX/XX/XXXX another refund was issued. I still have not received my funds from the merchant and it has been sent to the bank twice.,Checking or savings account,Managing an account,2023-01-03T19:49:54.000Z,Web,629dc230953e,False,77,2023,source,2023 | Checking or savings account,https://www.consumerfinance.gov/data-research/consumer-complaints/search/api/v1/6390964
6391029,"My wife and I applied for a mortgage loan from Arvest Bank in XXXX, OK. We started the process on XX/XX/2022. During the process Arvest Bank required us to pay a {$500.00} deposit that would be refunded once the loan closed. We promptly paid that with our credit card. The loan closed on XX/XX/2022. Since then we have tried several times to get our {$500.00} back. It has now been XXXX weeks since the closing and we have had a variety of excuses but have not received the check. If the bank had any concern about customer service they would have credited this amount at closing. 
Apparently we need help in getting the {$500.00} refund.",Mortgage,Applying for a mortgage or refinancing an existing mortgage,2023-01-03T20:21:41.000Z,Web,45203185baa6,False,115,2023,source,2023 | Mortgage,https://www.consumerfinance.gov/data-research/consumer-complaints/search/api/v1/6391029
6390828,"I have made payments consistently for XXXX years. I submitted a payment by check only for them to say they didnt receive it. I then submitted a payment online and after they received it, they cashed my check. I called and was told I would be getting a refund only for them to send me a new bill saying it was past due. They now refuse to update my account or refund me my money.",Student loan,Dealing with your lender or servicer,2023-01-03T21:55:21.000Z,Web,b32e8c9ea59e,False,75,2023,source,2023 | Student loan,https://www.consumerfinance.gov/data-research/consumer-complaints/search/api/v1/6390828
6390736,"As I was looking over my files, I do not see a contract between myself, XXXX XXXX and the company : Exeter Finance. Can you please produce a contract that you- Exeter Finance and I, XXXX have signed that states you offered me anything and that there were securities and goods exchanged? 

Also, on a contract that I received from XXXX XXXX, it states that a contract was given over to Exeter Finance Corp. Can you elaborate on what is your company 's correct name please?",Vehicle loan or lease,Managing the loan or lease,2023-01-03T23:23:38.000Z,Web,07321d02acbf,False,86,2023,source,2023 | Vehicle loan or lease,https://www.consumerfinance.gov/data-research/consumer-complaints/search/api/v1/6390736
6390732,"On or about XXXX XXXX, I made a payment of {$430.00} to Toyota Financial Service for my auto loan. XXXX  to me, Toyota Financial changed my post date until XX/XX/XXXX without my permission. I received a call from Toyota Financial ALLEGING that I did not make my XX/XX/XXXX payment. I disputed the false allegations and told representative that I already made payment on or about XX/XX/XXXX. I tried calling Toyota Financial on XX/XX/XXXX, XXXX to correct THEIR mistake and I have been WAITING on the phone for over XXXX XXXX MINUTES and counting! I want Toyota Financial to correct THEIR mistake, not to be charged any lates fees, additional cost or accumulated interest because of THEIR error! I have NEVER requested to have my payments post dated and I have enough funds in my account to cover the transaction then and now.!",Vehicle loan or lease,Managing the loan or lease,2023-01-03T23:31:32.000Z,Web,9320198aafe8,False,142,2023,source,2023 | Vehicle loan or lease,https://www.consumerfinance.gov/data-research/consumer-complaints/search/api/v1/6390732
6390133,"Wells Fargo Home Mortgage : ( XXXX ) XXXX Fax : ( XXXX ) XXXX XXXX XXXX XXXX, XXXX XXXX, IA XXXX I recently, 2 months ago received info regarding my mortgage will reset in XX/XX/XXXX as it was a 7 year year ARM.! This has totally caught me off guard as i have never asked for an ARM type of mortgage! My monthly payment will go from {$1700.00} to over {$2200.00} and possibly as high as {$2700.00}! I never asked for this type of mortgage back in XX/XX/XXXX as it was a replacement for an ARM that i already had with another company. I specifically asked for fixed rate as i mentioned and stressed to them that I retiring in 2 years which i did in XXXX. Made numerous call but with no progress. Please see below latest interaction event with them 1. Contacted XXXX XXXX XXXX XXXX in XX/XX/XXXX, she recommended do nothing and wait until XX/XX/XXXX. 
XXXX. Contacted Home Mortgage Main Office in XXXX XXXX in XX/XX/XXXX ( XXXX ) XXXX talked to a rep, then transffered to another Customer Service. Later on she checked with a third department telling me, I have to wait until the increase the payment, then call a department Home Preservation Tel # XXXX they can work on it. Well Fargo wanted me to wait and had no interest in resolving the issue in advance! 

Background relevant Information 1. Loan was taken on XX/XX/XXXX for $ XXXX to replace an ARM loan with XXXX which I was paying {$1100.00} interest only per month. ( Interest rate was 3.3 % ) XXXX. There were no equity taken and the ratio of the loan to the house value was about 60 % way below what they were looking for to secure the loan. 
3. My Current fixed mortgage payment with Wells Fargo is {$1700.00} per month ( Principal & Interest at interest rate of 3.5 % ) 4. I Was told that no house appraisal will be needed due to the very high equity on the house and I am not taking any money out of the refinance. Wells Fargo bank changed this and I was forced to pay for their appraisal. 
XXXX. I have requested XXXX line of credit with the loan and it was verbally approved, but later on found out I was misled and it is only XXXX! 
XXXX. I have requested and made it clear I wanted a Fixed Interest Loan for the following reason : A. I will be retiring with 2 years. 
XXXX I am replacing an ARM type of loan and it did not make any sense to pay all the fees and do another refinance later on. 
XXXX I also had another ARM type of loan from Wells Fargo on a different property and the payment kept on increasing every year and eventually I had to sell the property I feel i was misled and lied on by Wells Fargo whom i rusted and banked with over 37 years!!",Mortgage,Applying for a mortgage or refinancing an existing mortgage,2023-01-04T00:56:18.000Z,Web,9460924db136,False,503,2023,source,2023 | Mortgage,https://www.consumerfinance.gov/data-research/consumer-complaints/search/api/v1/6390133
6390071,"NewRez is at it again. After getting them to finally agree they messed up they said they would keep me off the marketing list ( see CFPB complaint XXXX ) and yet I receive another marketing offer. I have submitted, and they have admitted receiving do not ( marketing ) contact and they continue to do so.",Mortgage,Applying for a mortgage or refinancing an existing mortgage,2023-01-04T01:15:28.000Z,Web,d06a3cbbeb32,False,57,2023,source,2023 | Mortgage,https://www.consumerfinance.gov/data-research/consumer-complaints/search/api/v1/6390071
6399140,"I called today XX/XX/XXXX to follow up that my loan count be updated based on XXXX. Previously, I uploaded the required for that was signed by my HR at XXXX on XX/XX/XXXX and staff said that would be processed. Today another representative at MOHELA said that form will be denied because it was signed in XX/XX/XXXX and uploaded in XX/XX/XXXX. When I asked to speak with a Supervisor, I was placed on Hold for 15 minutes and I had to hang up.",Student loan,Dealing with your lender or servicer,2023-01-04T14:54:23.000Z,Web,448404b6762c,False,82,2023,source,2023 | Student loan,https://www.consumerfinance.gov/data-research/consumer-complaints/search/api/v1/6399140
6398764,"I made two separate requests for a refund for payments voluntarily made during the COVID-19 forbearance, one with XXXX and then another with Mohela ( when I was told there was no record of a XXXX request ). When I followed up through email, I was told there was a refund to be processed due to PSLF discharge. However both requests were made much prior to discharge. I would like to make a complaint about this situation.",Student loan,Dealing with your lender or servicer,2023-01-04T16:42:48.000Z,Web,51afd9b1916c,False,77,2023,source,2023 | Student loan,https://www.consumerfinance.gov/data-research/consumer-complaints/search/api/v1/6398764
6397971,"MOHELA has had my loan portfolio, including my XXXX  forms, since XXXX. I can not get them to give me an updated payment count. They told me in XXXX it would update in a month and it didn't. XXXX and XXXX have passed by and it hasn't updated. 

I spoke to an agent today and they said it would be another 90 days. I told them that wasn't acceptable as they've had all of my documentation since XXXX and I need to know my qualified payment count for planning purposes around my employment and getting married for tax purposes. They said they'd transfer me to a "" supervisor '' but I was put on hold and no one picked up the phone.",Student loan,Dealing with your lender or servicer,2023-01-04T18:01:32.000Z,Web,05b8e9c993a3,False,122,2023,source,2023 | Student loan,https://www.consumerfinance.gov/data-research/consumer-complaints/search/api/v1/6397971
6403598,"Wells Fargo auto and XXXX XXXX XXXX violated me consumer rights according to 15 U.S Code 1605, 15 U.S Code 1662, and 15 U.S Code 1635.",Vehicle loan or lease,Managing the loan or lease,2023-01-05T16:53:08.000Z,Web,14ad3f24afcf,False,26,2023,source,2023 | Vehicle loan or lease,https://www.consumerfinance.gov/data-research/consumer-complaints/search/api/v1/6403598
6402680,"I have a Spousal Consolidation Loan that was serviced by XXXX for over a decade where I applied for the XXXX under the limited waiver. Until last week, I did not receive any information about my application until I submitted a CFPB complaint asking for a status of the loan. I'm a co-signer on the loan. This should not limit XXXX forgiveness because the XXXX of the United States signed a law that allows for these loans to be split and also forgiven under the XXXX program. XXXX did not forgive my portion of the spousal consolidation loan and instead stated that the loan was transferred to a new servicer, XXXX  in early XXXX. When I contacted XXXX, the new servicer, the company ( XXXX  ) stated that MOHELA XXXX XXXX. The primary signer on the loan and I divorced in XXXX, XXXX. I want the loan separated back out according to the law that the XXXX signed last fall. I also want my portion of the loan forgiven through the XXXX program since I have met all the requirements for this. I have been serving in the XXXX XXXX since XXXX of XXXX and have applied several times for forgiveness through this program. I'm also ONLY concerned about the spousal consolidation loan for the program ( not my graduate loans that are zeroed out ).",Student loan,Dealing with your lender or servicer,2023-01-05T20:40:17.000Z,Web,89bc84522289,False,226,2023,source,2023 | Student loan,https://www.consumerfinance.gov/data-research/consumer-complaints/search/api/v1/6402680
6402189,"I have a PSLF issue with MOHELA and the Department of Education. Both know that the payment count on the subsidized and unsubsidized parts of my consolidated loan should match, which they do not. I have been told to file a reconsideration request to get it resolved on XXXX, which I did. The problem is that my 120th payment is in 3 months and the last time I filed a reconsideration request it took 4 months to be recognized. I would like this fixed as soon as possible. The missing months are XXXX through XXXX of 2009. Thank you.",Student loan,Dealing with your lender or servicer,2023-01-05T21:25:25.000Z,Web,0ee3c2d02a02,False,99,2023,source,2023 | Student loan,https://www.consumerfinance.gov/data-research/consumer-complaints/search/api/v1/6402189
6401770,"In XX/XX/XXXX I contacted Wells Fargo auto financing to pay off my auto loan a couple of days later after paying a loan over the phone I was notified by Wells Fargo about payment of loan due to the suspicion of funds coming from another persons account. After receiving the notice by text message, I then called Wellsfargo immediately with account holder to verify the use of funds to pay off a vehicle during this conversation with Wellsfargos representative, it was later, determined by a Wells Fargo representative that there was an issue with the representative, taking down the wrong information for the account, which was noted during the telephone call. A week later it had came tonight tension that the money was never pulled from the account to pay off the vehicle. I then called Wells Fargo again to make sure that the account was paid in full. During this time, it had been noted that the sales representative prior took down the wrong information and the new representative, apologize for the actions of the prior worker, and proceeded to pay off my account again. being that it had been at least XXXX weeks between time. I had insisted that I pay off the same amount that was given to me prior to the confusion with the prior Wellsfargo representative. I proceeded to ask the representative what was the balance owed, and if I could pay it in full over the phone the worker got permission from his supervisor and informed me what the balance was and that was what he was supposed to take off my debit card. In XXXX XXXX then received my paid off documents that included my New Jersey title my XXXX for my vehicle my original contract all dated for XXXX XXXX 
Approximately XX/XX/XXXX of XXXX I then received an account summary statement out of the blue, indicating that there was a balance owed on the loan. I then proceeded to call Wells Fargo asking about the account summary statement being that I hadnt received XXXX since the month of XX/XX/XXXX. I asked why was I receiving an account summary bill invoice when this account was paid off and I had received all of my documents indicating that. The loan had been satisfied and they no longer have no interest in my vehicle. I then call Wells Fargo to get clarity and was told by executive office that my payoff of used to make monthly payments on loan which is why I didnt receive any monthly statements because it was paid up until XX/XX/XXXX. After expediting the case to executive level the first time they could help me it need to go over to supervisors due to my concerns on my case The Executive informed me that after reviewing the calls it was clear that the representatives that worked with me during the time I paid off the loan had not only Missed informed me of accurate payoff amount but also it had been noted that the representative missed the correct account number, and the payments were processed wrong in the system, and she had informed me that the payment was never processed correctly, and or in full. I then proceeded to ask her why I wasnt there. No no follow up on mishaps and why am I finding out XXXX months later. I then explain to her that my intentions were to pay off my loan ASAP. While the funds were available by me calling in at least XXXX times. I also Asked her. Why didnt I get any account summary billing monthly as I had prior which would have alarmed me sooner than me receiving a bill XXXX months later I then proceeded to inform her that I have received all documents that are normally giving after a car loan is paid being that I live in the state of New Jersey I am a XXXX XXXX holding state. She then proceeded to expedite me a new case being that she could not help me.. moving forward I have had at least XXXX cases which were clear that no one was communicating properly between each representative. Ive been told I would have to call back someone would get in contact with me due to trainings I was also till during this time every case can only be open for XXXX days to where executives would close would close out the cases prior to reaching out to me or after they would contact the wrong number there was miscommunication and miss incorrect information on my account, which only led to more frustration and longer outcomes. I have been yelled that stream screamed on based on what the representatives would be reading in the case file instead of researching the case that was very evident I continue to give all information. After speaking to supervisor in the month of XXXX, and discussing my concerns a week later, I then received a second letter dated for XX/XX/XXXX with new documents with new dates that included my title for my car my loan docs, my New Jersey, motor vehicle tags etc. with the new dates of XX/XX/XXXX in notaries XXXX. I then thought that being that I had expedited my case, and have been waiting on a follow up that this letter of documentation served as a means to close my case, and as a final decision, that Wellsfargo no longer had interest in my vehicle as the loan has been satisfy according to the letter that was sent to me and dated with XX/XX/XXXX, XXXX a week later I had received a call from the current caseworker who is working the case, and I had informed her of the letters that I had just received after expediting the case primarily. The representative and the executive branch then asked me to submit the documents via email so that she could find out what the outcome was. I then proceeded to upload the documents and email them off and as of today I have not heard from that caseworker with no follow up or anything.. 
Since XXXX XXXX have had an additional XXXX cases as each worker is not able to have a case longer than XXXX days, and from what I was told by each worker, none of the information that I provided to them have been entered into the case file, and a new case has to be created and a new work. It is assigned every XXXX days. Lastly, in the month of XXXX, I was yelled on by the last case worker indicating that I still owe money even though even though I have received documents, indicating my loan is paid in full and the account is closed. No worker from Wells Fargo have explained why I have the documents I have, and I have not even taken accountability. But yet expect me to pay money on an account that has indicated that has been paid in full. The fact that each worker has been confused, noncompliant, unprofessional, noncommunicative, misinformed, -documentation, I only can believe what I received from the company as going back-and-forth with the representation has been nothing but exhausting, frustrating, overwhelming, and very overbearing. Wellsfargo has not provided any documentation, except for the letter, indicating that my loan is paid in full, however, no representative has explained the letter and clearly avoids the letter, even though they have a copy of it. Also, in addition, it is now XX/XX/XXXX and Wellsfargo has started reporting on my credit as a 60 day late payment on my account I would like for this to be reversed immediately late payments have started on my credit since the month of XXXX, which I received a second letter with a different date of XX/XX/XXXX, indicating-loan was paid in full",Vehicle loan or lease,Problems at the end of the loan or lease,2023-01-05T21:46:53.000Z,Web,45c139fd3745,False,1304,2023,source,2023 | Vehicle loan or lease,https://www.consumerfinance.gov/data-research/consumer-complaints/search/api/v1/6401770
6401080,"XX/XX/XXXX, I went to XXXX XXXX XXXX XXXX XXXX XXXX from XXXX XXXX  for {$4000.00} to {$5500.00} to purchase a XXXX XXXX. The starting price on that vehicle is {$60000.00}. However, that is not disclosed until you are present at the dealership. That vehicle was out of my range. 
Since I was there and pre-approved. I selected another vehicle, XXXX XXXX XXXX XXXX, {$30000.00} was within the pre-approval range. The business manager ran a credit report irrelevant of the pre-approval. Then, I was allowed to take the vehicle for a test-drive. I drove the vehicle to my residence XXXX miles from the dealership. There I transferred monies to my account for the down payment. Prior to my return, I received a call from the salesman inquiring, 'Is everything alright '? I told him, where I was and what I was doing. I'm not sure of the time lapse because the salesman told me to take my time. I wasn't aware of the time restraint. There was XXXX miles on the vehicle for a test drive. Upon my return, I had a credit and debit card for the down-payment, they would not accept the debit card and I went to the credit union for cash. When, I returned the business manager had everything prepared for signatures the credit options weren't disclosed or addressed.",Vehicle loan or lease,Struggling to pay your loan,2023-01-05T23:46:25.000Z,Web,256c7a947ac1,False,222,2023,source,2023 | Vehicle loan or lease,https://www.consumerfinance.gov/data-research/consumer-complaints/search/api/v1/6401080
6400674,"I RECIEVED A RESPONSE FROM TRUIST BANK DATED XX/XX/2022 SENT XXXX XXXX XXXX XXXX XXXX XXXX IN REFERENCE TO COMPLAINT # XXXX & XXXX STATING : "" I HAVE REVIEWED THE LOAN CONTRACT YOU SIGNED DATED XX/XX/2022 AT THE DEALERSHIP, AND ON PAGE ONE UNDER NO COOLING OFF PERIOD, IT SAYS, STATE LAW DOES NOT PROVIDE FOR A CANCELLATION PERIOD. YOU WILL NEED TO CONTACT THE DEALERSHIP DIRECTLY REGARDING THESE CONCERNS '' SECURITIES FRAUD IS A FEDERAL OFFENSE ALSO IT SHOULD BE NOTED THAT THIS FINANCIAL INSTITUTION HAS ISSUED A "" REPO ORDER '' WITHOUT A JUDICIAL ORDER VIOLATING 2 KEY LAWS AND ESPECIALLY IDENTITY THEFT WITH THE TRANSFERRAL OF MY PRIVATE INFORMATION! 

15 USC 1692 ( f ) ( 6 ) WHICH OUTLINES THE ONLY WAY A REPOSSESION IS LEGAL AND LAWFUL : ( 6 ) Taking or threatening to take any nonjudicial action to effect dispossession or disablement of property if ( A ) there is no present right to possession of the property claimed as collateral through an enforceable security interest ; ( B ) there is no present intention to take possession of the property ; or ( C ) the property is exempt by law from such dispossession or disablement.

-- -- -- -- -- -- - 15 USC 6802 ( b ) OUTLINES REQUIREMENTS a ) Notice requirements Except as otherwise provided in this subchapter, a financial institution may not, directly or through any affiliate, disclose to a nonaffiliated third party any nonpublic personal information, unless such financial institution provides or has provided to the consumer a notice that complies with section 6803 of this title.

( b ) Opt out ( 1 ) In general A financial institution may not disclose nonpublic personal information to a nonaffiliated third party unless ( A ) such financial institution clearly and conspicuously discloses to the consumer, in writing or in electronic form or other form permitted by the regulations prescribed under section 6804 of this title, that such information may be disclosed to such third party ; ( B ) the consumer is given the opportunity, before the time that such information is initially disclosed, to direct that such information not be disclosed to such third party ; and ( C ) the consumer is given an explanation of how the consumer can exercise that nondisclosure option.

( 2 ) Exception This subsection shall not prevent a financial institution from providing nonpublic personal information to a nonaffiliated third party to perform services for or functions on behalf of the financial institution, including marketing of the financial institutions own products or services, or financial products or services offered pursuant to joint agreements between two or more financial institutions that comply with the requirements imposed by the regulations prescribed under section 6804 of this title, if the financial institution fully discloses the providing of such information and enters into a contractual agreement with the third party that requires the third party to maintain the confidentiality of such information.

NOTICE OF RESCISSION WAS SENT ON XX/XX/2022 REGISTERED MAIL # XXXX TO TRUIST LEGAL DEPT. RECIEVED ON XX/XX/2022 XX/XX/2022 REGISTERED MAIL # XXXX TO TRUIST LOAN SERVICES RECIEVED ON XX/XX/2022 XXXX ) 12 C.F.R. 226.15 ( A ) OUTLINES MY RIGHTS Consumer 's right to rescind. ( 1 ) ( i ) *Except as provided in paragraph ( a ) ( 1 ) ( ii ) of this section, in a credit plan in which a security interest is or will be retained or acquired in a consumer 's principal dwelling, each consumer whose ownership interest is or will be subject to the security interest shall have the right to rescind.

2 ) 12 CFR 226.15 ( ii ) ( 2 ) & ( 3 ) OUTLINES HOW I MAY CHOOSE TO RESCIND : *To exercise the right to rescind, the consumer shall notify the CREDITOR of the rescission by mail, telegram, or other means of written communication. Notice is considered given WHEN MAILED, or when filed for telegraphic transmission, or, if sent by other means, when delivered to the creditor 's designated place of business.

*The consumer may exercise the right to rescind until midnight of the third business day following the occurrence described in paragraph ( a ) ( 1 ) of this section that gave rise to the right of rescission, delivery of the notice required by paragraph ( b ) of this section, or delivery of all material disclosures, OR whichever occurs last. If the required notice and material disclosures are not delivered, the right to rescind shall expire 3 years after the occurrence giving rise to the right of rescission, or upon transfer of all of the consumer 's interest in the property, or upon sale of the property, whichever occurs first. In the case of certain administrative proceedings, the rescission period shall be extended in accordance with section 125 ( f ) of the Act.

3 ) 12 C.F.R. 226.15 ( b ) OUTLINES WHO IS RESPONSIBLE FOR THOSE DISCLOSURES. THE DEALERSHIP IS NOT A CREDITOR TRUIST BANK IS!

( b ) Notice of right to rescind. In any transaction or occurrence subject to rescission, a CREDITOR shall deliver two copies of the notice of the right to rescind to each consumer entitled to rescind ( one copy to each if the notice is delivered in electronic form in accordance with the consumer consent and other applicable provisions of the E-Sign Act ). The notice shall identify the transaction or occurrence and clearly and conspicuously disclose the following : ( 1 ) The retention or acquisition of a security interest in the consumer 's principal dwelling.

( 2 ) The consumer 's right to rescind, as described in paragraph ( a ) ( 1 ) of this section.

( 3 ) How to exercise the right to rescind, with a form for that purpose, designating the address of the creditor 's place of business.

( 4 ) The effects of rescission, as described in paragraph ( d ) of this section.

( 5 ) The date the rescission period expires.

( c ) Delay of creditor 's performance. Unless a consumer waives the right to rescind under paragraph ( e ) of this section, no money shall be disbursed other than in escrow, no services shall be performed, and no materials delivered until after the rescission period has expired and the creditor is reasonably satisfied that the consumer has not rescinded. A creditor does not violate this section if a third party with no knowledge of the event activating the rescission right does not delay in providing materials or services, as long as the debt incurred for those materials or services is not secured by the property subject to rescission.

4 ) 12 CFR 226.15 ( d ) OUTLINES THE EFFECTS OF RESCISSION AND A TIMEL MANNER IN WHICH PERFORMANCE IS GRANTED BY FEDERAL LAW d ) Effects of rescission.

( 1 ) When a consumer rescinds a transaction, the security interest giving rise to the right of rescission becomes void, and the consumer shall not be liable for any amount, including any finance charge.

( 2 ) Within 20 calendar days after receipt of a notice of rescission, the creditor shall return any money or property that has been given to anyone in connection with the transaction and shall take any action necessary to reflect the termination of the security interest.

( 3 ) If the creditor has delivered any money or property, the consumer may retain possession until the creditor has met its obligation under paragraph ( d ) ( 2 ) of this section. When the creditor has complied with that paragraph, the consumer shall tender the money or property to the creditor or, where the latter would be impracticable or inequitable, tender its reasonable value. At the consumer 's option, tender of property may be made at the location of the property or at the consumer 's residence. Tender of money must be made at the creditor 's designated place of business. If the creditor does not take possession of the money or property within 20 calendar days after the consumer 's tender, the consumer may keep it without further obligation. 


TRUIST BANK HAS ALSO PROVIDED MY PERSONAL INFORMATION TO A MULTITUDE OF COMPANIES ( XXXX, XXXX, XXXX AND AN UNIDENTIFIED TOWING COMPANY ) WITHOUT PERMISSION AND WITHOUT PROVIDING THE MATERIAL DISCLOSURES REQUIRED OF FINANCIAL INSTITUTUIONS IN 16 CFR 313.10 WHICH OUTLINES LIMITS ON NON DISCLOSURE AND FURTHER DETAIL : 313.10 Limits on disclosure of non-public personal information to nonaffiliated third parties.

( a ) ( 1 ) Conditions for disclosure. Except as otherwise authorized in this part, you may not, directly or through any affiliate, disclose any nonpublic personal information about a consumer to a nonaffiliated third party unless : ( i ) You have provided to the consumer an initial notice as required under 313.4 ; ( ii ) You have provided to the consumer an opt out notice as required in 313.7 ; ( iii ) You have given the consumer a reasonable opportunity, before you disclose the information to the nonaffiliated third party, to opt out of the disclosure; and ( iv ) The consumer does not opt out.

( 2 ) Opt out definition. Opt out means a direction by the consumer that you not disclose nonpublic personal information about that consumer to a nonaffiliated third party, other than as permitted by 313.13, 313.14, and 313.15.

( 3 ) Examples of reasonable opportunity to opt out. You provide a consumer with a reasonable opportunity to opt out if : ( i ) By mail. You mail the notices required in paragraph ( a ) ( 1 ) of this section to the consumer and allow the consumer to opt out by mailing a form, calling a toll-free telephone number, or any other reasonable means within 30 days from the date you mailed the notices.

( ii ) By electronic means. A customer opens an on-line account with you and agrees to receive the notices required in paragraph ( a ) ( 1 ) of this section electronically, and you allow the customer to opt out by any reasonable means within 30 days after the date that the customer acknowledges receipt of the notices in conjunction with opening the account.

( iii ) Isolated transaction with consumer. For an isolated transaction, such as the purchase of a money order by a consumer, you provide the consumer with a reasonable opportunity to opt out if you provide the notices required in paragraph ( a ) ( 1 ) of this section at the time of the transaction and request that the consumer decide, as a necessary part of the transaction, whether to opt out before completing the transaction.

( b ) Application of opt out to all consumers and all nonpublic personal information- ( 1 ) You must comply with this section, regardless of whether you and the consumer have established a customer relationship ( 2 ) Unless you comply with this section, you may not, directly or through any affiliate, disclose any nonpublic personal information about a consumer that you have collected, regardless of whether you collected it before or after receiving the direction to opt out from the consumer.

( c ) Partial opt out. You may allow a consumer to select certain nonpublic personal information or certain nonaffiliated third parties with respect to which the consumer wishes to opt out.

THIS FINANCIAL INSTITUTION IS CLEARLY AND DILEBERATELY DENYING THAT THE CODE OF FEDERAL REGULATIONS DO NOT APPLY TO THEM AND THAT I THE CONSUMER ARE NOT PROTECTED BY THEM. THEY HAVE COMMITED DECEPTIVE ACTS AND HAVE NOW STRIPPED ME OF MY FINANCIAL STABILITY AND SAFETY!",Vehicle loan or lease,Getting a loan or lease,2023-01-06T01:35:01.000Z,Web,c9ebb88c3260,False,1961,2023,source,2023 | Vehicle loan or lease,https://www.consumerfinance.gov/data-research/consumer-complaints/search/api/v1/6400674
6407646,"My previous loan company that had been assigned to me was naviant. They told me that if I made 3 consecutive payments of I beleive {$300.00} on a specific date for three months in a row that I would qualify for an assistance program that would then secure me me making around a {$30.00} to {$40.00} payment each month for the next 64 months. I made two of these payments, and submitted my information ( which I was told they never received ), I then submitted it again, from which I heard nothing back from them. Shortly after making the second payment of {$300.00}, Navient was no longer the company I dealt with and I was assigned to a new company. I have patiently waited to see if that {$600.00} payment would ever show up on my credit report, and assumed the delay in its appearance was due to the pandemic. I recently saw an article that stated navient had been acknowledged for some deceptive tactics regarding student loan debt. I graduated college with a XXXX XXXX, and a XXXX XXXX XXXX. I would have liked to continue my education and obtain higher credentials so that I would hopefully obtain more opportunities for higher salary paying jobs, however, the interest is astronomically high on student loans and being that I am a XXXX XXXX XXXX XXXX  along with inflation, furthering my education does not seem like a very smart option at this time. I am worried that the upcoming absence of the deferred payments will require me to have to commit to the monthly payment I had tried to avoid prior to agreeing to.the terms of navients arrangement. These payments come to between {$250.00} and $ XXXX from what I've seen on my paperwork. Money is tighter then ever and I am literally living paycheck to paycheck. I am wondering if Navient fraudulently set me up on a plan that was set up to not be possible, and took my {$600.00} for whatever reason except to go towards any of my loans. Thank you for your time.",Student loan,Dealing with your lender or servicer,2023-01-06T15:08:01.000Z,Web,00d54bc0ff47,False,347,2023,source,2023 | Student loan,https://www.consumerfinance.gov/data-research/consumer-complaints/search/api/v1/6407646
6407902,"Navient has hidden a student loan from XXXX till XXXX. 
I was sued in XXXX. I was sued in XXXX. I was sued in XXXX. I made arrangements in XXXX to pay all my student loans from Navient and I never missed a payment. I had 3 student loans. I provided all documentation. 
As paying off those loans is coming true Navient has thrown the surprise 'you have a 4th "" student loan. My last complaint discussed how they hid from all law suits this last loan. Now 'it 's hey you owe us all the money plus interest ' when it was never once mentioned in any legal proceedings against me, all of which were dismissed because I paid all my bills on time. 
I just paid the same amount I always paid on a loan because I assumed this was one of the ones I'd been sued on. I don't understand how a 4th one is hidden and it's legal to say 'surprise you owe more. ' The response to my previous complaint XXXX was basically 'here is the promissory note ' that I have no memory of as it was signed apparently in XXXX. The response does not answer any of my complaints of hiding a student loan from all collections for over a decade.",Student loan,Dealing with your lender or servicer,2023-01-06T17:01:14.000Z,Web,502f788f3d62,False,218,2023,source,2023 | Student loan,https://www.consumerfinance.gov/data-research/consumer-complaints/search/api/v1/6407902
6409912,"According to 15 U.S. Code 1692g - Validation of debts I have to right to dispute this debt and within 30 days I should receive a reply I sent a letter verified mail in XX/XX/XXXX and verified that it was delivered and received on XX/XX/XXXX. I did not hear any word back or a letter responding to my dispute until XX/XX/XXXX. 

According to 15 U.S. Code 1681i If, after any reinvestigation under paragraph ( 1 ) of any information disputed by a consumer, an item of the information is found to be inaccurate or incomplete or can not be verified, the consumer reporting agency shall ( i ) promptly delete that item of information from the file of the consumer, or modify that item of information, as appropriate, based on the results of the reinvestigation; Was not verified in timely manner Furthermore the promissory note should include the names of the borrower and lender, the dates of both the original note and the release, total debt that has been paid, and signature of the lender. The promissory note sent does not include the lender, the release or signature of lender. 

According to 34 CFR 674.31 - Promissory note, This promissory note has violated many sections According to UCC 3-302 the holder of the original promissory note is the only person/entity that can collect on the debt and this debt has been sold. This instrument ( the promissory note ) when issued or negotiated to the holder does not bear such apparent evidence of forgery or alteration or is not otherwise so irregular or incomplete as to call into question its authenticity ; According to 15 U.S. code 1692a the creditor does not include a person who receives a transfer of debt. 

The instrument has been rendered inaccurate/incomplete. 

According to federal law you have violated my rights. I want this item deleted/ removed immediately.",Student loan,Dealing with your lender or servicer,2023-01-08T02:20:39.000Z,Web,51b4c57d14b8,False,313,2023,source,2023 | Student loan,https://www.consumerfinance.gov/data-research/consumer-complaints/search/api/v1/6409912
6411289,i already wrote this it timed out and didnt save my complaint. i had to hit send like 4 different times i was active when it timed me out. same thing with student loan.I did school closure as directed by servicer. denied. then made complaints for early timing out i had a rep do it with me 4 times when u get to uploading proof and what you want for the mistakes it wont accept just freezes. so we waited then it timed out and wouldnt let me retrieve it even though i hit save every time. i just recieved an email basically saying my entrys are in correct and timeline and info and submissions. i was told by every serbmvicer that listened to my issues that i should get it dismissed and file grievances. and those ssme ppl wont help me. ive been out of school for XXXX. the first time i ever even seen my loan info was XXXX XXXX theres proof. i was on an approved absence witing to take a certification thst was deemed out of date the day of test time. we were told by dean we could retake it. its only given once a year. my program was suppossed to end in XXXX XXXX and then i was going to take the second degree and teach adjunctly after that. that was the plan from the beginning. they made us do a fake graduation XX/XX/2016 i was told by financial aide to take a break and i had a job/internship waiting and new semester was in XXXX i assumed that was an approved absence and i was enrolled for XXXXXXXX XXXX XXXX  arently i wasnt. i was approved for XXXX w/ XXXX grants XXXX. i shared this info and XXXX said it was wrong. XXXX  aide guy got married went on honeymoon and i never seen him agsin. i got all my classes checked off to graduate but still neede my certification and never did a walk out plan to start payments. whichbwouldnt have been necessary since if i was enrolled. i never unenrolled or got loan info. i realized this in XXXX of XXXX i was told sorry and that i could take classes adjunctly and could still adjunct teach once I had XXXX yrs of field work. which i did already. so i would assisst teachers and mentor new students. while working. all in my field of study then school closed. i never got diploma or certification after school closed the entire city discredited the school so using it on resume has hurt me instead of helped. i was promised XXXX  perks a job and full access to the only XXXX XXXX  recording studio for life. and it closed i have nothing but a debt to show for it. my degree doesnt even come up on job searches i told them that and they called it something else. audio technician. thats a guy who fixes radios. im an audio engineer music producer XXXX busines graduate. the difference is about XXXX a yr. and this is my loan servicer and XXXX teaming up on me. Nel net/ XXXX XXXX XXXX are all parties involved They have stripped me of my degree my time my career my credit score and have stopped my pursuut of happiness and have left me destitute begging for forgiveness when its them who should beg me for mercy. my life. its ruined my life. my hopes my dreams and ive talked to them. no one cares they are forgiving everybodies loan it seems but mine. instead they make me fight when the evidence is clear. any way u slice it i deserve dismissal. from financial aide and intake fraud to shady tactics and loss of accredidations to closing with no warning.,Student loan,Dealing with your lender or servicer,2023-01-08T15:57:30.000Z,Web,83255b7e5030,False,631,2023,source,2023 | Student loan,https://www.consumerfinance.gov/data-research/consumer-complaints/search/api/v1/6411289
6416440,"I received a letter from MOHELA telling me that I am not eligible to qualify for the student loan forgiveness. They don't answer phone calls! No way to communicate with them. 

They stated that I have only 2 qualified PLSF Qualifying payments ( Public Service Loan Forgiveness Program ). They say I don't qualify XXXX XXXX XXXX XXXX XXXX XXXX XXXX for 15 years! ( Florida ) XXXX XXXX XXXX XXXX XX/XX/XXXX - XX/XX/XXXX XXXX XXXX XXXX XXXX XXXX XXXX XXXX XXXX XXXX XXXX XXXX XXXX XXXX XXXX XXXX XXXX XXXX XXXX XXXX XXXX XXXX XXXX XXXX XXXX XXXX XXXX XXXXXX/XX/XXXX ) PLEASE HELP!! 

XXXX XXXX XXXX XXXX XXXX XXXX XXXX XXXX XXXX XXXX XXXX XXXX XXXX XXXX XXXX XXXX XXXX XXXX XXXX XXXX  ( Please remove my personal information ), you can leave my name only.",Student loan,Dealing with your lender or servicer,2023-01-09T19:41:49.000Z,Web,455af5236d5c,False,137,2023,source,2023 | Student loan,https://www.consumerfinance.gov/data-research/consumer-complaints/search/api/v1/6416440
8064528,Us auto sales sold my loan to a debt collection company and I did not sign paperwork for that. They repossed my vehicle forcing me to go and get another vehicle paying way to much more than I was. My loan would have been paid off in XXXX.,Vehicle loan or lease,Managing the loan or lease,2023-12-27T16:12:17.000Z,Web,8899fdfa9161,False,48,2023,source,2023 | Vehicle loan or lease,https://www.consumerfinance.gov/data-research/consumer-complaints/search/api/v1/8064528
8064280,"1. Credit Acceptance Corporation makes predatory loans to millions of financially vulnerable consumers trying to buy a used vehicle. 
2. Credit Acceptance sets the interest rates affiliated dealers must charge on it loanstypically about 22 %, which is at or near the maximum rate allowed in many states. 
3. The true cost of CAC credit is higher than what is disclosed on the CAC loan agreements, so many of the loans actually exceed state usury caps. 
4. CAC engaged in deceptive and abusive acts or practices in violation of the Consumer Financial Protection Act of 2010 ( the CFPA ), 12 U.S.C. 5531 ( a ), 5536 ( a ) ( 1 ), 5536 ( a ) ( 3 ), by obscuring the cost of credit for auto loans and taking unreasonable advantage of consumers lack of understanding of the risk of default and the severity of the consequences, as well as their inability to protect their interests, and for providing substantial assistance to dealers, even though CAC knew or should have known the dealers were misrepresenting the voluntary nature of add-on products. 
5. From XX/XX/XXXX2015 to XXXX XXXX, 2021 ( the Covered Period ), approximately 1.9 million consumers obtained loans from CAC and its affiliated used-car dealers. In 2020 alone, consumers obtained more than {$4.00} billion in CAC-financed loans. 
6. CAC claims that it caps the degree to which its dealers can inflate the price of vehicles. For example, since XXXX 2019, CAC has restricted dealers from increasing the price beyond 115 % of the highest XXXX XXXXXXXX XXXX XXXX XXXX value ( i.e., best condition ) for the make and model in question. But such a cap is far too high to provide meaningful protection to CAC borrowers ; CAC does not check on the condition of the vehicle, and many CAC borrowers are in fact financing vehicles worth much less than the highest XXXX XXXX XXXX XXXX XXXX XXXX.",Vehicle loan or lease,Repossession,2023-12-27T16:57:20.000Z,Web,e61790bb0e4a,False,322,2023,source,2023 | Vehicle loan or lease,https://www.consumerfinance.gov/data-research/consumer-complaints/search/api/v1/8064280
8072708,"Mr. Cooper transferred our mortgage to XXXX mortgage effective XX/XX/XXXX but never notified XXXX. When we  requested XXXX  payoff quotes in XX/XX/XXXX they were made aware we were selling the XXXX  and the XXXX  closing dates as they kept changing. We received a payoff quote on XX/XX/XXXX that was good through XX/XX/XXXX. Again, never told XXXX  the loan was transferring. We sell and close on XX/XX/XXXX. The XXXX  company added XXXX more days interest to the XXXX  amount. Due to a security breach at Mr. Cooper the XXXX  company was not able to wire the money at XXXX. They were told to overnight a XXXX. This XXXX  was signed for at Mr. Cooper on XX/XX/XXXX as received. Again, still never told XXXX  the XXXX  was transferred. I receive an XXXX  from XXXX telling XXXX  they are the new XXXX  XXXX. I XXXX  them back telling them this XXXX  was paid off with Mr. Cooper and we do not owe them anything for the XXXX  XXXX  sold. They do not respond until XX/XX/XXXX with an automated XXXX  they received my before mentioned XXXX. Since then multiple calls have been made between XXXX  and XXXX, myself and the XXXX  company, the XXXX  company and Mr. Cooper, the XXXX  company and round point, XXXX, round point and the XXXX  company. Documents have been sent to XXXX showing everything sent to Mr. Cooper. On XX/XX/XXXX, the XXXX  company received a letter from XXXX that was dated XX/XX/XXXX, stating they shredded the XXXX  because they could not identify the XXXX  listed. XXXX XXXX and XXXX company contact Roundpoint. Funds are sitting in the XXXX  at the XXXX  company needing to be sent.They provide a XXXX  quote but now it included interest for XXXX and XXXX making the amount XXXX  more than the XXXX  quote from XXXX at the close of the sell. Round point says we the XXXX  have to pay this XXXX  money. XXXX XXXX  day grace period is almost up on a XXXX  that we were never notified about until almost a week after the XXXX  was sold. This means XXXX XXXX scores are going to drastically drop. Round point says they will keep the XXXX  open and acrueing even more interest! We spent XXXX  XXXX  savings and profit from the sell of this XXXX  to buy XXXX  new home. We can't afford to pay XXXX of dollars on a XXXX  we knew nothing about. How do we fix this?",Mortgage,Closing on a mortgage,2023-12-28T07:04:05.000Z,Web,4b9b4c8a77db,False,407,2023,source,2023 | Mortgage,https://www.consumerfinance.gov/data-research/consumer-complaints/search/api/v1/8072708
8071690,"Up until XXXX of this year, I had been 100 % on time with my mortgage payments, sometimes paying more than what was due. I had a late payment reported ( delinquency ) to the credit bureau for my missed payment that was due on XX/XX/XXXX because of my auto payment not going through. I'm not sure what the mishap was, but to my surprise I had a late fee of {$38.00} and a balance due of {$3300.00} when I opened my online account on XXXX. Be mindful of the fact that I never received any communication from my mortgage company ( no email, no phone call, no text ) regarding this late payment for which I was already reported. I did receive a paper notice in the mail but it was already too late. AS SOON as I saw I had a balance due I paid it in full on XX/XX/XXXX, for the late month payment ( XXXX ) and current month payment ( XXXX ) and a late fee. After paying, I called my mortgage company and got nowhere with my auto pay issue or my request for them to rescind the delinquency report. Today, I have confirmed my auto pay is working and am up to date with payments, but this mishap has costed me a great deal in credit worthiness as my score has been above XXXX for several years and dropped by XXXX points for ONE late payment.",Mortgage,Trouble during payment process,2023-12-28T15:19:13.000Z,Web,e15e46772283,False,243,2023,source,2023 | Mortgage,https://www.consumerfinance.gov/data-research/consumer-complaints/search/api/v1/8071690
8070719,"Good morning, I am reaching due to a letter I sent to Bridgecrest Financial regarding my registered security. I sent them a proper endorsement along with written instructions to go along with it. With those instructions I made sure to let them know I would be revoking the security interest in my title. I also revoked any rights to XXXX  my gift ( the car ). Lastly, I come in good faith requesting a clean perfected title free of defects ; since with my proper endorsement now both parties have value of consideration. I will be attaching the letter I sent them as well.",Vehicle loan or lease,Problems at the end of the loan or lease,2023-12-28T18:00:32.000Z,Web,37419eb580c2,False,104,2023,source,2023 | Vehicle loan or lease,https://www.consumerfinance.gov/data-research/consumer-complaints/search/api/v1/8070719
8070592,"Our home in XXXX burnt down in the XX/XX/XXXX XXXX  fire. After the fire we were paying our mortgage as well as rent on a XXXX XXXX on XXXX. To lighten our monthly financial burden, we wanted to pay off our mortgage loan. We contacted Newrez to pay off our loan and received a payoff amount of {$830000.00} with a payoff closing date of XX/XX/XXXXXXXX. My husband and I were directed to send in our funds, which were split between personal funds and insurance claim funds. We received {$410000.00} from insurance funds, of which we signed over the checks and expedited them to Newrez/Shellpoint by XX/XX/XXXX. The remaining amount which was {$410000.00} was paid from our banking account, XXXX XXXXXXXX XXXX. The wire transfer to Newrez/Shellpoint was made on XX/XX/XXXX and received by XX/XX/XXXX. We were also advised to send in a letter of intent to use our claim funds to pay off our loan. This letter was received by Newrez/Shellpoint on XX/XX/XXXX. We completed all required tasks with the correct funds by the XX/XX/XXXXXXXX  payoff closing date. However, our loan has not yet been closed and instead we have been sent several new payment amounts which have increased in amount due to daily interest. We have spent over XXXX  hours on the phone and taken 5 days off work to speak with Newrez and Shellpoint in order to remedy this issue and explain that we made our payoff date and should not be penalized by their incompetency to process our funds to close the loan. While they continue to not close our loan, our amount keeps growing as interest is accumulating. We are also being told that we owe our XXXX mortgage amount. Ive told Newrez/Shellpoint various times that no amount should be owed as we have paid off our loan in its full amount for the XX/XX/XXXX2023 payoff closing. I have continued to call Newrez/Shellpoint and have been transferred to various departments, all placing the blame on other departments. At this point, I am not confident they will fix this issue and close out our loan. After many attempts to close the loan while holding our money for one month, they have still not processed the finances and continue to go back and forth between various departments figuring out what the hold up is. No progress has been made to close the loan.",Mortgage,Trouble during payment process,2023-12-28T18:34:26.000Z,Web,afa7d48cb0f1,False,395,2023,source,2023 | Mortgage,https://www.consumerfinance.gov/data-research/consumer-complaints/search/api/v1/8070592
8074714,"am writing XXXX XXXX to inform you of a significant error on my account. In XXXX of XXXX, my account went into forbearance because I was ill with XXXX and could not pay my loan. I did not make any payments on my loan for XXXX year. In XXXX of XXXX, I received a letter from XXXX XXXX stating my escrow was negative {$1800.00} and that my monthly payment would go up due to the escrow being shorted. On XX/XX/XXXX, a payment of {$1800.00} was received with words stating it apply to the escrow account ; however, the payment was held due to the account being in forbearance. On XX/XX/XXXX, I applied for XXXX XXXX XXXX, and the application was successful on XX/XX/XXXX. On XX/XX/XXXX, I was notified by the XXXX XXXX XXXX XXXX my application XXXX had met the qualification and requirement for the program and would be notified when funds have been transferred to my mortgage servicer XXXX  to bring my account current as of XX/XX/XXXX. I contacted XXXX to verify if funds had been received and they had not ; however, I spoke to someone in the escrow department, and they let me know that I was short {$39.00} for the payment that was received on XX/XX/XXXX, and that if I paid over the phone, it would be applied to my escrow and an escrow analysis would be completed on the account. The mortgage payment should return to the original mortgage of {$2700.00}. On XX/XX/XXXX, I received an email from the XXXX XXXX XXXX stating they disbursed to XXXX a {$35000.00} payment that would bring my account current to XX/XX/XXXX, making me responsible for my XX/XX/XXXX payment. However, I have spoken to many supervisors and loss ligation representatives where there is a disconnect. XXXX XXXX XXXX received their final numbers from XXXX ; XXXX provided them with the amount that would bring my account. My account is currently delinquent because there is a missing payment. XXXX told me they would fix this, which has yet to be fixed. 
I was told by a supervisor I would need to contact the XXXX XXXX XXXX and reapply, which I did and was denied based on my qualifications. XXXX XXXX has yet to try to resolve the situation with the payment, which is causing hardship on the account. There is a payment that needs to be included. XXXX communicated with XXXX XXXX, stating there was no overage. They will not pay the additional funds due to XXXX mistake. I am asking for this to be handled promptly, 30 days from the date of this letter. Otherwise, attorneys will be involved. I have attached a copy of the email from XXXX  XXXX of the amount paid and that it would bring the account current.",Mortgage,Trouble during payment process,2023-12-28T21:36:15.000Z,Web,daef98f23d05,False,463,2023,source,2023 | Mortgage,https://www.consumerfinance.gov/data-research/consumer-complaints/search/api/v1/8074714
8073869,"I have tried to redirect the additional money I send in monthly to specified loan amounts which is an option on the website. I have gotten an error message on several attempts on different days and have called Nelnet to correct this issue. The service rep was not able to do this during the call, but only submit a request and expect that someone will update this and send me confirmation. The rep is also unable to redirect my additional payment upon request. There is not a dept for online issues and no one else to be directed to. I am actually unable to access my account to send any documentation or screen shots as I write this complaint. I believe this system to be faulty and also believe the website to be misleading in how it recommends payments to be directed.",Student loan,Dealing with your lender or servicer,2023-12-29T00:19:06.000Z,Web,31e926d7e07b,False,142,2023,source,2023 | Student loan,https://www.consumerfinance.gov/data-research/consumer-complaints/search/api/v1/8073869
8073253,"I talked with multiple ed financial representatives on the phone regarding this request : To retroactively change the status of my loans from XX/XX/XXXX to present from in-school deferment to COVID forbearance I was in school during the period that all graduates were supposed to receive covid forbearance and it would beneficial to me to replace in school deferment with retroactive covid forbearance per ur payment plan. 

Multiple classmates have had this done with the loan servicers. However, Edfinancial refused to allow this and stated that this was not possible, even though it legal and possible. 

I called on different occassions but the day i called especially 5 times was on XXXX XXXX XXXX They included notes on my chart notifying representatives especially not to help me with my request.",Student loan,Dealing with your lender or servicer,2023-12-29T02:46:54.000Z,Web,c6ed62fce24f,False,130,2023,source,2023 | Student loan,https://www.consumerfinance.gov/data-research/consumer-complaints/search/api/v1/8073253
8078600,"I submitted a XXXX form on XX/XX/XXXX and an IDR on XXXX. As of XX/XX/XXXX, neither had been processed, so I called to inquire. Instead of processing my applications, the XXXX cancelled both documents which is NOT what I asked her to do. She listed my XXXX form as a duplicate which is 100 % untrue and cancelled my IDR which is NOT what should have happened. Im required to recertify my IDR for XXXX.",Student loan,Dealing with your lender or servicer,2023-12-29T11:46:01.000Z,Web,2d43627d1898,False,75,2023,source,2023 | Student loan,https://www.consumerfinance.gov/data-research/consumer-complaints/search/api/v1/8078600
8077707,"Before repayments began in XX/XX/2023, I was automatically enrolled in the SAVE repayment plan. The policy of this program is that when the minimum payment is made the remaining interest is eliminated thereby interest no longer ballons. However, MOHELA has not done this on my account. Even after I made my first minimum payment XX/XX/2023, they continue to add interest ever several days per loan. This continues to happen to present day, again even after I made the minimum payment. I verified with the Department of Education that the interest on the SAVE plan is to be eliminated for the month in question after the minimum payment is made.",Student loan,Dealing with your lender or servicer,2023-12-29T15:38:33.000Z,Web,a169ee2a9477,False,109,2023,source,2023 | Student loan,https://www.consumerfinance.gov/data-research/consumer-complaints/search/api/v1/8077707
8077954,I recently reviewed a copy of my credit report. I was shocked to learn that I have been a victim of identity theft. I found numerous auto loans on my credit account that were no open by me. This has been hurting me as I am in the process of buying a home for my family. Please remove the fraudulent accounts from XXXX credit report as soon as possible.,Vehicle loan or lease,Getting a loan or lease,2023-12-29T15:59:55.000Z,Web,532996e11e5a,True,69,2023,source,2023 | Vehicle loan or lease,https://www.consumerfinance.gov/data-research/consumer-complaints/search/api/v1/8077954
8075675,I recently reviewed a copy of my credit report. I was shocked to learn that I have been a victim of identity theft. I found numerous auto loans on my credit account that were no open by me. This has been hurting me as I am in the process of buying a home for my family. Please remove the fraudulent accounts from XXXX credit report as soon as possible.,Vehicle loan or lease,Getting a loan or lease,2023-12-29T16:27:28.000Z,Web,532996e11e5a,True,69,2023,source,2023 | Vehicle loan or lease,https://www.consumerfinance.gov/data-research/consumer-complaints/search/api/v1/8075675
8081389,"PNC Bank acquired my home equity loan with the purchase of Compass Bank in 2022. The amount of delinquent mortgage payments are excessive. The bank is asking me to make payment on a lump sum amount with no explanation on origin of the amount. I asked the bank to validate the delinquent amount in relation to number of delinquent monthly payments showing dates of individual delinquent monthly payments with interest, late fees, and other fees. The bank refused to validate the delinquent balance and simply stated in its response to my request "" that the loan is valid. '' The amount of the delinquent amount requested by PNC Bank is {$150000.00}, with no explanation on how it derived the delinquent amount. This amount equates to over XXXX XXXX  of delinquent mortgage payments.",Mortgage,Struggling to pay mortgage,2023-12-29T19:07:39.000Z,Web,61850209e768,False,132,2023,source,2023 | Mortgage,https://www.consumerfinance.gov/data-research/consumer-complaints/search/api/v1/8081389
8081360,"I bought this house in XXXX and this home is my whole world and I raised my XXXX sons here. I am facing a foreclosure sale from Carrington on XX/XX/XXXX and I do not know why they have made things so hard for me. I have tried to work with them and sent them the paperwork at least XXXX times during XXXX to try and get a modification or forbearance or some type of relief and they never actually reviewed my information even though I send it in so many times. I feel this foreclosure is wrong because Carrington denied access to government CARES program and forbearance and other options for homeowners who lost income due to Covid. Instead of offering XXXX of these options for me, their agents had me fill out applications over and over and over again, constantly misplacing paperwork, saying paperwork was not received and giving me the total runaround. This should not be happening and I should not be losing my home because I struggled during XXXX. 

I have worked in the restaurant business for XXXX years and at XXXX time owned my own restaurant and have been working for many years in management for different restaurants. After XXXX and I divorced I stayed in the house with my XXXX boys and took care of all bills and the mortgage payments and did not have any problems. I lost my job in XXXX and struggled with the mortgage payment at that time and once I was back to work I applied for and was then approved for a loan modification at the end of XXXX. 

The first few months of XXXX were fine and I made the mortgage payments on the new modification with no problems. But then XXXX hit and XXXX XXXX was declared a disaster area and my XXXX was shut down and I began to struggle again. I called into Carrington to ask for help due to covid related income loss and they refused. They did not offer me the government backed pandemic CARES program with a forbearance. As I fell further behind I continued to call in and eventually their agents told me that I needed to fill out a new application. After I would complete the paperwork and send it in they would send me a letter saying that the application was received. XXXX weeks later I would get a new letter saying that documents were missing. I would send these documents in and I would verify Carrington had received them and thought everything was fine. Then XXXX months later I would be told that the review was cancelled because the documents I sent had been lost by Carrington. I feel like their employees play with me, because I send the things in over and over, back and forth, back and forth. This makes me very upset because this company was supposed to offer me a forbearance because my income loss was related to Covid but this never happened. I do this every couple of months with Carrington and sent in new applications at least XXXX times. Even though I try my best to give you what is needed, Carrington never ONCE actually reviewed my financial information to determine if I qualified for any type of assistance programs",Mortgage,Struggling to pay mortgage,2023-12-29T19:48:13.000Z,Web,a5dffec120c8,False,548,2023,source,2023 | Mortgage,https://www.consumerfinance.gov/data-research/consumer-complaints/search/api/v1/8081360
8081546,"I am filing this complaint because I am concerned about the unethical servicing practices of First Hawaiian Bank and their obstruction of any path towards resolving delinquent payments related to my grandmothers passing. My name is XXXX XXXX and I am the legal and rightful owner of the subject property located at XXXX XXXX XXXX XXXX XXXX XXXX, XXXX XXXX. This loan is held in the XXXX XXXX XXXXXXXX XXXX ( trust ) and upon my grandmothers passing I am listed as the successor. My family has the ability and desire to make the mortgage payments on this property which has been placed into foreclosure after my grandmothers death because the bank has refused to accept payments, engage or communicate with my family to resolve the situation. 

My family built this home back in the XXXX. My grandmother XXXX XXXX created a trust in XXXX and I am the beneficiary and successor for the property. We refinanced the referenced loan in XXXX. In XXXX XXXX  my grandmother passed away. The mortgage payments had been set on auto-pay from her First Hawaiian bank account. Once they found out that she had passed away they froze her bank account, which automatically led to missed mortgage payments. Even though I provided the bank with the will and trust documents, their agents refused to engage with me or discuss the mortgage. The letters that were sent regarding the delinquent payments were sent certified and since my grandmother was not available to sign for the letters since she was deceased we could not access them. As the mortgage fell further behind we attempted to resume making payments on the property but the bank would not accept them. 

I contacted the Attorney who was sending the notifications and he said that we needed to provide the death certificate in order to engage with First Hawaiian. This does not make sense, because the bank froze my grandmothers account when they found out she had passed away, not when they received her death certificate. If they were to equitably apply this standard they would have continued drafting mortgage payments out of her bank account until the money ran out or they received her death certificate. 

The reason we were not able to get the death certificate in a timely fashion is because my grandmother was a state of Hawaii employee and she was a victim of identity theft. Someone had stolen her credentials for the state and logged in and then they sold her information on the dark web. As a result it took us almost one year to receive her death certificate. During that time the bank refused to engage with us, refused to speak with us, froze my grandmothers bank account and blocked access to her safe deposit box. Then they filed foreclosure against my familys home. 

This is wrong and we have provided them with the will, the trust paperwork and the death certificate and the bank needs to work with my family. My son XXXX currently resides in the subject property and he will make the mortgage payments with help from me and my mother so that we can get back into good standing.",Mortgage,Struggling to pay mortgage,2023-12-29T20:02:50.000Z,Web,1547fabb29a4,False,530,2023,source,2023 | Mortgage,https://www.consumerfinance.gov/data-research/consumer-complaints/search/api/v1/8081546
8081427,"In XXXX, I moved to XXXX. I went to the XXXX promptly to get a license and register my car. In XXXX, they need to hold the title for financed vehicles before they will register your car, and they submitted a request for the duplicate title to Audi Financial Services at that time. When I returned to the XXXX in XXXX, Audi Financial Services had not sent this title, so I contacted them directly to prompt them to do so. They told me they would do that. I have been to the XXXX four times so far since XX/XX/, and Audi Financial Services still has not honored this request. I have contacted them at least two more times, being given different excuses each time. XXXX has submitted another request for title on my behalf and I sent a copy of that same request via XXXX to Audi Financial Services in early XXXX ; I have received no notification from Audi or the state of XXXX that the title has been received by the state of XXXX. At one point, Audi Financial told me that the state of XXXX- the state I moved to XXXX from - was in possession of the duplicate title ; I called the state of XXXX DMV promptly following this call and was told that they had returned it to Audi Financial Services. Another time that I called, Audi told me that their title services were "" down indefinitely ''. I can not refinance my car, register my car, or get new car insurance because of Audi 's delays. I also have to return to the XXXXXXXX XXXX regularly to get temporary 30-day registrations. This is absurb and I am tired of being lied to. I faithfully make my payments on time and have since I purchased this car ; and this is a service that Audi Financial should promptly provide. I won't ever buy another VW or Audi again after this experience.",Vehicle loan or lease,Problems at the end of the loan or lease,2023-12-29T20:12:52.000Z,Web,be9153174f9a,False,327,2023,source,2023 | Vehicle loan or lease,https://www.consumerfinance.gov/data-research/consumer-complaints/search/api/v1/8081427
8081405,The CFPB allowed the respondent to the consent order ( Wells Fargo ) on administrative proceeding file no. XXXX to dictate the affected consumer 's validity and redress.,Mortgage,Struggling to pay mortgage,2023-12-29T20:17:29.000Z,Web,319ee2b3899b,False,28,2023,source,2023 | Mortgage,https://www.consumerfinance.gov/data-research/consumer-complaints/search/api/v1/8081405
8081166,"Somebody got access to my bank account so I went to my bank which is Santandar and they close the account. We went through the fraud department. This was in XX/XX/2023. It is now XX/XX/2023 and they are so refusing to refund me all my money I give them a police report statements everything that they have asked for theres over {$13000.00} that was withdrawn out of my account and they froze my old account once I went to, the fraud department and they told me that it was frozen and with that they still let funds go on the frozen account I gave him a police report. I went to the XXXX XXXX XXXX XXXXXXXXXXXX XXXX XXXX  was created as well and they saw that it was fraud, so I had those notes sent in, they owe me {$13000.00} and they are refusing to give it to me even though they are insured attached is the link to what happened I went public with it https : XXXXXXXX XXXX",Checking or savings account,Managing an account,2023-12-29T21:00:03.000Z,Web,309eeeb7ec35,False,170,2023,source,2023 | Checking or savings account,https://www.consumerfinance.gov/data-research/consumer-complaints/search/api/v1/8081166
8080956,"In XX/XX/XXXX, I paid off the lease of XXXX company vehicles we had since XX/XX/XXXX. We were told that our title would be mailed within XXXX days from the transaction date, but we never received it. Moreover, we could not trade in or sell these vehicles in a timely manner, causing damages for up to {$45000.00} in lost value of the cars, hurting the finances of our small business.",Vehicle loan or lease,Problems at the end of the loan or lease,2023-12-29T21:08:15.000Z,Web,10cb113e4fa0,False,69,2023,source,2023 | Vehicle loan or lease,https://www.consumerfinance.gov/data-research/consumer-complaints/search/api/v1/8080956
8080919,"On XX/XX/XXXX, I opened an online savings account with Citizens Access Bank. Approximately XXXX hours later, the account was closed without my knowledge or consent. I have contacted the bank on numerous occasions ; to be provided with an explanation as to why my account was closed. Each time, I have been told I will never be given any form of explanation whatsoever. I am unable to log in to my account. I am unable to open a new account. I feel as though I am being actively discriminated against without cause. Therefore, since I am not allowed to open a new account and I have never been given a satisfactory explanation as to why my account was closed shortly after it was created ; I have opted to submit a formal complaint with the Consumer Financial Protection Bureau. I am willing to provide the CFPB the opportunity to act as an intermediary on my behalf ; to properly resolve this matter. However, to be clear, if this last ditch effort fails to properly rectify the situation to my satisfaction ; I will be forced to take matters into my own hands. I look forward to my government actively enforcing the Civil Rights Act of 1964 upon Citizens Access Bank and putting an end to their discriminatory actions towards me.",Checking or savings account,Closing an account,2023-12-29T21:28:25.000Z,Web,dde41d135eb0,False,220,2023,source,2023 | Checking or savings account,https://www.consumerfinance.gov/data-research/consumer-complaints/search/api/v1/8080919
8080255,"I currently have XXXX open car contract with Santander Consumer USA : Acct # XXXX I contacted Santander Consumer USA between XX/XX/XXXX and XX/XX/XXXX of 2023, to notify them I am Revoking All Security interest in my XXXX car contracts they currently have. I also revoked all interest for additional contract agreements pertaining to the XXXX car contracts, such as, Insurance, and maintenance etc. I sent XXXX signed and stamped Certificates of Indebtedness to XXXX XXXX XXXX ; Legal Counsel for Santander Consumer, at their office in Texas and XXXX copies of the certificates of indebtedness to XXXX XXXX XXXX, who I believed to be the Indentured Trustee for Santander Consumer USA. Neither have answered me to date. I also sent an additional correspondence to XXXX XXXX XXXX recently and maybe he will answer my real concerns. I have proof of delivered service for each gentlemen. My intention was to submit an option for payment of the current car contract, discharge the debt and to notify Santander Consumer of their dishonest, false and misleading terms contained in the contractual agreement. I submitted a payment option and the option was not accepted, so the debt is discharged. I received a response from a customer service representative, no specific person for me to address, who stated all request from me were denied. The customer service representative also told me I had a "" No Cooling Off Period '' clause in my contract, however, according to the Federal Trade Commissions Trade Regulation Rule 16 C.F.R. 433.2 commonly known as the Holder Rule 1 does not limit a consumers right to an affirmative recovery to circumstances where the consumer can legally rescind the transaction or where the goods or services sold to the consumer are worthless.

For this customer service Rep to tell me I can not Rescind my irrational decision to allow Santander Consumer USA to have security interest in my car contract and collect all the proceeds derived from my contract is against the law. Santander Can not come and Repossess my car as they presented me with a XXXX way contract, where they give the consumer who can not afford to buy a car with out financing no other option. Because, if the consumer does not give them security interest in the certificate of indebtedness, then the consumer has no car. The car is not the "" Security Interest '' my certificate of indebtedness, is the "" security interest ''.

Santander Consumer is guilty of disclosing my private and transactional information to third party creditors and violating my consumer rights among several other violations.",Vehicle loan or lease,Managing the loan or lease,2023-12-29T22:10:20.000Z,Web,ab7265043e63,False,433,2023,source,2023 | Vehicle loan or lease,https://www.consumerfinance.gov/data-research/consumer-complaints/search/api/v1/8080255
8080366,"On XX/XX/2023 I opened a dispute via telephone with Chime Support regarding a transaction from XX/XX/2023 for {$410.00} with the merchant XXXX after unsuccessful attempts to resolve this matter with the maerchant after receiving a suit that was late, dirty, and not as described. I sent the photo evidence of all these issues with very detailed documentation to prove this along with a description from the website confirming that the suit was not as described along with email correspondence. Chime who actually isnt a bank failed to investigate this matter properly and claims that there is no way to speak with the specialist who is handling the dispute. I sent multiple pieces of evidence in which I feel was ignored as there was no confirmation or any communication from the special team handling the dispute. Chime has a history of shady practices as well as not handling disputes properly or even investigating them. This situation is really stressful as the bank is supposed to prevent merchants from committing fraud by sending customers items as not described and getting away with it. Chime didnt handle this dispute properly and failed to provide whatever bogus information they used for decision which was requested verbally and in writing. I requested for an appeal with a different agent as this dispute was not handled properly and no one reached out to me as they are letting the merchant get away with sending me an item not as described. The dispute is not about any errors or not receiving the item. The problem is the suit was not as described and has been a waste of my money and time. The merchant agreed to pay the invoice to have the suit tailors as I am not able to fit or wear the suit as sent to me as it was not made as described which was exact fit perfect custom bespoke suit to my measurements which is not what I received which Is why I can not wear the suit as sent and as of this complaint this matter has not been resolved as the merchant has not responded when sent the invoice that they agreed to pay and I also offered to ship the suit back for a full refund but the merchant has yet to provide a shipping label. Also per XXXX, the merchants website has been taken down due to XXXX investigation into their business practices. This matter is unresolved and chime has not handled this matter as it should have been.",Checking or savings account,Managing an account,2023-12-29T23:26:31.000Z,Web,0af01ff2ee94,False,420,2023,source,2023 | Checking or savings account,https://www.consumerfinance.gov/data-research/consumer-complaints/search/api/v1/8080366
8080158,"Yet AGAIN! Wells Fargo tried to put Insurance on my ELOC with them equity line of credit therefore needs no insurance but I have my mortgage company is XXXX XXXX and they provide the insurance through escrow so there's no need for Wells Fargo to put Mortgage on ELOC and there's only an {$8000.00} balance but they show {$11000.00} on my credit report & several times I've asked them to fix that to no avail! I believe Wells Fargo are criminals & moving forward I wish I didn't have to do any more business with them! I would like for them to turn this ELIC over to XXXX XXXX, my current mortage co!!! again they try to say it's a second mortgage is not a second mortgage which gives them the right to just change my ELOC to a second Mortgage saying yes so now we can put insurance on it. That is just XXXX. They should not have put insurance on my ELOC at Wells Fargo, but they always do now they're messing up my credit they're messing up my credit score, they have False implications in there. I have showed them the proof of insurance. My current insurance was from XX/XX/XXXX to XX/XX/XXXX so they have no reason to put any insurance on my ELOC. Now they think I owe them {$1000.00} no, I say no if they pay some insurance that's their fault they should apply it back to the end of my loan. They should never have applied insurance on an ELOC in the first place. Please help It's the same thing I complained about a couple of times before.",Mortgage,Trouble during payment process,2023-12-30T00:20:58.000Z,Web,0cbbdcf26009,False,274,2023,source,2023 | Mortgage,https://www.consumerfinance.gov/data-research/consumer-complaints/search/api/v1/8080158
8079527,"My Chime checking account was charged {$17.00} via my debit card from merchant XXXX I was attempting to cancel a free trial on XXXX 's website, and somehow in the process my card was charged without my consent. I immediately requested a refund, which XXXX denied. I then immediately reached out to Chime to report the fraud. The agent who I spoke with was very rude and unhelpful. When I asked for a supervisor, the agent hung up on me.",Checking or savings account,Managing an account,2023-12-30T03:08:27.000Z,Web,da2773720c69,False,80,2023,source,2023 | Checking or savings account,https://www.consumerfinance.gov/data-research/consumer-complaints/search/api/v1/8079527
8076341,"I have requested multiple callbacks from XXXX Mohela over the years. Less than 50 % of my requested callbacks are ever filled. Most recently, XX/XX/, I had scheduled to call back. No one ever called. This repeatedly impacts my ability to make informed financial decisions. Hold times are crazy. Scheduling a call is the only way to contact them as I work a full time job. When I make time, and they don't call, this has significant negative impacts.",Student loan,Dealing with your lender or servicer,2023-12-30T05:35:53.000Z,Web,c411a5987f09,False,79,2023,source,2023 | Student loan,https://www.consumerfinance.gov/data-research/consumer-complaints/search/api/v1/8076341
8083289,"On XX/XX/XXXX I applied for the income driven repayment plan on the federal student aide website. I am approved and my payment is set to XXXX dollars. In XXXX, I faxed my PSLF form in. 
I began receiving notices about resumption of student loan payment. On XX/XX/XXXX I logged into MOHELA and saw that MOHELA did not have me enrolled in the IDR and did not have my most recent PSLF, even though both were submitted months ago. I resubmitted both on MOHELAs site on XX/XX/XXXX. Then a few days later I received a bill for over XXXX XXXXXXXX. I thought that MOHELA was still processing my IDR. I received an email dated XX/XX/XXXX stating my payment is late. 
I then logged into the FSA site and I am listed as being in the IDR and having a XXXX dollar monthly payment - as I should be. I then recertified for the XXXX dollar IDR on the FSA site. 

Then I logged into MOHELA. MOHELA states I am late for the > {$600.00} payment and have another due in XXXX- this should not be the case! MOHELA lists the XX/XX/XXXX IDR application and PSLF as received but NOT processed, which means they are going to keep charging me!

Why is MOHELA permitted to charge me > XXXX XXXX when the Federal Student Aide site has me on their site as XXXX XXXXXXXX IDR? 

I can not afford to pay this. I am a community XXXX XXXX XXXX XXXX XXXX XXXX XXXX raising XXXX kids on just my income. I work for a nonprofit saving lives and keeping families together every day. And I have to worry about MOHELA stealing from me? MOHELA is negligent and/or fraudulent and ruining my credit. I do not deserve this. My children do not deserve this. My XXXX  do not deserve this. My community does not deserve this. 

Please help me to get this resolved as soon as possible.",Student loan,Dealing with your lender or servicer,2023-12-30T10:12:06.000Z,Web,c9daac5cc4ff,False,324,2023,source,2023 | Student loan,https://www.consumerfinance.gov/data-research/consumer-complaints/search/api/v1/8083289
8083174,"In XXXX, XXXX as I was making a drive-thru deposit in my TD Bank savings account in XXXX, Florida, the teller told me that the interest rate on my savings account was incorrect at .05 % and that she was going to 'bump it up ' to the going rate of 4 % ( on 260K interest increased from {$2.00} to {$850.00} per month. After traveling, I went into the same TD bank in XXXX and spoke in great depth with Assistant XXXX XXXX XXXX XXXX XXXX ID # XXXX, asking to be paid the appropriate interest on my money pending the interest increase in XXXX. $ XXXX had been sitting in my savings account for over 2 years attaining {$2.00} per month. She said she could only go back and pay retroactively 1 month. This was done. She stated that the reasons she could only go back one month was because - XXXX. I needed to also have an active checking account ( she and I checked and my checking account was VERY active ). 
XXXX. It was my responsibility to come into the bank when the interest rates started rising and ask for the correct amount of interest back in XXXX 
XXXX. That my account was not the type of savings account that was entitled to an increase in interest ( yet, the drive-thru teller had increased it without me even signing any paperwork! ) XXXX. It would be too difficult for her to go back through the months and determine the appropriate interest for each month as she didn't have access to the rates ( verbatim ). 
XXXX. She had spoken with the 'back office ' and they said they had sent out a notification card telling me what my interest rate was, however, could not provide a date that this was sent out ( I am meticulous with my banking mail and file all correspondence immediately ). 
I informed her that I would be filing a complaint and asked her to email me ( in writing ) all of the reasons why I could not get the appropriate interest on my account, however, to no avail, so I have best summarized what I was told. 
I suspect that this is being done to other elderly people who are not on top of interest rates, etc. I am looking forward to getting it resolved and I hope it raises awareness for others who are being taken advantage of.",Checking or savings account,Managing an account,2023-12-30T15:03:26.000Z,Web,74de5ddb08a2,False,411,2023,source,2023 | Checking or savings account,https://www.consumerfinance.gov/data-research/consumer-complaints/search/api/v1/8083174
8083122,"I have a mortgage loan from Freedom Mortgage. I received an unexpected call from Freedom Mortgage XXXX XXXXXXXX XXXX XXXX. XXXX XXXX. He had advised that Freedom Mortgage was the proactively offering me a refinance offer due lower rates with FHA and that it wouldnt cost me anything, and with no closing costs. I told him this all sounds great but it sounds too good to be true. He said they were offering this so I wouldnt refinance anywhere else. That night I went through all of the paperwork and signed the okay. Two-three days later I receive a document requesting that I sign an agreement approve an increased loan amount. I did not sign as it was a redflag to me. After trying to get a hold of XXXX XXXX via email and my credit personal loan phone for a few days, he finally answers from my work number. I address my concern and he tells me that at the time of closing, the numbers will make sense again. The closing documents will reflect what he had told me in the original call. He tells me I dont have to sign this new document. I hang up and decide just to play it by ear. A few days pass again and I get a notification that its time for closing and I receive another document ( estimated closing cost ). Again nothing matches what he says. After several more emails and calls go unanswered, XXXX XXXX calls me back. His name is XXXX XXXX. XXXX acknowledges that he reviewed the calls that I had with XXXX and that he had misinformed me but it was just a simple oversight. I point out that XXXX had multiple opportunities to tell me he was misleading me ( point blank saying it sounded to good to be true/whats the catch?, follow up call asking why the document is now including closing costs ). XXXX informs me that my refinance will have closings costs and asks if I want to continue. I tell him no and that there is no way what XXXX did was a simple oversight. He had many opportunities to try and tell me he made a mistake. 

My concern is that I luckily caught it in time. How many other times has XXXX/Freedom Mortgage done this and gotten away with it? These are just predatory practices. Especially given that if you got a loan in the past year, your rates are real high and most lenders people want to improve it. If I hadnt caught it, I would have got a better rate but when rates really do lower, I would have a hard to refinancing again due to the closing costs at the expense of my equity. How many people have been scammed into this? Please look into this. I am so disgusted with Freedom Mortgage.",Mortgage,Applying for a mortgage or refinancing an existing mortgage,2023-12-30T16:21:56.000Z,Web,68cb0fea8992,False,478,2023,source,2023 | Mortgage,https://www.consumerfinance.gov/data-research/consumer-complaints/search/api/v1/8083122
8082985,"Chase bank closed my banking account abruptly without stating why, which as they said they can do that. On XXXX Chase closed my account during that process my payroll check was just deposited and bills needed to be paid. Since the time of closure, I have been contacting every other week. For the pass XXXX months they keep telling me the fraud department is still investigating my account and they would contact me soon. They sent me a summary of my account balance and deposit. But nothing stating they will send me a refund check.",Checking or savings account,Managing an account,2023-12-30T18:03:17.000Z,Web,8fb43d57a7bc,False,95,2023,source,2023 | Checking or savings account,https://www.consumerfinance.gov/data-research/consumer-complaints/search/api/v1/8082985
8082795,"On XX/XX/2023 I went to the XXXX XXXX  at XXXX XXXX XXXX XXXX. I was treated and released. On or around XX/XX/2023, I received a phone call from XXXX XXXX XXXX requesting payment for an alleged outstanding bill. I was unaware that I owed anything being and that it should have been taken care of by XXXX XXXX XXXX XXXX. I asked the representative on the phone why I owed the bill and I was informed that the claim to XXXX had been denied for reasons of me having other health care coverage. I asked her if I had other health care coverage then why did the first part of the bill get paid. I also requested the denial letter ( which is part of my medical records and I am fully entitled to it ) and the representative told me know she could not give me what I requested. I then called XXXX and XXXX informed me to tell them to re-bill it. I did as requested. Come to find out I spoke with XXXX in XXXX XXXX liability with XXXX XXXX XXXX, that in fact XXXX  XXXX had not even filled the claim with XXXX XXXX XXXX even though it says on the bill that they had. This is unfair and abusive to take advantage of a low income individual. I have also been turned over to a collections company and I have already had to pay a portion of the bill.",Debt collection,Attempts to collect debt not owed,2023-12-30T18:45:43.000Z,Web,5a50d7367a6f,False,244,2023,source,2023 | Debt collection,https://www.consumerfinance.gov/data-research/consumer-complaints/search/api/v1/8082795
8082846,"Myself, or my cosigner never received the last statement or the option to pay this. The collection agency said it got sent to an address on XXXX. I did not provide that to them as my forwarding address nor have I ever ever heard of that address. My cosigner never received anything it went straight to collections. When I called the collection agency to pay I offered {$400.00} a month as I am currently not working, my XXXX had a XXXX, and I am on XXXX XXXX and not receiving my full amount of pay the man said I will not accept that and I should be embarrassed to even offer that on such a high balance of {$9900.00} he also told me too bad so sad when I said, I never received the final statement.",Debt collection,Written notification about debt,2023-12-30T19:10:20.000Z,Web,d2179d6bd0ab,False,136,2023,source,2023 | Debt collection,https://www.consumerfinance.gov/data-research/consumer-complaints/search/api/v1/8082846
8083888,"On XX/XX/XXXX XXXX XXXX there was check written from XXXX XXXX XXXX to XXXX XXXX XXXX XXXX in the amout of {$68.00} from my checking account from XXXX  XXXX XXXX XXXX on Wells Fargo check without my authorization. I been working with Wells Fargo because of the check was used from Wells Fargo, and I mail all the information to Wells Fargo. Wells Fargo informed me that I do not need to contact XXXX XXXXXXXX XXXX. We will take care of it. 

I send in Information to Claim representative was XXXX claim representative in executive office. : '' 1. Copy of the check. XXXX. XXXX  XXXX XXXX statement. XXXX. Copy of the statement that there were account created from Wells Fargo and printed from my Checking account from Wells Fargo. Names on the account were XXXX XXXX and XXXX XXXX. The account number was XXXX Wells Fargo paid to my x husband court case in the amount {$4700.00}. I informed the Wells Fargo that my X husband has account with Wells Fargo. They ignored the information that I provided and paid his court case in full from my account. I divorced my x husband in XX/XX/XXXX and I didn't know about the case. 

I just found out that they stoped investigation on Wells Fargo case ID XXXX was provided by XXXX XXXX. her email was XXXX XXXX",Checking or savings account,Problem with a lender or other company charging your account,2023-12-30T19:40:27.000Z,Web,18f5807c6560,False,227,2023,source,2023 | Checking or savings account,https://www.consumerfinance.gov/data-research/consumer-complaints/search/api/v1/8083888
8082848,"On XX/XX/2023, Chase took part in perpetrating fraud by opening a fraudulent business account at their bank where my wife 's and my funds were transferred to.",Checking or savings account,Managing an account,2023-12-30T20:01:04.000Z,Web,c3101acc20f8,False,27,2023,source,2023 | Checking or savings account,https://www.consumerfinance.gov/data-research/consumer-complaints/search/api/v1/8082848
8082710,"It is my understanding that XXXX wants me to pay them back on a claim that I had coverage for, base on a retaliation of filing a claim against XXXX with the XXXX XXXX XXXX. 

XXXX never sent out an adjuster to inspect my vehicle and with that said, the vehicle never got inspected properly and is a result of an expensive repair.

The approximately cost to repair the vehicle is {$5000.00} and looking for parts to repair the vehicle. There is a balance due of the repairs and when the vehicle is actually repaired. 

XXXX paid me in multiple checks with a total of {$2100.00}. XXXX paid XXXX XXXX {$880.00} directly. XXXX hasn't paid the claim in full and they are responsible for the payment of the claim till XXXX XXXX. XXXX hasn't even paid half the amount owed on the claim. There is an outstanding balance, due to the limitations of the policy for the claim XXXX didn't pay the full amount due. XXXX is aware there are XXXX paid me {$750.00} in a check. This can be verified by XXXX XXXX XXXX  complaint number XXXX XXXX Claim number XXXX. 

The check from XXXX is to cover the balance due from XXXX XXXX knows there is balance due, but couldn't pay out due to the limits of the policy. 

XXXX wants to deal with XXXX on the payment and not me. Regardless if XXXX wants me to pay them back for the repairs, when I had coverage why have insurance? Why isn't the XXXX  stepping in to resolve this matter? 

There is a balance still owed from the above payments, and has been turned over to my attorney for collection, but he is still waiting on the cost of the repairs ( the parts that we are currently waiting on ) before moving forward. 

XXXX and their agent is responsible for all collection cost, attorney and my time.",Debt collection,False statements or representation,2023-12-30T22:50:20.000Z,Web,a1217c5fd32e,False,320,2023,source,2023 | Debt collection,https://www.consumerfinance.gov/data-research/consumer-complaints/search/api/v1/8082710
8082314,"I am now opting out of any and all authorization I may have giving you written, unwritten, verbal or non verbal. 
Please see the attached modified Promissory Note and update your records accordingly.",Student loan,Improper use of your report,2023-12-31T01:52:01.000Z,Web,df82e2ae8c86,False,33,2023,source,2023 | Student loan,https://www.consumerfinance.gov/data-research/consumer-complaints/search/api/v1/8082314
8082278,"I was in dire need of a car & searched on line & found a XXXX ( XXXX miles ) XXXX XXXX - single owner. XXXX XXXX had pre-approved me far more than what I would spend. I went to XXXX XXXX XXXX XXXX ( XXXX XXXX ) & purchased the vehicle. 
I did not know that the vehicle had No Warranty until I was at the table signing. Thus I purchased an extra $ XXXX worth of additional coverage ( thinking it would be better safe than sorry. It doesnt cover the brakes that I need now after only XXXX miles. The finance manager came out to offer me additional coverage such as dent insurance? My saleslady was not impressed that he offered me that after she stepped away from the table. I declined the additional coverage. 
My credit score was XXXX XXXX Bank of America financed it at 9.94 % interest rate. I was preapproved by Capital XXXX of about $ XXXX, although I have their credit card and pays on time & keep my spending below 20 % & they declined me for an auto loan. 
I should have walked away from this all too familiar disparity of a deal. I had to put my XXXX XXXX to rest and paying XXXX ( no mass/bus routes ) & getting stranded in the wee hours of the morning was too dangerous. I cant enjoy having to have a dependable ride without KNOWING that the financing could and should be more affordable. I wanted to file a formal complaint because we see on the latest news that XXXX XXXX XXXX XXXX at an alarming rate even with good credit etc. It is this way in our every day life. I get so tired of the race card, but I cant make this stuff up. Being XXXX is XXXX and especially being a XXXX XXXX. 
* Purchased XXXX * Will be sending Bank of America CEO XXXX XXXX XXXX * XXXX XXXX XXXX * XXXX XXXX XXXX registered letter * Sent Email to XXXX XXXX ( no response ) XX/XX/XXXX 2023",Vehicle loan or lease,Getting a loan or lease,2023-12-31T03:05:12.000Z,Web,73faf3ffa8a6,False,351,2023,source,2023 | Vehicle loan or lease,https://www.consumerfinance.gov/data-research/consumer-complaints/search/api/v1/8082278
8082129,"Under the doctrine Estoppel by silence, XXXX XXXX XXXX ( MO ) XXXX XXXX XXXX, XXXX I may presume that no proof of the alleged debt, nor therefore any debt, in face exists. I have contacted trident asset management on a matter that pertains to my credit. I have been a victim of fraud. I sent trident asset management a certified letter via usps to validate this account asking to send original documents and a host of other things. I have not received any of the documents I requested. I have an account on my credit that does not belong to me. I asked trident asset Management to remove the unvalidated information and nothing was done. I have the receipt that I sent the letter via usps certified. Removing this account from all three credit bureaus ( XXXX, experian, XXXX ) is what needs to take place there is no validation. I take pride in my credit and I have a XXXX score on my credit bureaus. This fraudulent account is ruining my credit to the extreme. A consumer can not provide signed documentation for an fraudulent account that they never authorized but I also asked for a signed documentation bearing my signature that I agreed to pay trident asset Management and the collection agencies could not provide that information. I want this information removed IMMEDIATELY! DO NOT SEND COPIES! I NEED ORGINALS!",Debt collection,Attempts to collect debt not owed,2023-12-31T04:14:40.000Z,Web,d9d9b47de3e3,False,233,2023,source,2023 | Debt collection,https://www.consumerfinance.gov/data-research/consumer-complaints/search/api/v1/8082129
8081994,"I XXXX XXXX Request to Cease Reporting to Consumer Reporting Agencies ( CRA ) Pursuant to 15 U.S. Code 1681b Dear, US Bank XXXX XXXX XXXX XXXX XXXX XXXX, WI XXXX XXXX XXXX XXXX, I am writing to you today to request that , US Bank ATTN XXXX XXXX XXXX XXXX XXXX, WI XXXX XXXX XXXX XXXX immediately cease reporting information about my credit account ( s ) to any consumer reporting agency ( CRA ), including but not limited to XXXX XXXX XXXX, and XXXX, as authorized by the Fair Credit Reporting Act ( FCRA ), 15 U.S. Code 1681 et seq. Pursuant to 15 U.S. Code 1681b - Permissible purposes of consumer reports, a CRA may only furnish a consumer report for a permissible purpose, which includes, among other things, for the purpose of evaluating a consumer 's creditworthiness for a loan or other credit transaction. I have not applied for any new credit or other credit transaction with US Bank XXXX XXXX XXXX XXXX XXXX XXXX, WI XXXX XXXX XXXX XXXX, nor have I authorized you to provide information about my credit account ( s ) to any CRA. Therefore, I believe that the continued reporting of information about my credit account ( s ) to CRAs by US Bank ATTN XXXX XXXX XXXX XXXX XXXX, WI XXXX XXXX XXXX XXXX is a violation of the FCRA. I request that you immediately investigate this matter and take the necessary steps to rectify the situation. Please provide me with written confirmation within 30 days of the date of this letter that you have ceased reporting information about my credit account ( s ) to CRAs. Please be advised that if you fail to comply with my request, I will be forced to take further legal action, including but not limited to filing a complaint with the Consumer Financial Protection Bureau ( CFPB ) and/or initiating a lawsuit against US Bank ATTN XXXX XXXX XXXX XXXX XXXX, WI XXXX XXXX XXXX XXXX for damages and other relief. Thank you for your prompt attention to this matter. Sincerely, XXXX XXXX",Debt collection,Took or threatened to take negative or legal action,2023-12-31T04:28:51.000Z,Web,97637b432e98,False,350,2023,source,2023 | Debt collection,https://www.consumerfinance.gov/data-research/consumer-complaints/search/api/v1/8081994
8082025,"They contacted my phone number and my boyfriend picked up the phone. On the call they provided my personal information to him. On a separate call with myself they called an another individual disclosed my personal information. The information included my full name, address, phone number, social, date of birth and what they are claiming I owe. I have asked them to stop calling me but I get at least 8 times a day from different numbers.",Debt collection,Communication tactics,2023-12-31T05:04:24.000Z,Web,96216394b43d,False,77,2023,source,2023 | Debt collection,https://www.consumerfinance.gov/data-research/consumer-complaints/search/api/v1/8082025
8081978,"Documents uploaded on XX/XX/XXXX to show proof of income for plan Sent email on XX/XX/XXXX to inquire on status of loan due to no updates. Was supposed to be contacted within 15 business days XX/XX/XXXX message was finally responded to saying my documents are still being processed. 
It has been 3 months to process proof that was asked from me. Loan was in forbearance then active, accrued interest then set to forbearance again. This is fraud as I am providing documentation yet they are unable to process within the time frame that they are putting my loan in Forbearance",Student loan,Struggling to repay your loan,2023-12-31T05:23:17.000Z,Web,8be252651f31,False,99,2023,source,2023 | Student loan,https://www.consumerfinance.gov/data-research/consumer-complaints/search/api/v1/8081978
8086296,They will call but wont give me information about the debt until I give them personal information to authenticate myself. Im not giving personal info over the phone is what I say and I say youll have to send a bill. But its on my report and its from XX/XX/2018 it says. Shouldnt it be removed bc its medical and less than XXXX dollars anyway? Regardless I do t even know for sure its mine.,Debt collection,Communication tactics,2023-12-31T17:00:33.000Z,Web,519b65057ca6,False,75,2023,source,2023 | Debt collection,https://www.consumerfinance.gov/data-research/consumer-complaints/search/api/v1/8086296
8086105,"I am a XXXX XXXX. I have never made even a late payment to my mortgage. Northstar Mortgage d/b/a Mr. Cooper had a some sort of computer attack or breakdown. After the attack they had issues with who paid and who did not pay. I have sent them multiple copies of my bank statements to prove that my payment was submitted as I have submitted for years. They are simply stating that I did not pay.

Northstar Mortgage either lost, stole or used my payment to pay someone else account.

They have sent multiple harassing letters and phone calls.",Mortgage,Trouble during payment process,2023-12-31T19:58:23.000Z,Web,4dea897b71e0,False,99,2023,source,2023 | Mortgage,https://www.consumerfinance.gov/data-research/consumer-complaints/search/api/v1/8086105
8085843,Hello my name is XXXX and I wanted to start off and say I have recently been a victim of identity theft and I also was scammed by someone who claimed they was a tax worker and they could file my taxes. I personally had no knowledge of this account in my name whatsoever until around like XXXX or XXXX through checking my XXXX XXXX app.,Debt collection,Attempts to collect debt not owed,2023-12-31T22:48:39.000Z,Web,a9c9d47f2284,False,66,2023,source,2023 | Debt collection,https://www.consumerfinance.gov/data-research/consumer-complaints/search/api/v1/8085843
8085889,"I hope this letter finds you well. I am writing to bring to your attention a billing error that I recently discovered in my account with XXXX XXXX This error is in violation of several consumer protection laws, including [ 12 CFR 1026.13 ( A ) ( 1 ), 12 CFR 1002, 1002.2, 16 CFR 681.1, and 15 USC 1601 ]. 

Upon reviewing my consumer report, I noticed a transaction receipt dated XX/XX/2023, indicating a mortgage transaction that was conducted without my authority or knowledge. I have not benefited from this transaction in any way, and it should not have appeared on my account. 

Given the circumstances, I request that you rectify this billing error promptly and take the necessary steps to remove the unauthorized transaction from my account. I also remind you that under the provisions of 15 USC 1640, 15 USC 1693 ( N ), and 15 USC 1691 ( D ) ( 6 ), XXXX XXXX may be held liable for your failure to comply with legal requirements. 

I kindly request that you investigate this matter thoroughly and provide me with a detailed explanation of how this billing error occurred. Additionally, please inform me of the actions you plan to take to rectify the situation and prevent similar incidents from happening in the future. 

If necessary, I am prepared to take legal action to protect my rights and seek compensation for any damages incurred due to this billing error. However, I hope we can resolve this matter amicably and avoid any further complications. 

I look forward to receiving your prompt response within 5 days of the receipt of this letter. 
Thank you for your attention to this matter and your cooperation.",Mortgage,Applying for a mortgage or refinancing an existing mortgage,2023-12-31T23:16:59.000Z,Web,119019627165,False,284,2023,source,2023 | Mortgage,https://www.consumerfinance.gov/data-research/consumer-complaints/search/api/v1/8085889
8087019,I am a victim of fraud and identity theft people use my information on the dark web. They use my information everywhere. My social ID has been lost and stolen multiple times my family has used my identity friends have using it stolen and my information is out there Im making this report so I can show the credit bureau Im doing my part on my end Im also in the XXXX XXXX and I cant qualify for no bank account,Checking or savings account,Opening an account,2024-01-01T09:31:58.000Z,Web,8efe254167aa,False,81,2024,target,2024 | Checking or savings account,https://www.consumerfinance.gov/data-research/consumer-complaints/search/api/v1/8087019
8088995,"XXXX I used XXXX via XXXX to pay {$150.00} for a purchase. Immediately after, I realized it was a fake account/scam. Then the person disappeared. Now I am receiving a collection request from XXXX XXXX XXXX Reference # XXXX, account # XXXX. When a person uses XXXX to pay a third party a question is supposed to come up asking if the payment is for Friends and Family or a transaction for a purchase that includes consumer protection. This question did not come up during my transaction. It automatically defaulted to Friends and Family which offers no consumer protection. This is a gap in the XXXX or XXXX system. I immediately reported this to XXXX and XXXX as well as my financial institution. Monies were moved from my accounts to create a XXXX balance for funding XXXX but payment still processed leaving a negative balance in my XXXX account . I have since been blocked from using XXXX since the debt has not been settled. I have screenshots of this transaction and notes from my conversations.",Debt collection,Attempts to collect debt not owed,2024-01-01T17:09:55.000Z,Web,3ef335ed9a2c,False,176,2024,target,2024 | Debt collection,https://www.consumerfinance.gov/data-research/consumer-complaints/search/api/v1/8088995
8109583,"They closed my checking account for no reason. 
I asked them via email how to settle my balance! 
I suggested that they could settle my balance by ACH transfer or wire transfer! 
They replied by email that they could only send a check to settle my account balance! 
I asked them who would bear the loss if the check you sent was lost or I did not receive the check they sent. 
They didn't respond to my questions! 
Now I have not received the balance they should have settled for me, they closed my account and emptied my balance!",Checking or savings account,Closing an account,2024-01-01T19:04:07.000Z,Web,7f9726ae9e1e,False,99,2024,target,2024 | Checking or savings account,https://www.consumerfinance.gov/data-research/consumer-complaints/search/api/v1/8109583
8088702,"This account was first stated several years ago to be opened back in XXXX and this was removed from my Credit Reports due to Identity Theft and now XXXX years later has sold information to a collection agency and is saying the account was opened in XXXX. XXXX is using fraudulent tactics in order to collect from a debt that is not valid. This collection agency also has not reach out to me by phone, email or mail not XXXX single time and have reported this to all 3 Credit Agencies.",Debt collection,Attempts to collect debt not owed,2024-01-01T20:16:54.000Z,Web,6921cc0ffd45,False,91,2024,target,2024 | Debt collection,https://www.consumerfinance.gov/data-research/consumer-complaints/search/api/v1/8088702
8088715,"XXXX XXXX was reported as collections to my credit reports due to identy theft. 
for the amount of {$2600.00} reported on XX/XX/22. I never signed a wet contractual contract with this company nor have an opened account with this company",Debt collection,Attempts to collect debt not owed,2024-01-01T20:38:26.000Z,Web,1e3e3158602a,False,40,2024,target,2024 | Debt collection,https://www.consumerfinance.gov/data-research/consumer-complaints/search/api/v1/8088715
8088434,Company XXXX XXXX XXXX is a fraudulent account reporting collections to my credit report for the amount of {$590.00} reported on XX/XX/22. This is due to identy theft. I have never signed a wet contractual contract or open an account with this company.,Debt collection,Attempts to collect debt not owed,2024-01-01T21:45:31.000Z,Web,d93c69017602,False,43,2024,target,2024 | Debt collection,https://www.consumerfinance.gov/data-research/consumer-complaints/search/api/v1/8088434
8088325,Portfolia Recovery is a fraudulent account reporting collections to my credit report for the amount of {$500.00} reported on XX/XX/23. This is due to identy theft. I have never signed a wet contractual contract or open an account with this company.,Debt collection,Attempts to collect debt not owed,2024-01-01T22:06:10.000Z,Web,0182ecb7da28,False,41,2024,target,2024 | Debt collection,https://www.consumerfinance.gov/data-research/consumer-complaints/search/api/v1/8088325
8088194,XXXX XXXX is a fraudulent account reporting collections to my credit report for the amount of {$500.00} reported on XX/XX/23. This is due to identy theft. I have never signed a wet contractual contract or open an account with this company.,Debt collection,Attempts to collect debt not owed,2024-01-01T22:24:41.000Z,Web,b4ba98c1691b,False,41,2024,target,2024 | Debt collection,https://www.consumerfinance.gov/data-research/consumer-complaints/search/api/v1/8088194
8087847,"I have struggled since XXXX to work under the Public Service Loan Forgiveness Plan. Recently, Mohela has taken over servicing the loan. I have attempted multiple times to request for Mohela to correct the incorrect information they have about the number of payments I have made under PSLF and the number of payments remaining and Mohela continues to leave incorrect information, tries to get me to not make payments on my loan and also to not reflect the payments I have made. I have THREE payments remaining of the XXXX. For XX/XX/XXXX, XX/XX/XXXX and the FINAL Payment on XX/XX/XXXX, the FINAL payments are XXXX, XXXX and XXXX. I believe that Mohela is acting in bad faith with multiple borrowers and they are trying to keep people in debt when we have worked very hard under the PSLF program. Mohela sent me the attached letter in XX/XX/XXXX showing I had 8 payments remaining as of XX/XX/XXXX. Then in XX/XX/XXXX, they sent me a letter showing I had 8 payments remaining and again in XX/XX/XXXX showing I had 6 payments. I made 5 more payments during the period of XX/XX/XXXX to XX/XX/XXXX and have THREE payments left on XX/XX/XXXX, XX/XX/XXXX and XX/XX/XXXX. Mohela keeps trying to change the payment amounts or tries to have me pay nothing, tries to defer me and sends inaccurate information. I would like CFPB to prevent Mohela from acting in bad faith toward borrowers and correct the number of payments I have made under PSLF which is XXXX. On XX/XX/XXXX, I will be making my XXXX payment.",Student loan,Dealing with your lender or servicer,2024-01-01T22:43:22.000Z,Web,0c8d8f012dda,False,260,2024,target,2024 | Student loan,https://www.consumerfinance.gov/data-research/consumer-complaints/search/api/v1/8087847
8087638,Company : IQ DATA INTERNATIONAL is reporting a collection in the amount of {$5600.00} reported on XXXX.I never signed a contractual agreement nor did I open this account. I filed police report as identity theft. ( see attached ),Debt collection,Attempts to collect debt not owed,2024-01-02T02:18:46.000Z,Web,e47aa482a23c,False,39,2024,target,2024 | Debt collection,https://www.consumerfinance.gov/data-research/consumer-complaints/search/api/v1/8087638
8087394,"I hope this letter finds you well. I am writing to address a concern regarding the lack of statements for my account with COMENITYCAPITAL/XXXX. I recently became aware that I did not receive statements for a specific period, and after investigating the matter, I discovered that it was due to a very small balance on my account during that time. 

COMENITYCAPITAL/XXXX  XXXX  - Those payments were made on time. I am requesting that the late payment markings be updated to reflect my accurate payment history. If there is any confusion, I suggest you contact myself or COMENITYCAPITALXXXX customer service representative . 

I understand the importance of staying informed about my financial transactions and responsibilities. However, it appears that due to the minimal balance in my account, statements were not generated or sent to me during the specified period. 

I would like to request your assistance in providing me with the missing statements for the mentioned period. Understanding the details of my account activity is crucial for me to manage my finances responsibly. If there are any fees associated with the generation or retrieval of these statements, please inform me in advance. 

Additionally, I kindly request that you review your procedures for statement delivery to ensure that customers, regardless of their account balance, receive timely and accurate statements. Clear communication is essential to maintaining a positive banking relationship, and I believe that receiving statements regularly, even with a low balance, is in the best interest of both parties. 

I appreciate your attention to this matter and look forward to resolving this issue promptly. 

Thank you for your prompt assistance in this matter.",Debt collection,Written notification about debt,2024-01-02T03:27:36.000Z,Web,7d11675ebb9e,False,271,2024,target,2024 | Debt collection,https://www.consumerfinance.gov/data-research/consumer-complaints/search/api/v1/8087394
8087434,"I withhold my consent for electronic communication and explicitly request that all responses be conveyed in written form through the United States Postal Service ( USPS ). I am writing to dispute an account listed on my credit report that is the result of identity theft. The account in question is : XXXX XXXX XXXX ( Original creditor : XXXX XXXX XXXX ) XXXX Date opened : XX/XX/XXXX  Balance : {$1100.00}. I have already contacted XXXX and XXXX, who have removed this account from their records after finding an error. I am confused as to how you have verified this account while the other bureaus have removed it. I remind you that under the Fair Credit Reporting Act ( FCRA ), I am entitled to a quick and thorough investigation into these issues. I demand that you take immediate action to remove this account from my credit report and inform me of the steps taken to prevent this from happening again. I appreciate your prompt attention to this matter and request that you contact me as soon as possible with the results of your investigation.",Debt collection,Written notification about debt,2024-01-02T03:52:32.000Z,Web,f8c3609fe8bb,False,185,2024,target,2024 | Debt collection,https://www.consumerfinance.gov/data-research/consumer-complaints/search/api/v1/8087434
8087162,Wells Fargo did nothing to stop the fraudulent activities committed to my account and in fact charged me fees and eventually shut my account down.. they refuse to provide any account info to me,Checking or savings account,Problem caused by your funds being low,2024-01-02T05:21:01.000Z,Web,7b06d13be3ac,False,34,2024,target,2024 | Checking or savings account,https://www.consumerfinance.gov/data-research/consumer-complaints/search/api/v1/8087162
8090927,"On XX/XX/XXXX I paid my mortgage of {$1400.00} charged under title of Lakeview Loan Servicing. The payment was processed by my bank on XX/XX/XXXX. On XX/XX/XXXX I woke up and had another {$1400.00} charge on my account from LAKEVIEW XXXX XXXX XXXX XXXX ( a title Ive never seen before on my Lakeview charges ). I called customer service asking whether this charge was on their accounts and they could not find the account and only stated that maybe the payment was my XXXX payment, which makes no sense as it is XX/XX/XXXX. I then suggested maybe my data was stolen in the data breach that just occurred and they transferred me to the data breach help line and they did nothing to help me get my {$1400.00} back even though they confirmed my data was compromised.",Mortgage,Trouble during payment process,2024-01-02T15:33:07.000Z,Web,0168678ad582,False,137,2024,target,2024 | Mortgage,https://www.consumerfinance.gov/data-research/consumer-complaints/search/api/v1/8090927
8090876,"I applied on line for XXXX with Bank of America. Bank of America checked my credit and impact negatively on my score Without my permission or any notification on the misleading site of Bank of America. 
The XXXX employee XXXX not sure about her exact name.Called me with tone of XXXX disrespectful and showing off power pretending she can't say my name and telling me "" I'm denying your application "" When I complained, I got responses from XXXX XXXX on XX/XX/2023 and she denied anything wrong from their Bank of America checking credit without my permission and she referred me to another employee XXXX XXXX can work the loan application. 
I found XXXX not sure her exact name calling me back despite my complaint against her and she.threstened me in the phone that if I would record her.conversation it would be a XXXX. This proved to me that they are no control and this XXXX is discriminating me using her power without any boundaries. 
When I went back to XXXX she absorbed my anger but they.tried to waste my time and misleading me by asking about too many documents just to appear that they are not retaliating against me for the sake of their coworkers XXXX. 
While this misleading deceitful process I started apply for same HELOC with XXXX XXXX  and I got approved for $ XXXX. 
I did not get any written explanation of denial from the most XXXX people in Bank of America. Of course they can claim anything but I'm sure they were discriminating me and denied my loan",Mortgage,Applying for a mortgage or refinancing an existing mortgage,2024-01-02T15:37:16.000Z,Web,4f1ee824ab59,False,263,2024,target,2024 | Mortgage,https://www.consumerfinance.gov/data-research/consumer-complaints/search/api/v1/8090876
8091412,"I just became a customer of PNC bank it's been 2 months and already having to deal with fradualant transaction appearing on my account. On XX/XX/23 I placed a curb side food order delivery to my house with XXXX XXXX in the amount of XXXX which was deducted from my account, then on XX/XX/23 my account had a deduction in the amount of XXXX from XXXX XXXX XXXX XXXX XXXX PA. I then called Customer service at XXXX XXXX the informed me there was no store at that location XXXX XXXX XXXX PA. I then called PNC customer service and asked them how could a fradualant transaction go thru on my account when I had my card locked and secured, she lied and told me my card must have been unlocked for the charge to go through but I know it was locked. Now I have another fradualant charge that appeared on my account that's pending made on XXXX ) XX/XX/23 in the amount of XXXX from the so called Fictitious XXXX XXXX XXXX XXXX XXXX PA.I will dispute this charge as soon as it clears.",Checking or savings account,Problem with a lender or other company charging your account,2024-01-02T15:51:36.000Z,Web,9b03c7b767dd,False,186,2024,target,2024 | Checking or savings account,https://www.consumerfinance.gov/data-research/consumer-complaints/search/api/v1/8091412
8094284,"This mortgage is being serviced by XXXX and my payments are being serviced by Loancare. There is no real transparency or clarity provided to the customer as to why Loancare services payments for the company servicing my loan but to me, this is the same company no matter how they are setup for taxable, or non-taxable, purposes. 

On XX/XX/XXXX I received a Notice of Error Acknowledgement from LoancareXXXX stating that in compliance with applicable federal law I would receive a detailed written response within 30 days ( excluding weekends and holidays ) from what I assume to be the date of this notice. XXXX  is day XXXX ( excluding XXXX XXXX XXXX  ) and I have yet to receive a response from XXXXXXXXLoancare regarding this matter. Per what is written in this notice, this is a violation of federal law by XXXXLoancare by failing to respond to me in the timeframe stated by Loancare/XXXX 

This is not the first violation by XXXX/Loancare  however the first I am specifically reporting. I have numerous emails dating back to at least XX/XX/XXXX that I've sent to XXXXLoancare mostly reporting their broken, unsecure and deceptive website as well as their lack of security, all of which were ignored and disregarded by LoancareXXXX Meanwhile, I would receive various messages about how secure my information is in their unsecure and centralized system only to find out later that their system was compromised and my information was in fact not safe or secure as previously stated by LoancareXXXX, like I already knew and tried to report. Clearly nobody at Loancare/XXXX  cares otherwise someone would have at least responded to me about these security issues and maybe even addressed/resolved them. 

At issue here that I have been patiently waiting almost 8 months for is : In XX/XX/XXXX I changed my hazard insurance provider to XXXX XXXX setup the account to be billed to and paid by me, not my loan servicer ( aka Loancare/XXXX  ) which I then promptly paid in full. 

Soon thereafter, I receive a notice from Loancare/XXXX  dated XX/XX/XXXX stating that they received a bill for my new insurance policy with XXXX XXXX and they made a unauthorized duplicate payment to XXXX XXXX. 

I contacted both my insurance agent and Loancare/XXXX  asking for clarity as I had already paid this policy in full and asked to not have Loancare/XXXX  billed for this XXXX As confirmed by my insurance agent, Loancare/XXXX  was not sent a bill to pay. I have repeatedly asked Loancare/XXXX  for the proof of this claim they made about receiving a bill for this policy and I continue to be ignored by Loancare/XXXX. 

Also in XXXX, a impromptu escrow analysis was completed by Loancare/XXXX  that was inaccurate. I pointed out the errors, emailed Loancare/XXXX  and did not receive any response from them. In XXXX, I printed everything out, mailed everything to Loancare/XXXX  ( address provided on notice ) and still am not able to receive a response from Loancare/XXXX  outside of this notice of error acknowledgement. 

Loancare/XXXX  can provide any type of backdated document to defend themselves however my escrow account remains unchanged, I have not received any refund or seen any type of credit for this duplicate payment on my monthly statements, and I have been receiving my monthly statements since XXXX which therefore means there is no reason why I would not have received such a document/response if it even exists. 

As of now, I have paid for this new policy in full ( XXXX payment ) Loancare/XXXX  made XXXX unauthorized duplicate payment on this policy ( XXXX payments ) Loancare/XXXX  is currently calculating my prior, cancelled insurance policy as well as this new one ( for the next term, 3rd payment ) in my current escrow analysis even though I have provided proof my old policy has been cancelled and proof from my insurance agent that they were not sent a bill. 
I have not received a credit from XXXX XXXX to my original payment method. 
I have not seen any credit for the unauthorized duplicate payment made by Loancare/XXXX  from XXXX XXXX XXXX XXXX noted on any of my monthly mortgage statements since this policy went into effect. 
I've currently paid for this policy twice as well as towards the next term in my monthly mortgage payment and I am not understanding how this is fair to me or even ethical by Loancare/XXXX? Please explain how exactly this is fair to me. 
I continue to email Loancare/XXXX  only XXXX continue to be ignored, hence why I am here. 
I did get a random phone call/email last month about a new homeowners policy quote that I never asked for. I responded to this agent, XXXX, detailing the issues I have been trying to resolve since XX/XX/XXXX who said she forwarded my message to the proper department who again, refuses to respond to me and address/correct these issues. 
I have also repeatedly asked Loancare/XXXX  to stop sending me spam messages which Loancare/XXXX  continues to ignore as I receive at least XXXX spam mailing every single month. Why?",Mortgage,Trouble during payment process,2024-01-02T17:13:21.000Z,Web,ba20b112adf4,False,846,2024,target,2024 | Mortgage,https://www.consumerfinance.gov/data-research/consumer-complaints/search/api/v1/8094284
8090092,"My Homeowners Insurance lapse in XXXX and I was not aware of this. There were letter sent to an old address of mine and I did not know of this until my mortgage payment changed and I went to the website and saw what was going on. The policy lapsed for about 7 months and I was charged {$4000.00} for that period. I attached the policy that they sent me. My insurance policy that I obtained after the other one lapse was {$2800.00} a year. 

I did not receive a call from Rocket Mortgage to inform me about the lapse of insurance and only letters were sent. I understand that I am responsible for maintaining insurance coverage but I thought I had. I was not properly informed. 

I attached the policy place by Rocket Mortgage and the policy that I paid. I was told that the higher premium is because the force placed policy was not underwritten which makes no sense. The house is a newer home built to hurricane code. I wonder if this is a revenue stream to Rocket Mortgage. 

If you need additional Information please let me know. I attached copy of the policy they sent me. 

XXXX",Mortgage,Trouble during payment process,2024-01-02T17:15:13.000Z,Web,4f40cbd9c9cb,False,201,2024,target,2024 | Mortgage,https://www.consumerfinance.gov/data-research/consumer-complaints/search/api/v1/8090092
8090234,"Ally Financial is charging extra fees to utilize the phone for payment because they are having website issues! I have tried for 4 days to get into my account to pay my auto loan and finally paid my loan through the phone, which had additional fees associated with it. The part on the other end made this payment extremely hard for them as they are from a third-world country, which further complicated the process.",Vehicle loan or lease,Managing the loan or lease,2024-01-02T17:17:56.000Z,Web,33cf09f90b5b,False,74,2024,target,2024 | Vehicle loan or lease,https://www.consumerfinance.gov/data-research/consumer-complaints/search/api/v1/8090234
8095258,"This is a follow-up to complaint XXXX which involves forced placed insurance. 
Shellpoint Mtg. promised to refund {$2600.00} for XXXX. I tried many times to send documents which prove I have XXXX insurance through XXXX XXXX XXXX XXXX, but Shellpoint doesn't receive them. I have attached these documents. 
I deeply appreciate you help.",Mortgage,Trouble during payment process,2024-01-02T18:06:28.000Z,Web,a4dbf9d70320,False,53,2024,target,2024 | Mortgage,https://www.consumerfinance.gov/data-research/consumer-complaints/search/api/v1/8095258
8095312,"Happy new year, I am writing to inform you about the unfortunate passing of the primary borrower, [ XXXX XXXX ], who held an auto loan with your institution. I co-signed the loan with [ him/her ] and have been diligently attempting to maintain the payments since her passing in XXXX. 

Despite my efforts, the car has been towed away, and I am left in a challenging situation. I am reaching out to request your understanding and cooperation in managing the collection process for the outstanding balance. Given the circumstances, I would appreciate any assistance or guidance you can provide to navigate this matter. 

I understand the importance of fulfilling financial obligations and preserving the integrity of my credit. However, the loss of the collateral has added complexity to the situation. I am willing to work with you to find a resolution that is fair and manageable under these circumstances. 

I kindly request your consideration and would appreciate any information or documentation required to facilitate the deputation of collection in light of these unfortunate events. Please feel free to contact me at [ XXXX ] to discuss this matter further. 

Thank you for your understanding and cooperation. 

Sinc",Vehicle loan or lease,Problems at the end of the loan or lease,2024-01-02T18:10:31.000Z,Web,46ca349b3b26,False,198,2024,target,2024 | Vehicle loan or lease,https://www.consumerfinance.gov/data-research/consumer-complaints/search/api/v1/8095312
8093894,"Was told online through myloans that i was on a forbearance until XX/XX/XXXX. I did not make a payemnt due to being in forbarence which was told by flagstar I was not in forbarence but online said I was. Stated on myloans "" on active forbarence until XXXX I have been trying to resovle this for a year now and they have me as active foreclosure. They did not tell me that I had a morgage modification in XXXX or XX/XX/XXXXXXXX  so now the loss mitigation team will not work with me they give me no option but to pay over {$40000.00}. I would not be deliquient or in this mess if did not believe to be in a forbarence that i was lied to about. Due to this I owe alot due to the backowed amount due to believing I was in forbarence.",Mortgage,Struggling to pay mortgage,2024-01-02T18:16:22.000Z,Web,bbcfacb9d74f,False,144,2024,target,2024 | Mortgage,https://www.consumerfinance.gov/data-research/consumer-complaints/search/api/v1/8093894
8094256,"I previously filed a complaint against Wells Fargo who continues to make a legal determination on my behalf with being my legal consul or attorney. On or about XX/XX/2023 I was made aware of a XXXX XXXX taking money out of my account and I immediately made Wells Fargo aware of this situation and they continue to deny credit my account for XXXX stating that the transaction were authorized. It has come to my attention that according to the agreement/contract that I sign with Wells Fargo they have that specifically states that if you tell us within XXXX business days after the loss, you can lose no more than XXXX so why are they withholding XXXX which way more than XXXX. They are now in XXXX of contact and I will be filing a XXXX claims for not only XXXX of XXXX but securities fraud.",Checking or savings account,Managing an account,2024-01-02T19:50:57.000Z,Web,ab2b9ac12245,False,145,2024,target,2024 | Checking or savings account,https://www.consumerfinance.gov/data-research/consumer-complaints/search/api/v1/8094256
8094664,"XXXX XXXX XXXX XXXX XXXX | XXXX, Georgia XXXX XXXX XXXX  Complaint against XXXX  Discrimination in lending, medical bias Was my loan for property XXXX XXXX XXXX XXXX in XXXX, GA XXXX was actually legally given to me? 
I made complaints on several occasions leading up to my closing date which was XX/XX/XXXXXXXX  in the weeks leading up to closing I informed the XXXX  that I was embarrassed because my family members are lawyers and I have no documentations of my loan. The last documents I received from XXXX  was in XXXX that was XXXX  months ago on XX/XX/XXXXXXXX  the day of closing I called XXXX and asked her again when will I be getting my loan documents, I'll be leaving for the closing soon. I received my loan documents one hour before closing while driving to the closing. Is that legal, does that happen to any other ethnic group but minds? Is that legally correct and ethically correct? Again referring to XXXX. I said I was embarrassed by using your Company in writing. Read your email. I never had a chance to confer with my lawyer about the loan contract. I was afraid of being discriminated against again and not being able to get a loan opportunity again. Its happen to me before. Im a XXXX man the rules are different for us. Thing like XXXX  You Know. 
In XX/XX/XXXXXXXX  I reached out to XXXX  and informed them that I was having financial difficulties paying my mortgage I would need a possible deferment or whatever could be done i.e. covert-19 relief funding. I was sent legal papers by XXXX  staff and I informed him on two occasions that I needed to speak to him because I was having complications from XXXX XXXX. Soon after that staff member was no longer working there and I could no longer reach anybody at XXXX  via phone numbers that I had, they didn't work, the emails didn't work the phone number on their website didn't work, maybe it just didnt work for me I was locked out of the system in order for me to reach someone from XXXX  I needed to send an email through XXXX  website. On several occasions I informed XXXX  by email or by the new company thats answering the phones that I would like to pay my mortgagel and I'm locked out of the system. It would take several weeks for the staff of XXXX  to return my calls. I informed them ( XXXX  ) on at least XXXX  occasions that I can not pay my bill Im lock out and none of the numbers I try to call you are working. can I speak to someone in customer service the staff members that I was dealing with who was put on the email sent to me would never give me access to the system anymore I was never able to pay my bill so did XXXX  really want me to pay my mortgage while fully aware the they was not given me access to pay every time I asked them to give me in writing how much I owe so I can pay it they would never give me access to pay they would verbally tell me I have to pay a certain amount but in order for me to pay it I had to call them and wait several weeks for them to get back to me I could not mail anything I wasn't sure if my loan numbers were the same or did XXXX  exist in longer. My confusion could have been resolved if they would have given me wiring instruction on where to send my mortgage too. 
XXXX XXXX XXXX XXXX XXXX | XXXX, Georgia XXXX XXXX XXXX  Please investigate for possible criminal activities consumer finance violations banking and ethics violations and discriminatory practice. 
My complaints why did these thing happen 1. 
Why did it take XXXX  months in underwriting to close my deal 2. 
Why did it take XXXX  months for me to get any updated financial documents for my bank loan. 
3. 
Is my bank loan legally binding considering that I didn't get my legal papers until XXXX XXXX before closing. If not legal is that ethically responsible. Did I have a right to look over the loan papers XXXX days before closing as per consumer financial law. I even called XXXX who is responsible for giving me these papers before I went to closing requesting to know what's on my bank loan. 
4. 
in XX/XX/XXXXXXXX  I reached out to XXXX  asking them can I possibly defer my loan payments or what could be done considering the President of the United States gave out XXXX  of dollars to keep businesses a float. I was sent papers by a staff member who I was told later was no longer working for the company. when I asked on several occasions can I speak to somebody because customer service was not working. Because of the side effects of my XXXX XXXX  I requested 5. 
Over XXXX  occasions to speak to somebody due to the fact the side effects are confusion it was easier for me to speak to someone for better comprehension I informed XXXX XXXX that I am locked out of XXXX  system, I can not call the customer service the telephone numbers that I have for them know longer work an another company owns them and they dont know who XXXX  is. They said it will take them a while to figure out and give XXXX  my correspondence. That happened on several occasions. 
6. 
I informed XXXX  over XXXX  times I am trying to pay they would never give me a place to send the money to know their account numbers if XXXX  wanted me to pay my mortgage they would gave me the wiring instructions. 
7. 
I asked XXXX and everyone else on the emails who are upper management none of them ever gave me access to pay my mortgage. I asked over XXXX times. Please read my email. 
8. 
When I try to bypass XXXX and staff to pay the mortgage my information when right back to XXXX and again I was told I couldn't pay it I just wanted to be in the system to see what the system was going to let me do or was XXXX lying to me. I didn't feel comfortable with XXXX and her staff I felt like I was being scammed so I couldnt pay. 
9. From : XXXX XXXX   Date : Tuesday, XX/XX/XXXXXXXX  at XXXX XXXX  XXXX XXXX XXXX XXXX XXXX XXXX XXXX Georgia XXXX XXXX XXXX  To : XXXX XXXX XXXX XXXX XXXX   Subject : Trying to pay my bill. I am trying to pay my bill I was given to different numbers to pay the first number was {$27000.00} on Thursday XXXXXXXX  and the next payment on Friday XXXXXXXX  was XXXX. I will pay either. Please advice. Thats what was sent to XXXX. 
10. 
Why If I keep emailing other people so I can pay my mortgage why does my emails keep going to XXXX and she blocks my payments. XXXX was involved in not letting me pay for months and forcing me in to bankruptcy and then being part of the bankruptcy proceeding. If XXXX wouldnt let me pay my mortgage and force me into bankruptcy this is a crime to steal my property and resell it. How wide spread might this being. How may XXXX  customers might be going through the same thing 11. 
If all of my mortgage loan numbers and bills are under XXXX XXXX XXXX XXXX XXXX Is the bankruptcy valid. We had court proceeding for XXXX XXXX XXXX XXXX 
12. 
The above reasons is why Im complaining. Please Investigate and report all find to the proper agency. 
13. 
Im requesting please whole off all bankruptcy actions until these question are answered. 
14. 
Sorry for repeating myself I just need to get this out and Im not good at writing things like this. Please excuse all typos. 
Enjoy your New Year Sincerely XXXX XXXX XXXX XXXX XXXX XXXX XXXX",Mortgage,Struggling to pay mortgage,2024-01-02T20:09:34.000Z,Web,c4f86f3e97a3,False,1353,2024,target,2024 | Mortgage,https://www.consumerfinance.gov/data-research/consumer-complaints/search/api/v1/8094664
8094112,"Ive been receiving letters from Shellpoint Mortgage for several months stating they require proof of insurance. Ive provided proof of insurance each time, as well as called them to confirm receipt. Each time Ive called ( 6+ times ), they have confirmed proof of insurance receipt and that our account would be updated, and that we would not be charged. However, were still receiving letters and are now being charged an additional {$1200.00} each month. This is harassment and these charges are fraudulent.",Mortgage,Trouble during payment process,2024-01-02T21:12:47.000Z,Web,044b7a78c6d5,False,83,2024,target,2024 | Mortgage,https://www.consumerfinance.gov/data-research/consumer-complaints/search/api/v1/8094112
8094125,"Recently as of XX/XX/XXXX I received this email and in the email on their page they have dated this XX/XX/XXXX Important Updates About Your Student Loans Our records indicate that we sent your XXXX billing statement less than XXXX  days prior to your payment due date. Because of this, your student loan account has been updated to ensure your successful return to student loan payments. You are not required to do anything to benefit from these updates to your account. 
Your account has been placed into an administrative forbearance ( meaning no payment is required ) for payments due between XX/XX/XXXX, through XX/XX/XXXX. You are not required to make a payment until XX/XX/XXXX and your account will not be considered delinquent. Be on the lookout for your next billing statement. 
o We will report your updated loan status to the nationwide Consumer Reporting Agencies.

o You may request to end this administrative forbearance by contacting us by mail, fax, or calling us at XXXX. 
o Please note, your forbearance may not go through the end of XXXX if there were other changes that have occurred on your account. This could be a result of activities such as application processing, your request to have the forbearance removed, or other actions. Please closely review your billing statements and notifications for your latest account status. 
The months of XXXX through XX/XX/XXXX will count toward income-driven repayment forgiveness and XXXX XXXX XXXX XXXX XXXX assuming all other requirements are met. 
Your interest rate is being set to 0 % from XX/XX/XXXX, through XX/XX/XXXX, which means no interest accrues during this period. 
If you made any payment ( s ) between XX/XX/XXXX, and XX/XX/XXXX, they will count toward your future payment ( s ).

There are some important things to know about your payments : o You may also, instead, contact us to request a refund for any payment made during this time.

o If you are enrolled in Auto Debit, monthly payments will continue to be withdrawn for your regular amount due each month plus any additional recurring amount you have requested. This will occur even after any payments you made for a due date in XXXX through XXXX have been applied toward your future payment ( s ).

o If you choose to make payments while your loans are at the 0 % interest rate, the full amount of your payments will be applied first to any interest that accrued prior to XX/XX/XXXX, if applicable, then to your principal balance. 
If you had an insufficient fund ( NSF ) fee charged because of a payment withdrawal between XX/XX/XXXX, and XX/XX/XXXX, you may request that your bank reverse the fees that resulted from the transaction.

If the bank will not reverse the charges, you may contact us to request a refund of the NSF fee. To request this refund, please provide a document with the following information : Your request to have the NSF fee refunded, your name, your bank information, and documentation that the withdrawal caused the NSF fee. You may submit your request by mail, fax, or uploading on mohela.com. 
All of your comments are regarding the XXXX billing Statement What does this mean for the XXXX XXXX payments and ongoing?",Student loan,Dealing with your lender or servicer,2024-01-02T21:18:39.000Z,Web,9a767de8d741,False,539,2024,target,2024 | Student loan,https://www.consumerfinance.gov/data-research/consumer-complaints/search/api/v1/8094125
8093165,"This is a continuation of a prior issue. I will provide the explanation here. 

I received a letter from Citizens bank that they owe me XXXX and to contact a number provided I called the number and I can not get a hold of anyone as it will only help people with an account number. As this is a disbursement of a loan from 2019 I no longer have an account number. I have tried to contact them and it's impossible to recive my money from Citizens bank. 

In the follow up with Citizens bank the said the money was surrendered to the State of Massachusetts treasury. I checked with the treasury and there is no money to claim. I believe Citizens bank made a false claim about the surrendered money. There is nothing in the records from the state about the money.",Checking or savings account,Closing an account,2024-01-02T23:33:01.000Z,Web,3183ed38e60c,False,143,2024,target,2024 | Checking or savings account,https://www.consumerfinance.gov/data-research/consumer-complaints/search/api/v1/8093165
8092880,"I had added autopay to my account with a previous individual. One month I got a notice that my payment hadn't processed. I called and they said there was an issue with the account and that my autopay hadn't processed. I went into the account and manually processed the amount and a late fee was applied. When I called the agent- they're trying to put me through a separate setup for autopay. It's all VERY CONFUSING because none of the autopay issues seem to be directly my fault- as the autopay for some reason from the first encounter was never applied. Yet, when I went in to pay - everything was there for it to be processed. 

See notes for current issues in attempting to setup autopay and bi-weekly payments. I've been having issues since my loan was transferred to NewRez. Everything was fine before then. 

My credit & my equity have been significantly affected since the forced switch of lenders",Mortgage,Trouble during payment process,2024-01-03T00:39:36.000Z,Web,6a528feb80d7,False,161,2024,target,2024 | Mortgage,https://www.consumerfinance.gov/data-research/consumer-complaints/search/api/v1/8092880
8092793,"I received a notice from Mohela stating I need to recertify my income by XX/XX/XXXX in order to continue on the income-driven repayment plan. However, there is another deadline under repayment options on Mohela stating my deadline is XX/XX/XXXX. Lastly, there is an announcement from the Department of Education stating "" The earliest you could be required to recertify is XX/XX/XXXX. If your recertification date falls between now and XX/XX/XXXX, it will be pushed out by XXXX year. For example, if your account says your recertification date is XXXX XXXX, XXXX, that date will be pushed out to XXXX XXXX, XXXX. '' I called back in XX/XX/XXXX regarding this issue and that my recertification date should be pushed back 1 year according to the Department of Education. I was told by the representative that this should be solved by the end of the month. However, it is now XX/XX/XXXX and the problem persists. I called today XX/XX/XXXX and after holding for XXXX hours the representative did not know anything about the announcement from the Department of Education. The representative also told me specifically that my loan was owned by MOHELA and not the Department of Education even though on the Mohela website the loan owner states "" Department of Education. '' I was supposed to get escalated to an "" advanced '' representative but the transfer never occurred and the call was dropped.",Student loan,Dealing with your lender or servicer,2024-01-03T01:09:11.000Z,Web,0460d31cd5dc,False,233,2024,target,2024 | Student loan,https://www.consumerfinance.gov/data-research/consumer-complaints/search/api/v1/8092793
8092181,"Carrington Mortgage Services duped me into relinquishing my forbearance over a phone call by... 

I called about servicing on my account. The first thing they said was, "" do you want to waive the PDMD from your account? '' I said what for? What's that? "" It's for disaster relief from fire and flooding. '' I wasn't in a fire or in a flood? I said, for Flooding? I live in XXXX? They said, "" yes, do you want it off '' I said yes. ( for flooding ). 

Then they sent me a letter saying you Voluntarily canceled your PDMD forbearance plan. 
Then I looked it up and see it includes XXXX XXXX. I was duped. I was targeted, given false information, and they relieved themselves of the forbearance and probably do it to XXXX XXXX of their customers. 

My loan was with XXXX and has just sold in the last 60 days to Carrington, so that is why this trick is now being played on me.

I also read now, that CFPB fined Carrington $ XXXX in XX/XX/22 for doing similar tactics. 
I wish I could have chosen who bought my loan from XXXX. I kind of feel that XXXX should be fined, too, as they must have been aware of these shady practices and still put me in harm 's way. 

I asked Carrington for a transcript of my last two calls for proof. They said no. I asked for a manager, they said one was not working, they told me they can't undo what I had done. I tried to explain that this is the GRIEVANCE! It was by Carrington 's miscreant hands that did it, not mine. 

XXXX",Mortgage,Struggling to pay mortgage,2024-01-03T02:04:36.000Z,Web,9703df1067d8,False,283,2024,target,2024 | Mortgage,https://www.consumerfinance.gov/data-research/consumer-complaints/search/api/v1/8092181
8100956,"XXXX Complaint : Payoff Check not yet received by Santander Consumer USA for XXXX XXXX XXXX XXXX. 

Claim Number : XXXX XX/XX/XXXX To : XXXX XXXX Santander Consumer USA and XXXX XXXX ( Settlement XXXX XXXX ) through XX/XX/XXXX XXXX XXXX XXXX XXXX 

( Please submit payoff check to lien-holder SantanderConsumer USA XXXX XX/XX/XXXX COB : CLOSE of XXXX XXXX XXXX XXXX - Vehicle Owner XXXX XXXX XXXX XXXX XXXX : XXXX XXXX XXXX XXXX Amount : {$9400.00} to Santander Consumer USA Title Owner ELT Electronic Lien Title Transfer Title Holder XXXX Title via USPaper Copy per XXXX XXXX XXXX XXXXXXXX XXXX XXXX XXXX Records Rules and Regulations Request Required for Total loss approved payoff submit additional funds via Check certified mail to XXXX XXXX XXXX XXXX XXXX XXXX XXXX XXXX XXXX XXXX  XXXX XXXX Credit Report of Owed Balance and mark as Paid as agreed and paid in full XX/XX/XXXX and remove inaccurate charge off reported balance of Principal and Interest Fees and Release Vehicle and Title via Mail and XXXX XXXX  Approved Towing to Home Location at XXXX XXXX XXXX XXXX XXXX TX XXXX from XXXX XXXX XXXX XXXX XXXX XXXX XXXX XXXX XXXX XX/XX/XXXX authorized by certified us mailed letter XXXX XX/XX/XXXX just received XX/XX/XXXX Verified vehicle location and property pick up vehicle is stationary and contains XXXX ( XXXX ) key requires tow to deliver from XXXX Location on XXXX XXXX XXXX in XXXX XXXX  XXXX XXXX XXXX XXXX XXXX XXXX once process is completed by XX/XX/XXXX thru XX/XX/XXXX before being auctioned off by XXXX XXXX to XXXX returned to Payment Owner XXXX XXXX XXXX issued credit due to Payoff balance of XX/XX/XXXX XXXX in excess of payment history via money gram cashier check and XXXX XXXX payment just since XX/XX/XXXX purchased at XXXX XXXX location and financed XXXX total loans financing of {$35000.00} under full terms principal and interest 72 months with XXXX XXXX XXXX XXXX mile coverage ( exhausted - please administer refund for complete unused service and portions paid {$3000.00} via check issued refund to XXXX XXXX XXXX XXXX XX/XX/XXXX XXXX us certified mail to home address on file at XXXX XXXX XXXX XXXX XXXX XXXX XXXX XXXX XXXX owed to approved XXXX holder and vehicle owner and liability through consumer credit file since XX/XX/XXXX through XX/XX/XXXX th XXXX statue of limitations followed intrusions due to accident and hospitalizations XXXX issue recovery and credits and payments directly to XXXX XXXX XXXX by XX/XX/XXXX XXXX XXXX XXXX Total Loss Credits Apply on Balance monthly payment financed amount exactly XXXX due XX/XX/XXXX last payment date per Santander XXXX XXXX XX/XX/XXXX military veterans discount applies XXXX XXXX  XXXX XXXX XXXX XXXX XXXX XXXX XXXX last XXXX of VIN XXXX $ XXXX payment amount XXXX owed on vehicle currently good through XX/XX/XXXX last payment processed XX/XX/XXXX please issue credits to XXXX XXXX XXXX via Check no to any XXXX XXXX XXXX unauthorized to make payments or recover refunds and reimbursements license plate and registration XXXX XXXX mileage and odometer XXXX loss type : Collision location Aisle D Stall XXXX at XXXX XXXX XXXX XXXX XXXX XXXX XXXX XXXX XXXX XXXX XXXX XXXX XXXX : XXXX vehicle received at XXXX XX/XX/XXXX paid off by XXXX XXXX {$250.00} pick up fee is the only customer responsibility as of XX/XX/XXXX per XXXX Letter and In-house representative at front desk XXXX database computer access payoff request XXXX as of XX/XX/XXXX XXXX is to retain vehicle and title and registration Texas XXXX XXXX XXXX Laws and Lemon Laws Apply. Claim No. XXXX to be resolved with this final notice and reconciliation agreement email time and date stamped of XX/XX/XXXX XXXX XXXX  XXXX email XXXX with statuses and for further information and communication furthermore and lastly ; no GAP not included only XXXX Complete Car Care issued trough XXXX dealership unused please refund premium. Thank You, XXXX XXXX XXXX XX/XX/XXXX XXXX AM XXXX XXXX XXXX XXXX XXXX XXXX Texas XXXX. XXXX and XXXX available phone numbers. 
XXXX XXXX XXXX claims XXXX XXXX XXXX Claim number : XXXX Date of incident : XX/XX/XXXX Status : Liability Decision Ready Vehicle Claim Claim number : XXXX Status : Unavailable Online Please Reply To : XXXX Business Reply To : XXXX Reference Santander Consumer USA Complaint : XXXX",Vehicle loan or lease,Managing the loan or lease,2024-01-03T08:23:11.000Z,Web,bd8bdfb3ac4f,False,711,2024,target,2024 | Vehicle loan or lease,https://www.consumerfinance.gov/data-research/consumer-complaints/search/api/v1/8100956
8100326,"The save program isnt being applied correctly. One minute Im told that I have a payment less than {$200.00} and then I get a message that its over {$500.00}. 

My PSLF forms that are being submitted are not counting over a year of payments that would be approved according to guidelines.",Student loan,Dealing with your lender or servicer,2024-01-03T12:07:49.000Z,Web,d51396d4407a,False,51,2024,target,2024 | Student loan,https://www.consumerfinance.gov/data-research/consumer-complaints/search/api/v1/8100326
8096142,"I received letter from Mohela that they bought my student loans. I went online and applied for forbearance, because I'm unemployed and I received a letter from Mohela stating my payments will be {$0.00} for 12 months, effective XX/XX/XXXX. On XX/XX/XXXX, I received a letter stating effective XX/XX/XXXX, an amount of due of {$130.00}. I would like for Mohela to be investigated for manipulation my records to reflect incorrect timeframe of debit being collected. Based on the special loan program called SAVE plan, which I applied and received confirmation there's no payments due. Also, Mohela has sent a letter stating this same account is in default which its not. This student loan company has brought great hardship and mental stress and the inaccurate information have a adverse damage to my credit via the reporting credit agencies.",Student loan,Dealing with your lender or servicer,2024-01-03T13:21:58.000Z,Web,e7e5c7abeaea,False,136,2024,target,2024 | Student loan,https://www.consumerfinance.gov/data-research/consumer-complaints/search/api/v1/8096142
8101202,The agent for the company said they don't have a 2nd mortgage or lien on my property.,Mortgage,Problem with a company's investigation into an existing problem,2024-01-03T14:00:51.000Z,Web,9a64bc84cee2,False,17,2024,target,2024 | Mortgage,https://www.consumerfinance.gov/data-research/consumer-complaints/search/api/v1/8101202
8099756,"I had arranged recurring payments with Navient, set at {$78.00} biweekly to manage my payments better. However, there was an instance where they missed withdrawing a payment. They've also claimed not to have received a payment on XX/XX/XXXX, despite my confirmation that the payment was made. This has me concerned about other potential errors in their management. I'm worried about the impact on my credit score due to their failure to honor the agreed-upon terms between myself and the financial institution, constituting a breach of our legally binding agreement. In addition to not taking out the funds they also never followed through on the agreement to send me the required documentation as mentioned in the text. I have attached the text to this complaint. 

Today, on XX/XX/XXXX, I contacted them regarding the missed payment. Initially, they stated they weren't aware of the reason, then mentioned it bounced back from the bank. When I requested documentation to verify this claim, they couldn't provide it, which seems suspicious. I had sufficient funds in the bank at the time, leading me to believe they didn't process the payment and are now seeking both the delayed payment and a late fee.",Student loan,Dealing with your lender or servicer,2024-01-03T16:22:53.000Z,Web,250d955ed05a,False,197,2024,target,2024 | Student loan,https://www.consumerfinance.gov/data-research/consumer-complaints/search/api/v1/8099756
8099592,"In accordance with the fair credit Reporting act FIRST CREDIT FINANCE Account XXXX, has violated my rights.

15 USC 1681 Section 602 States I have the right to privacy.

15 USC 1681 Section 604 A Section 2 : It also states a consumer reporting agency can not furnish an account without my written instructions.

15 USC 1666B : A creditor may not treat a payment on a credit card account under an open end consumer credit plan as late for any purpose.",Vehicle loan or lease,Improper use of your report,2024-01-03T17:00:34.000Z,Web,ba1a1396e4bf,False,82,2024,target,2024 | Vehicle loan or lease,https://www.consumerfinance.gov/data-research/consumer-complaints/search/api/v1/8099592
8099985,"In accordance with the fair credit Reporting act PREMIER AUTO CREDIT Account XXXX, has violated my rights. 

15 USC 1681 Section 602 States I have the right to privacy.

15 USC 1681 Section 604 A Section 2 : It also states a consumer reporting agency can not furnish an account without my written instructions.

15 USC 1666B : A creditor may not treat a payment on a credit card account under an open end consumer credit plan as late for any purpose.",Vehicle loan or lease,Improper use of your report,2024-01-03T17:05:36.000Z,Web,99c3dc492ed2,False,82,2024,target,2024 | Vehicle loan or lease,https://www.consumerfinance.gov/data-research/consumer-complaints/search/api/v1/8099985
8098713,"Nelnet XXXX  They just out of nowhere told me it was time to repay weeks before repayment. Which they were wrong because I was in deferment from when it was still Great Lakes. 

I tried my hardest to sign up with their website to fix things and couldnt get an account made. Then I called and the wait time was hours long. Made an attempt to email and it was just automated XXXX. They have done nothing to help and I wont even be able to make payments because XXXX cant even access the page or make an account. 

I will file a lawsuit if I have to.",Student loan,Dealing with your lender or servicer,2024-01-03T18:52:49.000Z,Web,c82a67d9950f,False,108,2024,target,2024 | Student loan,https://www.consumerfinance.gov/data-research/consumer-complaints/search/api/v1/8098713
8114026,"My lease was behind 30+ days when I called to make a payment I called in and a rep told me i wasnt able to make a payment do to my lease matured. I was told i can purchase the car for XXXX, I would need to apply with a lender I was told. Two months has past and my wife called to make a payment since the car was still in our possession the rep excepted her payment of {$470.00} on XX/XX/XXXX which is the monthly payment he told he that the car was in repo status but this payment would bring it out of repo status. XX/XX/XXXX American honda finance had a third party XXXX That same day I called American Honda Finance to find out who took/stole my vehicle. they said XXXX had possesion of my vehicle and that it was taken because of non payment. I kindly reminded the rep they would not allow me to pay for 2 months straight. I asked if i can pay what was owed they denied me once again. The Rep then said I must pay {$14000.00} which is the balance of the vehicle, this was XX/XX/XXXXXXXX  the said the vehicle in 16 days XX/XX/XXXX which included holidays and weekend. They Have Violated XXXX XXXX They did not send a pre-sale letter. XXXX XXXX. REMEDIES FOR SECURED PARTYS FAILURE TO COMPLY WITH ARTICLE. 
( a ) [ Judicial orders concerning noncompliance. ] If it is established that a secured party is not proceeding in accordance with this article, a court may order or restrain collection, enforcement, or disposition of collateral on appropriate terms and conditions. 
( b ) [ Damages for noncompliance. ] Subject to subsections ( c ), ( d ), and ( f ), a person is liable for damages in the amount of any loss caused by a failure to comply with this article. Loss caused by a failure to comply may include loss resulting from the debtor 's inability to obtain, or increased costs of, alternative financing. I wrote them XX/XX/XXXX via fax and USPS Certified mail # XXXX and XXXX c/c XXXX XXXXXXXX XXXX XXXX XXXX XXXX XXXX XXXX XXXX XXXX # XXXX I the consumer /individual am writing TO DEMAND THE RELEASE OF STOLEN VEHICLE, XXXX XXXX XXXX XXXX XXXX XXXX # XXXX XXXX  ACCT # XXXX YOU ARE IN VIOLATION OF SAID ARBITRATION CLAUSE OF VEHICLE/CONTRACT. SEE ATTACHED, ALSO REFERENCE XXXX XXXX, XXXX et XXXX XXXX XXXXXXXX XXXX XXXX XXXX, alleging violations of federal and state antitrustlaw, ... Also under XXXX, AND FED LAW, a required, '' commercially reasonable sale "", can never be proven, see XXXX XXXX XXXX, XXXX, ... ... your possession of said vehicle /Grand Theft. THIS IS YOUR LEGAL/LAWFUL NOTICE, Of INTENT TO SUE, PENDING YOUR FAILURE TO COMPLY/RELEASE SAID VEHICLE, and resolve this matter, accordingly, through contractual mandated arbitration. Any furtheradverse actions could make you liable, for any court mandated award, including punitive damages.please goven yourselves accordingly, XXXX XXXX I am a consumer. XX/XX/XXXX",Vehicle loan or lease,Repossession,2024-01-05T09:10:39.000Z,Web,670ebb73db33,False,506,2024,target,2024 | Vehicle loan or lease,https://www.consumerfinance.gov/data-research/consumer-complaints/search/api/v1/8114026
8115654,Taking the whole payment in interest for several months,Vehicle loan or lease,Managing the loan or lease,2024-01-05T21:26:59.000Z,Web,d7b46fcec781,False,9,2024,target,2024 | Vehicle loan or lease,https://www.consumerfinance.gov/data-research/consumer-complaints/search/api/v1/8115654
11296186,"I submitted an IDR application through Mohela 's website on XXXX XXXX. I was forced to do a paper application since the web portal was down, and tried to tell me I didn't have any loans. It has not been processed, nor have I received any confirmation of them attempting to process it. No communication, no updates regarding my status. 

I did contact on XX/XX/XXXX ; they confirmed they received my application. They mentioned a temporary pause, but did not tell me that they were going to begin charging me on my loans. I mentioned in my message that I needed information on how to apply for a temporary stay, but never received it. 

Now, I owe {$260.00} that I can not afford right now. This is giving me financial hardship due to moving for a new job and I will not receive my first paycheck until XX/XX/year>. This pay will not be enough for me cover both the loans and living expenses. Mohela 's failure to give correspondence or process my application is causing stress and financial strain.",Student loan,Struggling to repay your loan,2024-12-27T19:42:59.000Z,Web,85e86b740fe2,False,179,2024,target,2024 | Student loan,https://www.consumerfinance.gov/data-research/consumer-complaints/search/api/v1/11296186
11295933,"I requested the price to purchase the vehicle. The price was provided, and the payment was submitted on time. The company came back saying the price was not right and want me to pay more {$900.00} for the vehicle. I asked why and was told the additional charge was due to an internal mistake made by Mercedes Benz Financial. The company did not want to take responsibility for its mistake and required me to pay the difference.",Vehicle loan or lease,Problems at the end of the loan or lease,2024-12-27T19:54:25.000Z,Web,60d223d9c811,False,77,2024,target,2024 | Vehicle loan or lease,https://www.consumerfinance.gov/data-research/consumer-complaints/search/api/v1/11295933
11294605,Paid XXXX out of pocket for an unsubsidized loan back in XXXX to Mohela. I have receipts of the money being wired from my bank to them + a CONFIRMATION EMAIL from them. Yet that doesn't reflect on their website and now I have additional interest accrued because of THEIR mistake. called the company twice and they were useless. Just sat on hold for 2 hours right before writing this.,Student loan,Dealing with your lender or servicer,2024-12-27T21:21:36.000Z,Web,1f0727713280,False,70,2024,target,2024 | Student loan,https://www.consumerfinance.gov/data-research/consumer-complaints/search/api/v1/11294605
11294629,"I submitted a previous complaint that I switched bank accounts on XXXX on autopay and on XX/XX/XXXX it still had not processed so I was not receiving the 0.25 % interest rate reduction. Edfinancial responded to my complaint and said there was a problem with my account, but they had fixed the problem and autopay and the interest rate reduction were effective XX/XX/XXXX. When I logged into my account they had put autopay back on my old account which is completely closed, not my new account. When I called to fix this and make sure it will be deducting from my current account I was told they will have to resubmit autopay and it will be another 1-2 months before I can receive an interest rate reduction. This is absolutely not okay. This is not my fault as I put in the correct bank account information and had even deleted the old account but somehow they managed to re-add the old account which is scary. I do not want to wait another 1-2 months to receive an interest rate reduction when this should be a simple fix that they just need to change the bank account to the correct one which again I had put in correctly originally.",Student loan,Dealing with your lender or servicer,2024-12-27T21:22:26.000Z,Web,e5724ab51a94,False,208,2024,target,2024 | Student loan,https://www.consumerfinance.gov/data-research/consumer-complaints/search/api/v1/11294629
11295841,"On XX/XX/year> I received a call back at XXXXXXXX XXXX from Aidvantage XXXX I requested the XXXX representative to provide me a lower cost for my student loans b/c I couldn't afford the monthly payment I was going to be paying due to financial hardship. She had advised me they could do XXXX XXXX for XXXX & she was going to send the application or to me to fill out & I'd receive it in XXXX. This form came the next day but it didn't mention XXXX in length, XXXX being the XXXX on it. When I reached out via chat & spoke w/a rep named XXXX, XXXX stated they can only do XXXX. I asked her to put me on that for now, but I want to speak to a supervisor as I want what I was promised verbally on the phone yesterday & that this is now a highly illegal 'bait-and-switch ' scheme. I even instructed XXXX XXXX to have her supervisor listen to the call yesterday as it would show that I was indeed promised the XXXX XXXX for XXXX XXXX XXXX then told me I can't speak to a supervisor over the phone & they do chats only. This is absolutely horrendous albeit illegal what this loan servicer is doing to me & I'm also considering legal assistance if I can not get what I was verbally guaranteed on the phone from the female representative on XX/XX/year>. After waiting a few moments online, XXXX disconnected & ended the chat & I never got the chance to speak to a supervisor.",Student loan,Dealing with your lender or servicer,2024-12-27T21:38:09.000Z,Web,11128cc8cb20,False,264,2024,target,2024 | Student loan,https://www.consumerfinance.gov/data-research/consumer-complaints/search/api/v1/11295841
11293759,"I received an email from Nelnet over a week ago stating my student loans were being placed in forbearance and my interest rate would be set to 0 %. However, their website has not updated with this 0 % interest rate and my loans are still accruing interest.",Student loan,Dealing with your lender or servicer,2024-12-28T01:11:04.000Z,Web,ff66d81b18a6,False,48,2024,target,2024 | Student loan,https://www.consumerfinance.gov/data-research/consumer-complaints/search/api/v1/11293759
11307680,"On XX/XX/2024, my mortgage was transferred from my previous servicer to a new company called Fay servicing. I was not properly informed of this transfer and continued making payments through the automatic payment system with my previous servicer. My payment for XX/XX/2024 was successfully processed by the previous servicer. I only became aware of the new mortgage company and the transfer on XX/XX/2024, when they contacted me about my account being placed in default and a {$4900.00} default fee being charged with a {$50.00} late fee. On the same day, I immediately paid both the XXXX and XXXX payments in full to the new company. When I asked about the lack of notice, the new mortgage company stated that they only attempted to contact me by phone. I never received any email, text, or proper mail notification from them regarding the transfer. Additionally, I did not see or receive any notice that clearly outlined their expectations or provided sufficient information about how to make payments after the transfer. Furthermore, my payment history prior to the transfer shows that I consistently met my obligations without delay. The loan transfer occurred on XX/XX/2024, which means I am still within the XXXX grace period under RESPA which would end in XX/XX/2024. During this time, borrowers are protected from late fees, penalties, and default consequences caused by delays or confusion due to the transfer. Despite this, I was charged a {$4900.00} default fee and a {$50.00} late fee, which I believe is a violation of RESPA.",Mortgage,Trouble during payment process,2024-12-28T15:04:12.000Z,Web,015fccac8415,False,252,2024,target,2024 | Mortgage,https://www.consumerfinance.gov/data-research/consumer-complaints/search/api/v1/11307680
11305321,I paid a total of {$6600.00} plus {$2000.00} at signing of contract. for the first year of the account. At first it was deduction from my amount owed. Then out of nowhere they reseted everything and said they started a new loan and that I had to pay the full amount over again. I continued the payments. A few months in the payments started not being deducted from my account again. They claimed it was going towards the principle amount. They never showed the amount of principle owed. I keep making payments but my balance never changes.,Vehicle loan or lease,Managing the loan or lease,2024-12-28T19:33:27.000Z,Web,9d0e0b191e6c,False,97,2024,target,2024 | Vehicle loan or lease,https://www.consumerfinance.gov/data-research/consumer-complaints/search/api/v1/11305321
11305183,"Mohela has been adding interest to my federal student loans since XX/XX/year> when 0 % forbearance started for the SAVE plan due to litigation. Mohela also did not honor interest subsidy on the SAVE plan prior to the forbearance and added money to my balance that should have been forgiven when SAVE plan was viable. 

They are illegally adding interest to my loan despite federal law.",Student loan,Dealing with your lender or servicer,2024-12-28T19:37:49.000Z,Web,77e2e1f45a23,False,66,2024,target,2024 | Student loan,https://www.consumerfinance.gov/data-research/consumer-complaints/search/api/v1/11305183
11304850,"According to the XXXX XXXX ( XXXX ) Forgiveness, If you repay your loans under an XXXX plan, any remaining balance on your student loans will be forgiven after you make a certain number of payments over 20 years, qualify for including full loan forgiveness. 
I have an XXXX XXXX XXXX Loan that qualifies since is undergraduate degree and has been more than 20 years, it is actually for 26 YEARS SINCE XXXX. 
The loan was in XXXX  and consolidated 2 years later. The loan qualifies for total and full loan forgiveness. It is a total of {$26000.00} ( the original amount was {$11000.00}. 
The loan services is AidAdvantage XXXX XXXX XXXX XXXX XXXX XXXX VA, XXXX ( XXXX ) XXXX",Student loan,Dealing with your lender or servicer,2024-12-28T20:53:36.000Z,Web,7b19b97da309,False,121,2024,target,2024 | Student loan,https://www.consumerfinance.gov/data-research/consumer-complaints/search/api/v1/11304850
11312091,"I have had a PNC mortgage for several years now, and have had autopay set up throughout this time. 

On XX/XX/year>, I received a letter stating that my XX/XX/year> payment was past due. Logging into my account, I saw a {$180.00} fee assessed on XX/XX/year>, and autopayment is no longer set up nor is it available to be configured online. 

I received no notification that my autopay had been removed. This is the second time this has happened in the time I've held this mortgage with PNC.",Mortgage,Trouble during payment process,2024-12-28T21:14:04.000Z,Web,64ca1e94e1be,False,87,2024,target,2024 | Mortgage,https://www.consumerfinance.gov/data-research/consumer-complaints/search/api/v1/11312091
11318552,"On XXXX I purchased a used XXXX XXXX XXXXXXXX XXXX XXXX From XXXXXXXX XXXX XXXX XXXX XXXX XXXX XXXX XXXX XXXX XXXX Financing was accepted through XXXX XXXX XXXX XXXX XXXX XXXXXXXX XXXX XXXXXXXX was due XXXX XXXX, Was told by Dealership that I would receive a welcome packet via mail I didnt receive it. My wife downloaded their app and tried to make payment on XX/XX/XXXX we recieved confirmation, we kept checking our bank ledger to see if they submitted the payment it didnt ever show up they are saying it was returned to nsf, but we never received notification from our bank that it was returned and it didnt show up on bank declines. Tried again on XX/XX/XXXX recieved payment success and co number from XXXX. Again we kept checking the bank nothing was ever submitted to our bank. Attempted to call XXXX XXXX no answer then someone answered and hung up and they didnt answer again. My wife resubmitted payment again on XXXX hit payment successful and again on XXXX. recieved payment successful. On XX/XX/XXXX the same later that afternoon Spoke to XXXX at dealership telling us that they had a recieved notice that we was in payment default. We spoke to XXXX at XXXX and he told us that it was the dealership that was the issue and they XXXX was willing to work with us XXXX did XXXX de line on XX/XX/XXXX at our bank but it didnt show on ledger till XX/XX/XXXX. XXXX recieved payment on XX/XX/XXXX for XXXX original payment was XXXX. We paid XXXX down they we turned around and put another XXXX plus in it to fix some things, XXXX from XXXX place said they could possibly get us refinanced with another lender, which i found odd because on XXXX XXXX they told us that XXXX was the only lender they could find. She said that she found a new lender but we would have to make a down payment of XXXX and the payments would be XXXX for XX/XX/XXXX months and much was not doable for us. I am on XXXX just recently got approved and my Wife just got approved for XXXX in XXXX and was awaiting her first check. She told me that I had to fill out another credit app and ask that my wife do the same to see if we could get better financing. My wife has it fixed that if our credit is pulled that she recieve notice and same with our bank. We never recieved notice that our credit was ran through another loan company. XXXX said that they XXXX XXXX had alread bought the truck back and that it would be repoed or we could bring it back. We tried to get the money ( XXXX ) down payment to refinance as they said so with it being late noon before XXXX XXXX nothing was where we could do anything. They agreed to let us try on Thursday, we was given the run around between the finance company and the dealership with each XXXX of them pointing blame against the other. They sent repo truck on XX/XX/XXXX, to get truck even though. Payment was recieved on XX/XX/XXXX by XXXX. When we ask about us getting our payment back XXXX said that the dealership would reimburse us. When we ask dealership they acted as if they knew nothing and said we had to talk to XXXX. We have been back and forth with them on the phone since Monday. Nothing is resolved. Spoke to XXXX XXXX XXXX today XX/XX/XXXX was hung up on several times, also spoke to dealership several times via text and they sent over a copy of notice of default payment and a repurchase demand that was dated on XXXX. My wife looked both the dealership and XXXX up and both have really bad reviews. We should have though if this in the first place and it would have saved us money, stress and headache. XXXX XXXX isnt even backed by BBB. We have been deceived by both XXXX and XXXX XXXX XXXX. We told them bioth we can prove everything.",Vehicle loan or lease,Repossession,2024-12-29T05:07:18.000Z,Web,bf2b8c8e4b03,False,691,2024,target,2024 | Vehicle loan or lease,https://www.consumerfinance.gov/data-research/consumer-complaints/search/api/v1/11318552
11313003,"I was approved for an Executed Modification agreement. I submitted all the required documents on XX/XX/year>, that were notarized as requested. On, XX/XX/year> I was notified ( vias XXXX  ) that XXXX Mortgage received the executed modification agreement, however, it was not properly executed ( via XXXX Mortgage ). I was served court documents ( via XXXX in person ) that my home is now in foreclosure. Presently, XXXX XXXX XXXX, XXXX. are now attempting to collect the debt of {$XXXX}. I don't know where to start or how to proceed in this matter.",Mortgage,Struggling to pay mortgage,2024-12-29T22:23:11.000Z,Web,ca0801c22cfe,False,94,2024,target,2024 | Mortgage,https://www.consumerfinance.gov/data-research/consumer-complaints/search/api/v1/11313003
11315360,"I am submitting this complaint regarding Nelnet, which has failed to acknowledge the documentation I submitted to prove my status as 100 % XXXX  XXXX. Despite submitting this documentation XXXXhree timesvia email on XX/XX/year>, XX/XX/XXXX and XX/XX/year>, to the designated email address ( XXXX ) I received letters dated XX/XX/year>, and XX/XX/year>, stating that I have "" not provided sufficient proof that show I am 100 % service connected for loan forgiveness. '' On XX/XX/year>, I spoke to a representative at Nelnet who advised me to submit my "" VA Benefits Summary Letter '' as proof and that the documentation I sent on XXXX XXXX was not the "" type '' they needed. I informed her that the rejection letter never specified the "" type '' of documentation, it says to "" show proof '' from the VA. 

I followed the representative 's instructions and submitted this exact document via email on the same day and again on XX/XX/year>. A letter was generated on the XXXX, not even a day later and I received the letter in my mailbox on XXXX of XXXX with the rejection status. No email follow-up. 

This repeated failure to process my documentation has caused undue frustration and concern, as my 100 % XXXX XXXX status entitles me to specific benefits that are currently being denied. NELNET is "" rejecting '' my application every time I submit my documentation. 

This company is practicing in unfair treatment by withholding specific information and not communicating with the consumer in a timely manner. Additionally, they are practicing willful neglect in not reviewing my application completely. This has been over XXXX  days of back and forth with this company, which is a systematic way of stripping a XXXX XXXX of entitlements.",Student loan,Dealing with your lender or servicer,2024-12-29T22:39:26.000Z,Web,e6bd17f1f899,False,291,2024,target,2024 | Student loan,https://www.consumerfinance.gov/data-research/consumer-complaints/search/api/v1/11315360
11330348,"My mother passed away. Was locked out of mortgage for a while causing it to fall behind. Once we closed probate me and the mortgage company entered into loss mitigation and a loan modification. I was told to make payments in time for 3 months at the end of the three months I would be given all the paperwork I need to have the mortgage transferred to my name. This is my primary residence and I had full intentions on staying here. The paperwork was sent out in XXXX, I mailed it back and was told that I signed it wrong and needed a copy of the death certificate to accompany the paperwork. I immediately reprinted all the paperwork and paid for my own overnight shipping. They received it all, accepted it and told me it was in underwriting awaiting final approval from the lender. On XX/XX/XXXX I spoke with a woman named XXXX XXXX who told me that it was still in underwriting but the paperwork she was seeing they had me sent in was all erroneous and not the proper paperwork I needed and that she could almost guarantee that I was GOING to be denied. This Friday the XXXX I finally heard from them again where they stated I was told on the XXXX that I was denied ( I was not told that I was denied yet ) and when informed that it was due to them sending me the wrong paperwork they said they would try to escalate the issue to stop the foreclosure so we could straighten everything out but they couldnt promise anything. I have kept up every stipulation made with this company and now Im in fear that even though Ive done everything asked and made all my payments that they are going to take my home and the only thing I have left. I have documentation and records of every time Ive called, emails containing the wrong paperwork, emails containing the right paperwork XXXX XXXX sent me on the XXXX and all my payments made.",Mortgage,Struggling to pay mortgage,2024-12-30T12:44:34.000Z,Web,ab0351d54712,False,344,2024,target,2024 | Mortgage,https://www.consumerfinance.gov/data-research/consumer-complaints/search/api/v1/11330348
11327004,"I am submitting this complaint regarding the lack of transparency and clarity in Bridgecrest 's loan servicing process, particularly concerning payment extension options. 

XXXX - I attempted to locate a copy of my signed loan documents on the Bridgecrest website to understand my options in case I couldn't make an upcoming payment of {$580.00}, which is due on the XXXX. However, I was unable to find my documents on the website. 

While exploring the customer support page, I came across the "" skip a payment '' option. I called the provided customer service number ( XXXX ) for more details. the first representative informed me that I would qualify for this option since I had made six consecutive payments. However, I was then transferred to the payment department, where I was told that I did not qualify because I wasn't past due on my account. 

This information is contradictory and misleading. The website does not mention that a borrower must be past due to qualify for a payment extension. It simply provides an example of how the option works, without clearly outlining the qualifications or requirements. This lack of transparency is concerning, especially when I am actively trying to manage my loan responsibly and avoid delinquency. 

As it stands, I would need to deliberately miss a payment, incur a late fee, and then call customer service again to request the extension- all without any assurance that it will be approved. why should I be forced into delinquency to qualify for assistance? 

Furthermore, the website does not provide comprehensive or accessible information about available hardship options, and representatives seem to provide conflicting information. This lack of clarity and transparency feels deceptive and does not provide borrowers with the tools they need to manage their loans effectively.",Vehicle loan or lease,Managing the loan or lease,2024-12-30T17:07:43.000Z,Web,0467a86a3f85,False,295,2024,target,2024 | Vehicle loan or lease,https://www.consumerfinance.gov/data-research/consumer-complaints/search/api/v1/11327004
11327745,"On XX/XX/year>, I made two separate payments of {$1000.00} each, totaling {$2100.00}. These payments were successfully processed by my bank. However, upon reviewing my account history, I discovered that only {$1900.00} of this amount was applied to my account balance, leaving a discrepancy of {$170.00}. Additionally, my account history shows multiple reversals and reapplications of payments that have not been adequately explained. 

Steps Taken to Resolve the Issue : Initial Contact : I reported the discrepancy to Edfinancial Services in early XX/XX/year> via email and provided details of the payments, including the amounts, dates, and confirmation from my bank. 
Follow-Up Communications : I exchanged several emails with Edfinancial representatives ( including XXXX, XXXX, and XXXX ) requesting a detailed breakdown of how my payments were applied and an explanation for the missing amount. 
Proof of Payment Submitted : Despite confirming the payments with my bank, I offered to provide documentation of the transactions, but no concrete resolution has been provided. 
Escalation Requests : I explicitly requested that the issue be escalated to management or the appropriate department. However, I continue to receive vague responses or instructions to wait for reviews that yield no progress. 
Lack of Resolution and Impact on Me : Despite repeated attempts to resolve this issue over the past three months, Edfinancial has failed to : Provide a clear explanation for the missing {$170.00}. 
Ensure that my payments have been applied correctly to my account. 
Guarantee that future payments will be processed accurately. 
This unresolved issue has caused significant frustration and distrust in Edfinancials ability to manage my account effectively. Additionally, I have withheld further payments until this matter is resolved, which could negatively impact my credit and loan standing if not addressed promptly.",Student loan,Dealing with your lender or servicer,2024-12-30T17:12:37.000Z,Web,2e5db6e502c1,False,287,2024,target,2024 | Student loan,https://www.consumerfinance.gov/data-research/consumer-complaints/search/api/v1/11327745
11325190,I opened up this loan XX/XX/XXXX. I have been paying for 5 years on a used XXXX XXXX. I feel like because of my credit history I was taken advantage of. To date everything I still owe almost {$20000.00}. I feel that the because of my credit background I was charged unfair and illegal interest rates.,Vehicle loan or lease,Managing the loan or lease,2024-12-30T19:13:39.000Z,Web,946891840ea0,False,56,2024,target,2024 | Vehicle loan or lease,https://www.consumerfinance.gov/data-research/consumer-complaints/search/api/v1/11325190
11324644,"I am a real estate broker representing the buyer in a transaction where the buyer is wanting to assume the seller 's VA loan. The process was initiated with Amerisave on XX/XX/XXXX and the original close of escrow was XX/XX/XXXX. The lender is not providing updates in a timely manner. The latest we heard ( a week ago ) was that they were internally trying to reverse a denial based on incorrect disclosure dates ( an internally caused problem due to their extremely slow response to things ) and had it for review by a VP, but again, have not heard from them about any updates to that. They have not provided any way for us to appeal this decision, either. These buyers are more than qualified to assume this mortgage and the extremely slow response times are causing issues for not only my buyers, but also for the VA seller who all want this transaction to be closed ASAP.",Mortgage,Applying for a mortgage or refinancing an existing mortgage,2024-12-30T19:25:36.000Z,Web,eac7dbe7d813,False,160,2024,target,2024 | Mortgage,https://www.consumerfinance.gov/data-research/consumer-complaints/search/api/v1/11324644
11325663,"On XX/XX/XXXX, I purchased a XXXX XXXX XXXX XXXX from Carvana, trusting their advertised XXXX inspection and XXXX warranty through XXXX. Within the first 30 days of ownership, I encountered several issues : First Issue ( XX/XX/XXXX ) : One hour after purchase, a part of the undercarriage fell off and scraped the ground. The mechanic identified it as a broken oil access panel. 
Second Issue ( XX/XX/XXXX ) : One week later, the tail light was cracked. XXXX honored the repair. 
Third Issue ( XX/XX/XXXX ) : The car began shaking during acceleration. The mechanic discovered unaligned tires. While partially addressed, the shaking persisted. 
Fourth Issue ( XX/XX/XXXX ) : The car continued to shake, requiring another mechanic visit. 
During these visits, the mechanic discovered severe rust on the undercarriage and brake calipers, compromising the vehicles safety. This rust was not disclosed in the XXXX inspection, which Carvana certified as complete. Additionally, the XXXX report provided at the time of sale did not mention this structural rust. 

XXXX has denied warranty coverage for addressing the rust, claiming it is "" cosmetic, '' despite its potential to cause caliper or structural failure. I have paid multiple deductibles for repairs and alignment out-of-pocket, and these safety issues remain unresolved. 

I have requested detailed explanations from Carvana regarding their inspection process and from XXXX regarding warranty coverage, but neither has provided a satisfactory resolution. I am seeking accountability for these misrepresentations and proactive coverage for the rust-related safety concerns under the warranty.",Vehicle loan or lease,Managing the loan or lease,2024-12-30T19:26:38.000Z,Web,1bcb4c0f270d,False,250,2024,target,2024 | Vehicle loan or lease,https://www.consumerfinance.gov/data-research/consumer-complaints/search/api/v1/11325663
11324728,"I have been working with Sallie Mae for student loans since I started college. In summer XXXX, before starting at my current school, I renewed my XXXX and applied for loans, assuming repayment would not begin until after graduation, as is standard with student loans. However, in XXXX or XX/XX/XXXX, I began receiving notifications from Sallie Mae regarding amounts due. This was confusing because I already have two other loans with Sallie Mae that are deferred until after graduation. After repeated calls, I discovered that one loan had been set as interest-only, requiring immediate monthly payments. This was not clearly communicated to me during the loan process, and I believe it may have been done in error. Despite multiple attempts by me and my family to resolve the issue, Sallie Mae refused to adjust the loan or provide reasonable alternatives, insisting that the full monthly payment of {$660.00} must be paid. Initially, we attempted to make payments, but the amount owed quickly became overwhelming, increasing from around {$200.00} to over {$600.00} per month. When we expressed that this was not sustainable, Sallie Mae continued to insist on full payments without offering any flexibility. By XX/XX/XXXX, Sallie Mae began calling me and my family multiple times a day, every day. Despite explaining that I am a full-time college student without the means to pay this amount, Sallie Mae XXXX XXXX aggressive calls and refused to offer meaningful assistance. In XX/XX/XXXX, the situation escalated further when Sallie Mae threatened to send the debt to collections, damage my credit for the next seven years, and claimed their time to assist was ending due to unsuccessful attempts to reach me. This has caused significant emotional distress for me and my family. I believe Sallie Maes practices in this matter are predatory, unfair, and disproportionately harmful to families of color who are navigating higher education financing. I respectfully request the CFPB investigate this situation and help facilitate the modification of my interest-only loan to a deferred payment plan or a manageable lower monthly payment until after I graduate, end the daily harassment calls, and provide written documentation of all available repayment options.",Student loan,Struggling to repay your loan,2024-12-30T20:03:26.000Z,Web,9bd0f4616c1d,False,357,2024,target,2024 | Student loan,https://www.consumerfinance.gov/data-research/consumer-complaints/search/api/v1/11324728
11323392,"am in the process of closing my house. My date was supposed to be on XX/XX/XXXX. 

Citizens Bank had failed to discharge a HELOC in XXXX and refuses to help me expedite a discharge letter. 

I believe that they are delaying this discharge to gain another payment of interest on my HELOC by withholding the discharge letter which should have been done in XXXX, XXXX years ago. 

Although numerous calls and emails have been made, Citizens Bank refuses to send/expedite the discharge letter. My closing keeps being pushed up costing me another interest payment thus changing the payoff amount. 

I am desperate. Citizens Bank promised this letter to be emailed to me on XX/XX/XXXX and as of today, nothing. 

I am XXXX and also have a XXXX XXXX  so I can't answer a phone call but can text/email. 

Please help asap. 

Kind regards,",Mortgage,Closing on a mortgage,2024-12-30T22:21:59.000Z,Web,a7438da64fff,False,143,2024,target,2024 | Mortgage,https://www.consumerfinance.gov/data-research/consumer-complaints/search/api/v1/11323392
11322352,"In XXXX of 2024 we filed and insurnace claim with XXXX XXXX due to water incursion. XXXX XXXX dragged their feet for months in providing funding to pay for the damages, and no progress was made on the claim until after a complaint was filed with the Colorado Department of Regulatory Agencies. Once the complaint was leveled, XXXX XXXX finally began distributing funds to pay for water damage to our kitchen and basement. While the basement was being repaired, an unresloved issue about kitchen cabinets remained. We made progress in resolving part of the issue, and the insurance company sent additional funds to pay for half the cabinets ( the lower cabinets ). While we were waiting for these funds, XXXX Mortgage company sent an inspector out to insure the work on the house was being completed and that in was ok for them to endorse the 3 party insurance check. After the inspection was completed, however, XXXX informed us that our mortgage had been sold, and they declined to sign the most recent insurance check that had been issued, making it impossible to recive the funds to continue with our kitchen repairs. 

In the meantime, the insurance company agreed to pay for all the cabinets, and they reissued the check that XXXX declined to endorse for more than twice the amount. Eager to complete repairs to our kitchen, which has been in an unsafe state since XXXX of 2024, we immiditely overnighted the check to our new mortage company, Mr. Cooper, with an overnight return envelope. Inesplicably, Mr. Cooper also declined to endorse the check, sighting that the XXXX inspector had indicated the repairs had not progressed far enough for us to be issued additional fundsan assesment we found to be erounous and challanged. The representative from XXXX XXXX began listing new and seemingly arbitray requirements that we'd have to fulfill in order for them to release money that the insurance company expected us to immeditley use to complete repairs and close a difficult claim. 

The requirements seemed arbitrary becaue we had not been informed orally or in writing ahead of time that anything more was required of us to be issued funds. Among those requirments was a second inspection of completed work. The representative from Mr. Cooper informed us that while they were wating for us to complete these unfair, unnessary, and seemingly arbitray requirements, they would deposit the insurance check into an escerow account under their exclusive control. We protested Mr. Cooper not immediately endorsing the insurance check and sending it back to us, as the inspeciton had previously been completed by a XXXX agent ( as previously mentioned ), part of the funds were for IMMIDIATE release due to loss of use of the kitchen, and additional requiremntes had not been presented to us ahead of time. 

The inspeciton of the completed work by a Mr. Cooper agent has been completed, and the inspections from both the XXXX and Mr. Cooper agent jointly lasted less than 5 minutes, making us wonder what qualificatoins the inspectors had and what information they could have possibly gathered in such a short period of time to qualify the level of completion of the repairs. The actions of both XXXX and Mr. Cooper have delayed the repairs of our home by at least 2 months. During the delays, my family is enduring the loss of use of our kitchen. As of the time this complaint was filed, we have not been contacted by the mortage company to inform us as to exactly when our funds will be distributed.",Mortgage,Trouble during payment process,2024-12-30T22:38:14.000Z,Web,6f4d454f3ea1,False,597,2024,target,2024 | Mortgage,https://www.consumerfinance.gov/data-research/consumer-complaints/search/api/v1/11322352
11321467,"Since XXXX, my husband and Is information and SSN have been sold on the dark web. In XXXX, XXXX XXXX XXXX ( born in XXXX ) sold my husband and Is information on the dark web. He use our name, SSN applied for a mortgage, car loan, and credit cards. 
In XXXX, our information was sold again on the dark web. There were many buyers and we received the highest bills. 
XXXX was unwilling to provide information about these loan and credit card companies, nor was it willing to mail a credit report to my home. The company has always treated me as a criminal, and regarded the criminal with mortgages, car loans, and credit cards as the real me. I sent an e-mail to XXXX XXXX, and then entered into dispute resolution and restored my identity. 
You have the most complete loan information and credit card information. Please help me., terminate these criminals using my name and my husband 's name for these mortgages, car loans, credit cards. 
XXXX also said that my partner, my boyfriend, applied for a mortgage. 
These car loan, mortgage, and credit card companies did not send a letter to my home for confirmation, and they loaned money to these criminals. This is a financial loophole in the United States, and we hope to solve this problem. 
I need your help! 
Thanks!",Vehicle loan or lease,Getting a loan or lease,2024-12-30T22:59:41.000Z,Web,7cb2cf08cb4a,False,227,2024,target,2024 | Vehicle loan or lease,https://www.consumerfinance.gov/data-research/consumer-complaints/search/api/v1/11321467
11322613,"I received an email on XX/XX/year> at XXXX stating that someone had set up an appointment for me to speak to XXXX XXXX XXXX at the XXXX XXXX  Citibank branch in XXXX DC regarding opening a new CD/Savings account. Upon reading this email and being located in CT with no charges or travel in the DC area for at least a year or XXXX, I tried to call the fraud department. A quick XXXX check would have confirmed no reason to think I needed to speak with a DC-based banker. 
I waited on their automated system for XXXX minutes before hanging up, unable to speak to a live person. At approximately XXXX minutes into my telephone hold, I logged into my account online to use the chat function. The representative confirmed that she would be unable to help me but will "" take my feedback '', whatever that means, and said I would need to speak to the fraud team ... that I was already on hold with. I hung up from the call, and redialed the number, got through the automated system, only to be told by an automatic voice that there was no one to help me and I should call back another time. It then hung up on me. 
It is terribly frustrating and infuriating that I can not speak to a fraud representative when I am concerned about an ongoing fraud on my account and may not be able to stop it.",Checking or savings account,Opening an account,2024-12-30T23:28:59.000Z,Web,34a4d30dc818,False,246,2024,target,2024 | Checking or savings account,https://www.consumerfinance.gov/data-research/consumer-complaints/search/api/v1/11322613
11322637,I had on my account an overdraft and I sent money to my account to enough money to cover my negatives before XXXX on Friday XX/XX/XXXX so I dont get charge fees and still me having money on my account and with no negative in a positive balance with money the bank chase still charge me on Saturday XX/XX/XXXX at XXXX {$34.00} XXXX times which is {$100.00} dollars and they change the date as they did it the XXXX of XXXX a day before taking my money so freely when I even took scream shots to have proof of it because they have done this before on my account doing overdraft fees when is not there and now that I call customer service to help me they dont want to return my money or help and they just hang up the phone saying they cant help me at all or return my money back after speaking to XXXX different customer service specialists. Please help they shouldnt take peoples money freely when you dont have a negative on the account balance. Thank you,Checking or savings account,Problem caused by your funds being low,2024-12-30T23:52:37.000Z,Web,08e5e6e29e92,False,182,2024,target,2024 | Checking or savings account,https://www.consumerfinance.gov/data-research/consumer-complaints/search/api/v1/11322637
11322026,"XX/XX/year> : Deposited 3 IRS ERC checks for a total of XXXX we received as ERC ( covid refund ). Teller told us that there will only be one day hold since they were IRS checks, XX/XX/year> : I wire transferred the deposit to my XXXX brokerage account using XXXX software tools. XXXX gave me credit to use the funds even before they receive the as a gesture of good will and my good credit with them. 
XX/XX/year> : XXXX reported that there is a problem with the wire and that Citibank canceled the wire. 
XX/XX/year> : Received a letter from Citibank saying our account had been frozen for fraud prevention and the only way we could withdraw money is to go to a branch and ask for it. 
XX/XX/year> : We went to Citibank branch in XXXX, CA and asked them to release the account so that we could re-transfer. We gave them the option of having them write a cashier 's check instead. Branch manager refused saying that they needed verification from back office before they can do that. We waited on the phone for hours. Back office finally said no. They said they will mail us a check for the funds in two weeks. 
XX/XX/year> : I Informed XXXX about what happened. They said i needed to liquidate my account for {$35000.00} we had used up. I am in process of selling my valuable equities for this reason, citibank had received cash for the very valid IRS checks yet they kept it on hold for no reason. Meanwhile our Citibank account is locked. They said they will close our business account as well,",Checking or savings account,Managing an account,2024-12-31T00:14:40.000Z,Web,8fb6dd657976,False,276,2024,target,2024 | Checking or savings account,https://www.consumerfinance.gov/data-research/consumer-complaints/search/api/v1/11322026
11320698,"I opened a savings account for their {$100.00} bonus outlined here : XXXX XXXX XXXXally.comXXXX I completed 3 automatic transfers in XXXX, XXXX and XXXX per the terms. 

The bank is stating that I am not eligible for the {$100.00} bonus because I had an account back in XXXX. However, the terms clearly state that only those with accounts on or after XX/XX/XXXX are ineligible. My previous account was closed prior to XX/XX/XXXX. 

Language from XXXX XXXX XXXX  below :. Also note if you are already an Ally customer ( with any Ally product ), or has had any Ally account open since XX/XX/XXXX, you are not eligible to participate in this Program as a New Friend.",Checking or savings account,Managing an account,2024-12-31T02:43:23.000Z,Web,d827443c2b7d,False,117,2024,target,2024 | Checking or savings account,https://www.consumerfinance.gov/data-research/consumer-complaints/search/api/v1/11320698
11321262,"My ex and I got a car in XX/XX/XXXX when I was XXXX XXXX XXXX without a job. In XX/XX/XXXX I lost my job and the other party took possession without paying anything and hiding it out and let interest pile up. It started out with XXXX XXXX who illegally garnished my wages in XXXX and then in XXXX XXXX XXXX the individual passed away. The loan was then was taken over by XXXX XXXX and aassociates and then eventually switched over to Velo Law. I have paid XXXX  on this debt. Then, in XXXX ran a vin search to find out the car was crushed in XXXX XXXXXXXX in XXXX. Interest is still accruing and will not provide me with a copy of the summons and complaint. As well as the courts have told me they can provide it because the debt is "" too old. '' Someone explain. Please.",Vehicle loan or lease,Managing the loan or lease,2024-12-31T03:19:30.000Z,Web,8200f5c6c6fa,False,151,2024,target,2024 | Vehicle loan or lease,https://www.consumerfinance.gov/data-research/consumer-complaints/search/api/v1/11321262
11320609,Im in forbearance on the SAVE plan and Im not supposed to be accruing interest and I am being charged interest.,Student loan,Dealing with your lender or servicer,2024-12-31T03:40:22.000Z,Web,f50efc88d802,False,21,2024,target,2024 | Student loan,https://www.consumerfinance.gov/data-research/consumer-complaints/search/api/v1/11320609
11338454,My husband recently died and I was listed as POD on this account. I had previously signed a signature card at a local branch for this account and I thought I could just draw from the account. The account was frozen by the bank and when I received the Death Certificate I took the copy to a local branch expecting to receive the funds. I have been informed that the Estate Department has to release the funds and it has now been over five weeks and I seem to be no closer to receiving the money. I was told by a manager from the branch bank last week that the situation could be expedited so I called the Estate Department and was told that I should receive a XXXX tracking number in 2 to 3 days. That timeframe has passed and the Case Manager assigned to the case states that it may still be another 4 to 5 days to receive a tracking number and another 2 to 3 to receive the funds. I have tried to call the local branch a few times and no one answers the phone. I seem to keep getting different answers depending on the person I talk to and am getting nowhere or closer to a resolution for this. My husband was a hard working man and I just want the money I am due that he worked so hard for. This bank absolutely does not care about its customers and this should not be allowed to happen.,Checking or savings account,Closing an account,2024-12-31T04:35:43.000Z,Web,3f906e55bd2b,False,254,2024,target,2024 | Checking or savings account,https://www.consumerfinance.gov/data-research/consumer-complaints/search/api/v1/11338454
11338052,Someone hacked my chime card and charged over XXXX rides with XXXX totaling over {$400.00}. I disputed all of the charges. The first three or four I discovered they refunded the money to my account. As I looked further this had been going on since XXXX with over XXXX transactions. I got back in touch with chime and disputed all of the other charges. To which they denied saying no error occured. I called back and disputed them again and the same denied no error occured. I have asked several times for a copy of there decision to be mailed to me to which none has ever come!! This seems to be a on going theme with chime if you read there reviews this is happening to alot of people! And two of my co workers just had there cards hacked for over {$300.00}. You guys sued them for not giving money back! It's the typical wear down tactics to get you to give up. They want me to get copy 's from XXXX when they have copy 's right in front of them of said transactions. This has been going on for over a month with no resolution. That was {$400.00} of my XXXX money that gifts could not be bought. They are crooks and something needs to be done.,Checking or savings account,Problem with a lender or other company charging your account,2024-12-31T05:13:51.000Z,Web,e32d4584883e,False,221,2024,target,2024 | Checking or savings account,https://www.consumerfinance.gov/data-research/consumer-complaints/search/api/v1/11338052
11332299,"This complaint extends complaint ID XXXX and complaint ID XXXX. In the two previous complaint I forgot to mention that never once did Wells Fargo even or ever tell me the error that was made that was being paid for. They just sent me a low ball cashiers check and controlled mediation in a way I would not be able to fight to get back the {$19000.00} on estimate i lost that Wells Fargo stoled from me. They never explained their errors in any letter they ever sent me and like I said they just kept repeating it was only a piece of the modification mediation girl kept saying. Even when they are sued over and over and over again they just keep trying to steal from customers and try to close down accounts and transfer loans instead of paying to make it right. I have been affected by atleast XXXX different bad faith or XXXX  acts Wells Fargo has done to me over the course of 11 years. Everything from them lying on modification, stealing from my mortgage, low balling with little cashier checks on settlements they should've paid, lying during mediation to pay as least as possible, to them charging me overdraft after overdraft on my business checking and savings accounts XXXX XXXX  every over draft. To them opening up accounts I did not authorize and more. I really truly believe the CEO and people who are at the top of this company should face criminal charges. You know after all this Wells Fargo keeps having one guy answer all these complaints I send in to the CFPB and XXXX that one guy just keeps justifying. I will complain with the FTC and many more till something gets done if nothing is done this time. They transfered my load out in hopes they can sweep all this under the rug and forget about it. If they wanted to put it in the past then they need to stop making excuses and lying sending their low ball cashier check and hiring people who want to do the same for mediation. Wellsnfargo is not a good company they are a criminal enterprise who can't even pay out the money the CFPB fines them without trying to XXXX their customers out of that money too.",Mortgage,Trouble during payment process,2024-12-31T10:52:01.000Z,Web,12ab7aaf17e4,False,384,2024,target,2024 | Mortgage,https://www.consumerfinance.gov/data-research/consumer-complaints/search/api/v1/11332299
11333287,"Huntington bank offered a promotion of {$400.00} when you open an account and receive direct deposit if {$500.00} or more. Unfortunately the terms and conditions were deceptive as you must have your account for 60 days. I have called twice to confirm the promo was on my account which both advocates has advised me I would receive it on XX/XX/XXXX. Here today on XX/XX/XXXX I have not received my promo offer. 

Huntington used a deceptive practice to obtain account openings to not follow their own terms and conditions.",Checking or savings account,Managing an account,2024-12-31T12:03:15.000Z,Web,a217092f2d3d,False,88,2024,target,2024 | Checking or savings account,https://www.consumerfinance.gov/data-research/consumer-complaints/search/api/v1/11333287
11332874,"On XX/XX/2024 my RobinHood account had been locked temporarily. They asked me for documents such as my state Id, my bank statements, bank linking through XXXX, and selfies of my face. They said they would contact me on the XXXX then the XXXX and so on. It just keeps updating but Im not getting any answers. I have over {$2500.00} in my account and theyre not letting me withdraw or manage my money. I simply asked for my money to be returned to my bank if they wouldnt be unlocking my account. Ive been ignored and have been in line for a phone call for 6 days now.",Checking or savings account,Managing an account,2024-12-31T12:32:02.000Z,Web,310e3556bc58,False,108,2024,target,2024 | Checking or savings account,https://www.consumerfinance.gov/data-research/consumer-complaints/search/api/v1/11332874
11332945,"I had an insurance claim. My insurance company sent me the claim proceeds and included Newrez on the payment. They deposited the check XX/XX/year>, into an escrow account XX/XX/year>, and have refused to send my proceeds to pay the contractor despite me sending a completion certificate and adjustors report several times.",Mortgage,Trouble during payment process,2024-12-31T13:03:11.000Z,Web,5a2b1d782e27,False,51,2024,target,2024 | Mortgage,https://www.consumerfinance.gov/data-research/consumer-complaints/search/api/v1/11332945
11332567,I trusted chime and was with them for a year thriving in my account saving I am a tax paying citizen and I saved up to XXXX dollars by the XXXX of XX/XX/year> was viciously taken from me by a person who I dont no I ask when I first call them to close that person account to stop them from spending my hard earned money they done nothing but denied me like its my fault my transaction history shows its self I have nerve made a transaction over XXXX dollars this has already ruined my XXXX and left my daughter in shambles and they are telling me its nothing I cant do I caint file a police report cuz I dont no the person or have an adress for this person at this point I would like to take legal action on its like they telling me your money is gone and thats it I need help bad Im willing to even go to court about this,Checking or savings account,Managing an account,2024-12-31T14:10:06.000Z,Web,74ff8bc3d9a0,False,168,2024,target,2024 | Checking or savings account,https://www.consumerfinance.gov/data-research/consumer-complaints/search/api/v1/11332567
11332189,"Back in 2009 I bought a used car from the auction but knowing it was a bad buy. I told the back then that the car was not good and they still forced me to pay. It the was charged because I was fired from work not being able to drive. I was deleted from my credit but the bank still holds me responsible after they wrote it off. They never sent me a 1099C so I can write it off on my taxes. I can't use my account because any monies I put in, they put towards the balance of the car, which, was XXXX  so far. I didn't know they have something called a promise pay and I did a direct deposit and my first check from a job that I started after 4 years. I went to the bank pleading letting them know I need that money to pay my rent or it's going to cause a ripple effect and I will get evicted. They proceeded to say they can't help me.",Vehicle loan or lease,Managing the loan or lease,2024-12-31T15:45:30.000Z,Web,b484c5a799b5,False,175,2024,target,2024 | Vehicle loan or lease,https://www.consumerfinance.gov/data-research/consumer-complaints/search/api/v1/11332189
11332283,I have contacted the 3 credit bureaus about inaccurate information about my credit score. I received a debt forgiveness letter from the department of education because my school was closed and a legal class action lawsuit was won against XXXX XXXX XXXX XXXX XXXX  I requested that all the debt forgiveness has released me from the debt reported on my credit report.,Student loan,Incorrect information on your report,2024-12-31T16:01:25.000Z,Web,4d71e6a6c6b0,False,62,2024,target,2024 | Student loan,https://www.consumerfinance.gov/data-research/consumer-complaints/search/api/v1/11332283
11337182,Could you please take a moment to review and examine the attached documents? I believe your expertise will be invaluable in ensuring their accuracy and completeness. Your feedback and insights would be greatly appreciated. Thank you for your time and consideration in this matter.,Debt collection,Attempts to collect debt not owed,2024-12-31T16:19:48.000Z,Web,ef3388ac2b3e,False,44,2024,target,2024 | Debt collection,https://www.consumerfinance.gov/data-research/consumer-complaints/search/api/v1/11337182
11338592,Hello. A few months ago I opened a savings account with Amex. Thought it was good account so I deposited my work check into my account. Not even a week later they close my account and tell me they will not release my money back to me in a check. Which is their legal obligation as a bank. They can not keep funds that dont belong to them. They tell me I need to have the issuer write me a new check but the issuer is unwilling because the check was already cashed and gone through. The money was in my available balance upon closure but is apparently unable to be returned to me. I have tried to work it out with the bank and the issuer and have not had any luck. Its a lot of money.,Checking or savings account,Closing an account,2024-12-31T16:47:24.000Z,Web,ddd6c5f10215,False,138,2024,target,2024 | Checking or savings account,https://www.consumerfinance.gov/data-research/consumer-complaints/search/api/v1/11338592
11338708,I've asked multiple times for information involving this debt collection and have not received any information proving that it's mine. They had taken me to court three times. Frozen my checking account a few years ago and still dealing with the issue and not getting the information I'm requesting to prove that it's my debt.,Debt collection,Written notification about debt,2024-12-31T16:48:55.000Z,Web,41e57bdc8820,True,55,2024,target,2024 | Debt collection,https://www.consumerfinance.gov/data-research/consumer-complaints/search/api/v1/11338708
11338678,I've asked multiple times for information involving this debt collection and have not received any information proving that it's mine. They had taken me to court three times. Frozen my checking account a few years ago and still dealing with the issue and not getting the information I'm requesting to prove that it's my debt.,Debt collection,Written notification about debt,2024-12-31T16:58:21.000Z,Web,41e57bdc8820,True,55,2024,target,2024 | Debt collection,https://www.consumerfinance.gov/data-research/consumer-complaints/search/api/v1/11338678
11337642,"on XX/XX/XXXX early am an unknown company damage my driveway while repo a vehicle without notices also refuse to provide driver insurance or contact information, I was told to sue them by the receptionist as result I have done following steps. 

XXXX XXXX RESURGENT CAPITAL LP /LLC COLLECTION DEBT COMPANY ORIGINAL XXXX XXXX, CHARGED OFF DEBT FAIL TO RESPOND TO BONAFIDE DISPUTE / XXXX XXXXXXXX XXXX XXXX XXXX debt is sold to a collection agency. 
Under UCC 3-301, the collection agency must be able to prove that they are entitled to collect the debt by providing proof that they are the holder of the debt or have the right to enforce it. 
If they can not produce evidence of the assignment or demonstrate they are the rightful holder, you have a valid defense under UCC 3-301 that they do not have the legal right to enforce the debt. 
Conclusion : UCC 3-301 ( 1 ) definitely applies when a third-party debt collector attempts to enforce a charged-off debt. The debt collector must be able to prove they are the holder of the debt or have the right to enforce the debt, typically through documentation of the debts transfer or assignment. If they can not provide such evidence, they may lack the legal standing to collect the debt, and you could successfully challenge their efforts. 
If you are dealing with a third-party debt collector, you have the right to request proof of their entitlement to collect on the debt. If they fail to prove their right to collect, they may be violating the UCC and other consumer protection laws, such as the Fair Debt Collection Practices Act ( FDCPA ). 
UCCC 3-301 ( 1 ) In the case XXXX XXXX XXXX XXXX XXXX XXXX XXXX XXXX XXXX XXXX XXXX, the Oklahoma Supreme Court dealt with the issue of self-help repossession and the legal rights of parties involved in a repossession, particularly regarding the proper notice and procedures required before and after repossession. Although the case primarily concerns the legal standing of the creditor ( the bank ) and the debtor in a repossession scenario, it is highly relevant to your question about the repo of a car without notice. 
Lets break it down to see how it applies : The Case : XXXX XXXXXXXX XXXX XXXX XXXX XXXX XXXXXXXX XXXX XXXX XXXX XXXX In XXXX XXXX XXXX XXXX XXXX XXXXXXXX, the bank has repossessed a vehicle from the debtor, XXXX XXXXXXXX, without providing prior notice. The key issue in the case was whether the bank had acted unlawfully in repossessing the car without giving the required notice or affording the debtor an opportunity to redeem the vehicle. 
The Oklahoma Supreme Court ruled that self-help repossession is only lawful if it does not breach the peace and if the repossession complies with the terms of the contract ( in this case, the security agreement ). However, in this case, the court found that the bank 's actions in repossessing the car without notice violated the debtor 's rights under the law. 
Key Points of the Case : Right to Notice Before Repossession : The case reinforced that the debtor is entitled to notice before a repossession occurs. This includes notice that the creditor intends to repossess the vehicle and provide an opportunity to cure the default ( if applicable ), especially when required by the Uniform Commercial Code ( UCC ) or the security agreement. 
Self-Help Repossession Must Not Breach the Peace : The ruling emphasizes that self-help repossession ( when the lender or creditor takes back the vehicle without involving law enforcement ) must not breach the peace. This means the creditor must avoid actions like taking the car in the middle of the night or forcibly entering the debtor 's property. A breach of peace could render the repossession illegal and subject the creditor to damages. 
Due Process and Fair Treatment : The case aligns with the notion that repossessions must be carried out in a manner that respects the debtors due process rights. This includes reasonable notice and an opportunity to address the default before drastic actions like repossession are taken. 
Application to Your Example : Repossessed Car without Notice If your situation mirrors the example you gave where a company repossessed your car in the middle of the night without any prior notice XXXX XXXXXXXX XXXX XXXX XXXX XXXXXXXX can be relevant in several ways : Breach of Peace : If the repo company took the car without providing notice and did so in a manner that disrupted your peace ( such as repossessing it while you were unaware, in the middle of the night, or in a threatening manner ), this could be considered a breach of peace under UCC 9-609 ( which governs repossessions ). The Supreme Court in XXXX XXXXXXXX highlighted that the repossession must not disturb the peace, and if it did, the repossession could be considered illegal. 
Lack of Notice : If you did not receive notice of the repossession or any opportunity to redeem the car, this could also be a violation of your rights under UCC 9-611, which requires the secured party ( the lender or creditor ) to notify the debtor of the repossession and sale. In your case, if you didnt receive a pre-repossession notice, or notice of the intent to sell the vehicle, this could be a violation of UCC requirements and a breach of your rights. 
Opportunity to Cure : If there was no attempt to provide you with a chance to cure the default ( such as catching up on missed payments before the car was taken ), then the creditor may have violated the terms of the security agreement or failed to follow the proper process outlined in UCC 9-609 and 9-611. 
Remedies Available : If the repossession was deemed to have violated UCC provisions or was conducted in an unlawful manner, you could potentially seek remedies such as damages for the illegal repossession, return of the car, or even monetary compensation for any harm caused by the wrongful repossession. In XXXX XXXXXXXX, the court upheld the idea that a creditor must follow legal procedures to protect the debtors rights, and a failure to do so could result in liability for the creditor. 
What You Can Do in a Similar Situation : If you find yourself in a situation where a car has been repossessed without notice, and especially if it was done in the middle of the night or under questionable circumstances, the principles of XXXX XXXX XXXX XXXX XXXX XXXXXXXX may apply to your case. Heres what you can do : Demand Proof of Notice : You can ask the creditor or the repossession company to provide proof that they properly notified you before the repossession took place. Under UCC 9-611, the creditor is required to give you notice of the intended sale of the vehicle before taking any action, and under UCC 9-609 , they can not repossess in a way that breaches the peace. 
Check for Breach of Peace : If the repossession took place under circumstances that caused a disturbance or were carried out without your knowledge ( such as at night when you were not expecting it ), you might have grounds to claim a breach of peace. If the repossession was conducted in an aggressive, disruptive, or clandestine manner, this could be deemed unlawful. 
Examine the Security Agreement : Review the security agreement you signed when you took out the loan. Many agreements outline how and when a creditor can repossess the vehicle, what notices are required, and any potential penalties for non-payment. If the creditor violated any terms of that agreement ( e.g., failing to provide notice or not giving you an opportunity to cure the default ), you may have a case for wrongful repossession. 
Seek Legal Remedies : If the repossession was wrongful, you may be entitled to remedies such as : Return of the vehicle if it was wrongfully repossessed. 
Damages for any emotional distress, financial loss, or other harm caused by the wrongful repossession. 
A lawsuit for breach of contract or violation of your rights under the UCC. 
Consult an Attorney : If you believe your car was wrongfully repossessed in violation of your rights, it may be helpful to consult with an attorney who specializes in consumer protection, debt collection, or repossession laws. They can advise you on your legal rights, assist you in taking action against the repossession company, and help you seek compensation if applicable. 
Conclusion : XXXX XXXX XXXX XXXX XXXX XXXX XXXX XXXXXXXX applies to your example by underscoring the requirements for repossession, particularly the need for notice and the prohibition against breach of peace. If the car was taken without notice, especially in the middle of the night, it could very well be considered a violation of both UCC requirements and your legal rights. You might have grounds to challenge the repossession and pursue legal action for damages or wrongful repossession, as the creditor is generally required to follow proper procedures. 
PER THE THIRD PARTY COLLECTING THE CAR WITHOUT NOTICE OF REPO OR ANY CONTRACT TO SHOW OWNERSHIP OR RIGHT OF REPO A LAWSUIT INEVITABLE Yes, if a third-party company repossesses your car without providing notice, without a valid contract, and without showing the right to repossess ( i.e., without demonstrating legal ownership or the right to act on behalf of the creditor ), there are strong grounds for a lawsuit. This is especially true if the repossession violates UCC provisions or consumer protection laws. 
Let 's break down why a lawsuit is inevitable under these circumstances and what the potential causes of action would be. 
Key Legal Issues in Your Scenario : Lack of Notice ( UCC and Consumer Protection ) : Under the Uniform Commercial Code ( UCC ), specifically UCC 9-609, a secured creditor ( or their authorized agent ) may repossess the vehicle, but notice is usually required before and after the repossession. 
Notice before repossession : While the UCC doesn't always require pre-repossession notice in every case ( if the contract allows for immediate repossession after default ), notice after repossession is almost always required especially if the car is going to be sold. 
If the car was taken without any prior notice to you, and you didnt have an opportunity to cure the default, this could be a violation of UCC requirements. 
Lack of Ownership or Right to Repossess : Third-Party Debt Collectors and Repo Agents : A third-party collector must prove they have the right to repossess the vehicle. If the repossession agent or debt collector can not produce evidence of ownership or a contract that clearly shows they have legal standing to repossess the vehicle, they may be violating your rights. 
If they can not demonstrate they have the right to enforce the contract ( via a valid assignment or proof of ownership of the debt ), the repossession can be contested as unlawful. Under UCC 3-301, they must prove they have the right to enforce the debt. Without proper evidence, they may lack legal standing. 
Breach of Peace : Even if the third-party collector has the right to repossess, UCC 9-609 requires that repossession must be carried out without a breach of peace. If the repo occurred at an unreasonable time ( e.g., in the middle of the night ) or in a manner that caused disruption or fear, that could be considered a breach of peace. 
In this case, repossession without notice, in the middle of the night, could be argued to constitute a breach of peace, which would make the repossession itself unlawful. 
Potential Causes of Action for a Lawsuit : Given the facts you've outlined, here are the potential legal claims or causes of action that could lead to a lawsuit against the third-party repo agent, the creditor, or both : 1. Wrongful Repossession ( Breach of Contract & UCC Violations ) Lack of Notice : If the repossession was carried out without proper notice as required under UCC 9-611 ( post-repossession notice of intent to sell the car ), or if there was no opportunity for you to cure the default, you may have grounds for wrongful repossession. 
Lack of Standing : If the third-party repo agent can not prove that they have the legal right to repossess ( i.e., a valid assignment or proof that they own the debt ), they may not have had the legal right to take your car. In this case, you can sue for wrongful repossession. 
2. Breach of Peace ( UCC Violation ) Breach of Peace occurs when the repossession is conducted in a manner that disturbs the peace. This can include repossession at night, without warning, or in a manner that causes confrontation or distress. 
If the repo was conducted improperly ( e.g., forcibly entering your property, taking the car without your knowledge or consent ), the creditor or repo company could be liable for damages due to breach of peace. 
3. Conversion ( Theft or Unauthorized Taking ) Conversion is the wrongful taking or control over another person 's property. If the third party took the car without legal authorization, and they are unable to prove that they had the right to take it, you could have a claim for conversion. This is especially relevant if the car was taken without notice, without a contract, and without the proper authority to do so. 
4. Violation of Consumer Protection Laws ( Fair Debt Collection Practices Act, UCC, etc. ) FDCPA Violations : If the repossession was carried out by a debt collector ( i.e., a third-party collection agency ), and they did so improperly, you might have grounds to bring a claim under the Fair Debt Collection Practices Act ( FDCPA ). The FDCPA protects consumers from harassment and abusive practices by debt collectors, including improper or illegal repossession tactics. 
The UCC also protects consumers from creditors who act outside the bounds of the contract and the law. 
5. Emotional Distress ( Potential Tort Claim ) If the manner of repossession caused you significant emotional distress ( e.g., the stress of having your car taken unexpectedly at night or being wrongfully deprived of your vehicle ), you might have grounds for a claim of emotional distress. This is a more difficult claim to win, but if the repossession was done in an extremely inappropriate manner, it could potentially form the basis for damages. 
What You Can Do : Demand Proof : Send a formal demand letter to the creditor or repo company requesting proof of ownership and the right to repossess the car. They should provide you with a contract, proof of assignment, and any relevant documents that show they had the legal right to take the car. 

File a Complaint : You can file a formal complaint with consumer protection agencies, such as the Consumer Financial Protection Bureau ( CFPB ), the Federal Trade Commission ( FTC ), or your states attorney general office, if you believe the repossession violated consumer protection laws. 
Consider a Lawsuit : If the third-party repo company or creditor failed to follow the proper legal procedures ( notice, standing, etc. ), you may have a valid claim for wrongful repossession, conversion, breach of peace, or even emotional distress. Your attorney can assist in filing a lawsuit for damages. 
Conclusion : Yes, based on the facts you've outlined, a lawsuit is highly likely and advisable. The third-party collector repossessing your car without notice, without showing proper ownership, and potentially in violation of the UCC and consumer protection laws creates significant legal exposure for them. You may have several potential claims, including wrongful repossession, breach of peace, conversion, and violations of consumer protection laws. 
Its important to act quickly and consult with an experienced consumer rights attorney who can help guide you through the process of seeking damages, return of the car, or other legal remedies. : REPO DRIVER DAMAGE PROPERTY TO REPO THE CAR THE REPO COMPANY STATES THEY ARE NOT LIABLE TO GIVE DRIVERS NAME OR INFORMATION IS THIS TRUE IF NOT STEPS TO ENFORCE RELEASE OF INFORMATION POLICE REPORT HAS BEEN FILED In your situation, where the repo driver damaged your property during the repossession of your car and the repo company is refusing to provide the driver 's name or any information, you do have legal avenues to pursue in order to enforce the release of that information and hold the responsible parties accountable. 
Key Legal Issues to Address : Property Damage During Repossession : If the repo driver caused damage to your property while attempting to repossess your car, this may constitute tortious conduct, such as negligence or even intentional damage. Depending on the circumstances, you may have grounds for a claim for property damage. 
Right to Know Who Caused the Damage : You are entitled to know the identity of the person who damaged your property during the repossession. The repossession company ( or the principal party responsible ) should not be withholding this information if a police report has been filed and if the damage is part of the repossession process. 
Liability of the Repossession Company : Even though the repossession driver may be the one who caused the damage, the repossession company is generally liable for the actions of its agents ( in this case, the driver ) while they are acting within the scope of their employment or job duties ( such as repossessing a vehicle ). 
If the repossession was carried out by an independent contractor, there may be additional steps to take to identify and hold the contractor accountable, but the repossession company could still bear responsibility for ensuring that their contractors act within the law and do not damage property. 
Steps to Enforce Release of Information and Hold the Repo Company Accountable : 1. Reaffirm Your Right to the Information ( Legal Basis ) The repossession company is likely bound by state laws that require it to provide information about the incident, especially if a police report has been filed. If they are refusing to provide the driver 's name or contact information, you can take the following steps : State Law on Property Damage : Many states have consumer protection laws and tort laws that hold repossession companies liable for damages caused by their agents. The repossession company is obligated to assist you in pursuing any claims you have for damage caused during repossession. 
Request in Writing : Formally request, in writing, that the repo company provide the driver 's information as part of the property damage claim. This letter should state the nature of the damage, the fact that a police report has been filed, and your demand for the driver 's identity. 

DONE Police Report : Since you've filed a police report, obtain a copy of the report if you haven't already. The police report should contain : Details about the incident ( the property damage ). 
The repo companys information. 
Any witness statements or documentation related to the repossession. 
Identifying details about the driver, if provided by the repo company or the driver himself. 
The police report will help validate your claim of property damage and is often necessary to pursue legal action or to file a claim with your insurance. 
3. SENT Formal Demand Letter If the repossession company is unresponsive to your initial requests, send a formal demand letter requesting the driver 's information and any relevant documentation. You can include : Details about the damage ( photographs, estimates, etc. ). 
A reference to the police report. 
Your demand that they provide the driver 's name so you can proceed with your claim. 
This letter should also specify a deadline for a response ( e.g., 10-15 business days ) and clearly state that if they do not respond, you will pursue further legal action, including the involvement of consumer protection agencies or litigation. 
4. Contact Consumer Protection Agencies ( If Repo Company Refuses ) If the repo company still refuses to provide information, consider escalating the matter by contacting relevant consumer protection agencies : State Attorney Generals Office : They may have specific guidelines or complaints related to repossession companies that are not complying with the law or are withholding information unlawfully. 
XXXX XXXX XXXX XXXX XXXX XXXX : Filing a complaint with the XXXX  can put public pressure on the company to resolve your issue. 
Consumer Financial Protection Bureau ( CFPB ) : If the repossession was carried out by a debt collector, you can also file a complaint with the CFPB, which enforces the Fair Debt Collection Practices Act ( FDCPA ). 
5. Small Claims Court or Lawsuit ( Legal Action ) If you are unable to resolve the matter through the repossession company or consumer protection agencies, filing a lawsuit or taking the matter to small claims court may be your next option : Sue for Property Damage : If the repossession company refuses to provide the driver 's name or cooperate, you can consider filing a lawsuit for property damage. The repossession company may be held liable for the actions of its agent ( the repo driver ). 
In many states, you can file a small claims lawsuit for property damage ( often under a certain dollar amount, such as {$5000.00} or {$10000.00}, depending on the state ). 
Sue for Breach of Contract : If the repo company violated terms of your agreement ( e.g., repossession was conducted improperly ), you may also have a breach of contract claim. 

Demand the Driver 's Information in writing, citing the police report and property damage. 
Obtain the Police Report and use it as evidence to support your claim. 
File a Complaint with the Attorney General or consumer protection agencies if the company continues to refuse to cooperate. 
Consider Small Claims Court or Legal Action if the company is uncooperative or refuses to provide the necessary information. 
You have the legal right to know who caused the damage to your property and to seek compensation for the damages. If the repo company is refusing to provide that information, legal recourse is your next step. Consulting with an attorney who specializes in consumer protection or tort law could provide additional support to ensure your rights are protected. 

XXXX XXXX IS THE COMPANY THE ORIGINAL CONTRACT WITH THERE WAS BONAFIDE DISPUTE SUBMITTED TO THEM VIA REGISTERED MAIL THEY NEVER REPLIED ENFORCEMENT ACCORDING TO SATISFACTION UCC 3-311 WAS XXXXXXXX XXXX ABLE TO SELL THE DEBT AFTER CHARGING IT OFF AND NOT REPLYING TO BONAFIDE DISPUTE? 

Under the Uniform Commercial Code ( UCC ), particularly UCC 3-311, the situation you've described involves some important legal principles regarding disputes and charge-offs, as well as the sale of a debt after a Bonafide dispute has been raised. Lets break this down step-by-step : 1. Bonafide Dispute Under UCC 3-311 : UCC 3-311 specifically addresses disputes and the right of the debtor to dispute the validity of a debt. When a debtor raises a Bonafide dispute ( a legitimate, good faith dispute about the debt or its amount ), the creditor is required to acknowledge and respond to the dispute in a reasonable manner. If a dispute is raised and the creditor fails to respond or resolve it, they may be in violation of certain provisions of the UCC and other applicable consumer protection laws. 
UCC 3-311 states that if a debtor sends a dispute ( such as a registered mail notice, which you did ), the creditor is required to respond or provide a resolution. A failure to respond to a bona fide dispute could affect the creditor 's ability to enforce the debt or take certain actions, including selling the debt or charging it off. 
2. Charging Off the Debt : Charge-off is an accounting action that the lender ( in this case, XXXX XXXX ) takes to declare the debt as unlikely to be collected. A charge-off does not extinguish the debt ; it is simply an accounting procedure that moves the debt off the creditors balance sheet. It is still a valid debt that the creditor ( or a third party ) can attempt to collect, unless there is some legal reason why the debt can not be enforced ( such as a Bonafide dispute or a failure to respond to the dispute ). 
In your case, if XXXX XXXX charged off the debt after receiving your dispute and without responding to it, they may have violated UCC 3-311. Charging off the debt without addressing the dispute could mean that the creditor has waived their right to enforce the debt or sell the debt, depending on the nature of the dispute. 
3. Selling the Debt After Charge-Off : After a charge-off, the creditor ( in this case, XXXX XXXX ) has the right to sell the debt to a third-party collection agency or debt buyer. However, there are specific conditions under the UCC and related laws that govern this process : Failure to Respond to a Bona Fide Dispute : If XXXX XXXX did not respond to your Bonafide dispute, they could have violated UCC 3-311, which requires them to address the dispute and offer a resolution before continuing with collection efforts. If they ignored the dispute, they might not have been legally able to sell the debt or attempt to enforce it while the dispute remains unresolved. 
Consumer Protection Laws : In addition to the UCC, there are consumer protection laws, including the Fair Debt Collection Practices Act ( FDCPA ), that require creditors and debt collectors to act fairly and respond to disputes. If the debt was sold to a third party after the dispute, the third-party collector must still adhere to these same laws, including validating the debt before attempting to collect it. 
4. Legal Impact of Not Responding to a Bonafide Dispute : Under UCC 3-311, creditors are not allowed to enforce or transfer a debt for collection if there is an unresolved Bonafide dispute. This means that if XXXX XXXX failed to address your bona fide dispute, they may not have been legally allowed to sell the debt or continue to attempt collection. Their failure to respond to your dispute could have prevented them from enforcing the debt, and any subsequent actions, such as selling the debt to a third-party collection agency, could be legally questionable. 
5. What Can You Do? 
Here are your options to enforce your rights under UCC 3-311 and other applicable laws : a. I HAVE DocumentED Everything : Keep copies of the dispute letter you sent to XXXX XXXX ( via registered mail ). 
Ensure you have proof of the failure to respond from XXXX XXXX. If they didn't reply to your dispute, this could be an important piece of evidence that they violated UCC provisions. 
Request copies of any communication or documentation related to the sale of the debt. If they sold the debt, they should have informed you of the sale and the new holder of the debt.",Debt collection,Took or threatened to take negative or legal action,2024-12-31T17:18:14.000Z,Web,7a1ff24dd5c0,False,4514,2024,target,2024 | Debt collection,https://www.consumerfinance.gov/data-research/consumer-complaints/search/api/v1/11337642
11338008,"The Debtor is XXXX XXXX, and the XXXX XXXX is the XXXX XXXX XXXX XXXX XXXX XXXX XXXX XXXX located at XXXX XXXX XXXX. XXXX XXXX, XXXX, AL XXXX. 

Their phone number is : XXXX. 

I have just been served with the SECOND Summons asking that I respond to their suit on behalf of XXXX XXXX. 

Mind you this is NOT a notice to appear, but rather a request to accept or deny the debt, and explain why I can not pay it. 

I have already written directly to XXXX XXXX, as well as responded to the first summons, where I indicated that yes, the debt is mine, but since illness has robbed me of my ability to work, I now have to survive solely on my Social Security. 

I explained that I have NO SAVINGS. 

Each time I have to respond to these things, it costs me XXXX that I do not have. 

I called the law firm, and tried to explain, and all I got was a clerk spewing legalese. When I asked her why they keep issuing summonses for the same information, her response was that they would continue to do so until I paid the debt. 

I confess that I got quite angry at this, because, as I already had explained, I CAN NOT PAY IT!!! 

I am mailing a CEASE AND DESIST LETTER today. 

Can they continue to harrass me this way/",Debt collection,Took or threatened to take negative or legal action,2024-12-31T17:49:25.000Z,Web,3c4c45a3edfe,False,237,2024,target,2024 | Debt collection,https://www.consumerfinance.gov/data-research/consumer-complaints/search/api/v1/11338008
11337815,"On XX/XX/2024 my debit card was unauthorized to be used at a Bank of America atm on my savings account in the amount of {$2000.00}. I did not immediately know my card was used until I went inside the bank the morning of the XXXX to get a cashiers check to pay bills and could not locate my debit card as the teller inside the branch requested me to put it into the terminal to pull up my account. I went to look inside my purse and noticed it was gone but though because I was in a rush to get it done before closing that I may have overlooked it when looking. I proceeded to ask the teller rep if I can pull up my account using my photo ID the proceeded with the account verification. I then went on to deposit {$3500.00} into my checking account to print a cashiers check. When I left the bank I went to move more money to get a money order made out to make another payment and noticed my savings account had about {$43.00} left in it. So I proceeded to contact Bank of America and was provided with information that my debit card was used for an atm withdrawal from my savings account in the amount of {$2000.00}. I immediately opened up a fraud claim, i also requested camera footage or a photo of whom used my debit card to file a police report. I have been calling everyday the bank was opened to get status checks or to see when I would be receiving my money back and they could not tell me anything other than it would be a decision made by XX/XX/XXXX. On today I woke up to a notification that my claim was completed so I reach out to Bank of America by phone to have it further explained what it meant. I was told my claim was denied because who ever used my debit card knew my pin and there werent any failed attempts for the pin. I feel my rights were denied to me because if a through investigation was completed it would prove I am not the one who took these funds out my atm and I did not give anyone permission to authorize this transaction. Furthermore, as a consumer my rights were violated and because a pin was used does not prove that this transaction was authorized. I also know in my XXXX the fraud department did NOT want to reimburse my insured money back unto me because they knew by appealing the claim they have an additional XXXX calendar days to reimburse me. I have also expedited this claim XXXX different times since filing the claim.",Checking or savings account,Managing an account,2024-12-31T17:54:14.000Z,Web,a2bd1f6e154a,False,455,2024,target,2024 | Checking or savings account,https://www.consumerfinance.gov/data-research/consumer-complaints/search/api/v1/11337815
11337865,"Attn : XXXX XXXX, XXXX, XXXX, XXXX XXXX and XXXX XXXX, On XX/XX/year>, I XXXX XXXX XXXX as well as other entities/interested parties received a Letter from XXXX XXXX XXXX XXXX XXXX Notice of Pending Foreclosure, dated XX/XX/year>, received on XX/XX/year>. 
XXXX XXXX Notice XXXX XXXX Foreclosure XXXX XXXX XXXX. XXXX, which states : a ) Notice of the initiation of proceedings to exercise a power of sale in a mortgage, security deed, or other lien contract shall be given to the debtor by the secured creditor no later than 30 days before the date of the proposed foreclosure. Such notice shall be in writing, shall include the name, address, and telephone number of the individual or entity who shall have full authority to negotiate, amend, and modify all terms of the mortgage with the debtor, and shall be sent by registered or certified mail or statutory overnight delivery, return receipt requested, to the property address or to such other address as the debtor may designate by written notice to the secured creditor. 
Once Aldridges errors were discovered all interested parties notified the law firm via XXXX mail ( EJ 064 251 338 US ) with a letter entitled Notice of Violation of O.C.G.A. 44-14-162.2 ( a ). Aldridge received said notice on XX/XX/year>, please see attachments. 
On XX/XX/year>, at approximately XXXX pm Aldridge Pite LLP, was contacted and an associate of the firm by the name of XXXX answered the call. She informed us that Attorney XXXX and XXXX were assigned to the file, and they were unavailable. She was unable to give us a date or time, of when either associate would be available to speak or communicate. XXXX alleged she left a message for Attorney XXXX and XXXX regarding our file. 
On XX/XX/year>, we contacted Aldridge Pite LLP, a second time, for an update on our Notice, no update was available, and we were told the file was pending within the XXXX Department and no update was readily presented. 
On XX/XX/year>, we contacted Aldridge Pite , LLP, a third time, attempting to gain any update on our file. We spoke with an associate named XXXX around XXXX pm. He stated the file was still with the XXXX Department and our status was still pending. XXXX also informed us he attempted to contact Attorney XXXX and advised us to send an email so she, ( XXXX XXXX ) could communicate with us via email. We gave a centralized email for her to communicate. We have not received a response to date. 
Since Georgia is a non-judicial state time is of the essence and there are few laws that protect alleged debtors from alleged creditors. It should not take XXXX days ( XXXX ) for a sophisticated law firm with support to provide an update on rather Aldridge Pite, are going to stop the foreclosure due to a violation of O.C.G.A. 44-14-162.2 or continue to illegally and unlawfully collect a debt on XX/XX/year>, regardless of their visible violations. 
Aldridge Pites associates are possibly enjoying the holiday/time off, if that is why they have been negligent in a speedy reply or decision ; we should not be injured. They advertised the sale for XX/XX/year>, and their abandonment of a reasonably timely response should not impede or lag their responsibility to communicate in a sensible fashion prior to the sale date. 
All we need to know is if Aldridge Pite LLP, acknowledges their error to the application of law and if they have decided to re-advertise the sale or will Aldridge Pite LLP, ignore the application of law, thus, proceeding forward with a potentially, procedurally, and unlawful non-judicial foreclosure sale. 
As a result of their absence of urgency to resolve or conclude a decision on the matter, we have been left with no choice but to file this complaint with the XXXX XXXX XXXX XXXX, so we have record of their actions, neglect, lack of communication and potentially ignoring standard procedure to conduct a lawful non-judicial foreclosure sale per Georgia law.",Debt collection,Took or threatened to take negative or legal action,2024-12-31T18:20:38.000Z,Web,bdf87c70901d,False,670,2024,target,2024 | Debt collection,https://www.consumerfinance.gov/data-research/consumer-complaints/search/api/v1/11337865
11337801,"Credit collection services XXXXXXXX XXXX XXXXXXXX Balance : {$1400.00} To Whom It May Concern, I am writing to dispute the collection account that you have reported as an "" OPEN ACCOUNT '' on my credit report, as it is not in compliance with the FCRA LAWS and Metro 2 laws. Collection accounts should not be reported as "" OPEN ACCOUNTS, '' and it is imperative that this erroneous information is promptly removed from my credit report. I request that you provide me with an updated copy of my Credit Report once this incorrect entry has been removed.

According to consumer protection laws, such as the Fair Credit Reporting Act ( FCRA ) and Metro 2 laws, I have the right to dispute inaccurate or misleading information on my credit report. I believe that this reporting of the collection account as an "" OPEN ACCOUNT '' is incorrect and not in line with the applicable laws governing credit reporting. 

Please investigate this matter thoroughly and correct the error as soon as possible. Failure to comply with the FCRA and Metro 2 laws can result in serious legal consequences.

I am looking forward to a prompt resolution to this dispute. Your cooperation in rectifying this matter is highly appreciated. 


Sincerely, XXXX XXXX",Debt collection,False statements or representation,2024-12-31T18:29:51.000Z,Web,56c08e800d20,False,210,2024,target,2024 | Debt collection,https://www.consumerfinance.gov/data-research/consumer-complaints/search/api/v1/11337801
11338018,"Attn : XXXX XXXX, XXXX, XXXX, XXXX XXXX and XXXX XXXX, On XX/XX/year>, I XXXX XXXX XXXX as well as other entities/interested parties received a Letter from XXXX XXXX XXXX , titled Notice of Pending Foreclosure, dated XX/XX/year>, received on XX/XX/year>. 
XXXX XXXX Notice of Acceleration/Pending Foreclosure Sale violates O.C.G.A. 44-14-162.2, which states : a ) Notice of the initiation of proceedings to exercise a power of sale in a mortgage, security deed, or other lien contract shall be given to the debtor by the secured creditor no later than 30 days before the date of the proposed foreclosure. Such notice shall be in writing, shall include the name, address, and telephone number of the individual or entity who shall have full authority to negotiate, amend, and modify all terms of the mortgage with the debtor, and shall be sent by registered or certified mail or statutory overnight delivery, return receipt requested, to the property address or to such other address as the debtor may designate by written notice to the secured creditor.

Once Aldridges errors were discovered all interested parties notified the law firm via USPS mail ( XXXX XXXX XXXX XXXX XXXX ) with a letter entitled Notice of Violation of O.C.G.A. 44-14-162.2 ( a ). XXXX received said notice on XX/XX/year>, please see attachments. 
On XX/XX/year>, at approximately XXXX XXXX  XXXX XXXX XXXX, was contacted and an associate of the firm by the name of XXXX answered the call. She informed us that Attorney XXXX and XXXX were assigned to the file, and they were unavailable. She was unable to give us a date or time, of when either associate would be available to speak or communicate. XXXX alleged she left a message for Attorney XXXX and XXXX regarding our file. 
On XX/XX/year>, we contacted XXXX XXXX XXXX, a second time, for an update on our Notice, no update was available, and we were told the file was pending within the Compliance Department and no update was readily presented. 
On XX/XX/year>, we contacted XXXX XXXX XXXX XXXX, a third time, attempting to gain any update on our file. We spoke with an associate named XXXX around XXXX XXXX. He stated the file was still with the Compliance Department and our status was still pending. XXXX also informed us he attempted to contact Attorney XXXX and advised us to send an email so she, ( XXXX XXXX ) could communicate with us via email. We gave a centralized email for her to communicate. We have not received a response to date. 
Since Georgia is a non-judicial state time is of the essence and there are few laws that protect alleged debtors from alleged creditors. It should not take thirteen days ( 13 ) for a sophisticated law firm with support to provide an update on rather XXXX XXXX, are going to stop the foreclosure due to a violation of O.C.G.A. 44-14-162.2 or continue to illegally and unlawfully collect a debt on XX/XX/year>, regardless of their visible violations. 
XXXX XXXX associates are possibly enjoying the holiday/time off, if that is why they have been negligent in a speedy reply or decision ; we should not be injured. They advertised the sale for XX/XX/year>, and their abandonment of a reasonably timely response should not impede or lag their responsibility to communicate in a sensible fashion prior to the sale date. 
All we need to know is if XXXX XXXX XXXX, acknowledges their error to the application of law and if they have decided to re-advertise the sale or will XXXX XXXX XXXX, ignore the application of law, thus, proceeding forward with a potentially, procedurally, and unlawful non-judicial foreclosure sale. 
As a result of their absence of urgency to resolve or conclude a decision on the matter, we have been left with no choice but to file this complaint with the Consumer Protection Financial Bureau, so we have record of their actions, neglect, lack of communication and potentially ignoring standard procedure to conduct a lawful non-judicial foreclosure sale per Georgia law.",Debt collection,Took or threatened to take negative or legal action,2024-12-31T18:40:54.000Z,Web,cc00d4f0b285,False,670,2024,target,2024 | Debt collection,https://www.consumerfinance.gov/data-research/consumer-complaints/search/api/v1/11338018
11337280,"I attended XXXXXXXX XXXX from XXXX. When I graduated my loans were with XXXX. I had not issues with this lender. My loans were sold to MOHELA and that has been a headache. I informed them that my job will be sending in payments for my account and I have faxed in special instructions for my payments to be applied promptly. Every year I have to call them and inform them that they are not applying the payments promptly and correctly. They have been applying those payments to my daughter 's loans and to the Parent Plus loans. Payments from my job the XXXX XXXX should only be applied every XXXX weeks to my XXXX & XXXX loan. I've called several times in the month of XXXX and each time I call, I have to wait XXXX plus hours to talk to someone and whenever I do they tell me that they will move the payments to the correct account and to date they have not done so. They keep telling me 7-10 days and I have not received anything from MOHELA. I don't understand why I am trying to pay them and they have my account on hold and they are not moving those payments to the correct loans. My job is only paying my loans and not my parent plus loans that I have taken out for my daughter. My Loans are due to the school that I attended that was called XXXX XXXX XXXXn XXXX, IOWA.",Student loan,Dealing with your lender or servicer,2024-12-31T19:30:40.000Z,Web,708ed277c8c2,False,249,2024,target,2024 | Student loan,https://www.consumerfinance.gov/data-research/consumer-complaints/search/api/v1/11337280
11337281,"I opened a checking and savings account with my husband mid XX/XX/year> with Citibank, and the following Friday I deposited a check into my savings account. Later that day I tried to log into my account and my checking and savings accounts were not appearing in the portal. I called customer service, who transferred me to the fraud department, who told me both my checking and savings accounts were put on hold and I would have no access or use of my accounts. The fraud department told me that my accounts were under review and that I should have access in XXXX hours. On Saturday I called again and was escalated to a supervisor and kept being told that my account was under review. On Monday still heard nothing and went to my local branch and they called and said my accounts were still under review I am extremely frustrated that I was not contacted that my account was on hold, nor notified that Citibank detected potential fraud and put my account on hold. That frustration was compounded by the horrible customer service, different people not listening to my concerns and reading me scripts, and no one giving me any kind of estimate as to when I would have control over my accounts again.",Checking or savings account,Managing an account,2024-12-31T19:39:51.000Z,Web,7108191c6afc,False,214,2024,target,2024 | Checking or savings account,https://www.consumerfinance.gov/data-research/consumer-complaints/search/api/v1/11337281
11337328,"From XX/XX/XXXX to XX/XX/XXXX I didnt receive any statements notifications or updates from Hyundai Motor Finance XXXX Every time I checked the app it showed that I owed {$0.00} and there were no statements available for me to download or review. I even made a payment during that time because I thought I was up to date. Then in XXXX out of nowhere I found out that my account was past due and I had to scramble to make four payments all at once just to avoid collections.

Ive spent countless hours probably 10 to 15 total on the phone with Hyundai trying to figure out what happened. I asked to speak to supervisors multiple times but no one could explain why I wasnt receiving statements or why the app didnt show the correct balance for months. The lack of communication left me completely blindsided. 

Even though Ive tried my best to catch up its been really hard financially and Im still one payment behind. Now Hyundai is constantly harassing me about the overdue balance even though this whole situation started because they failed to provide me with accurate and timely information in the first place and reported it to the credit bureau.",Vehicle loan or lease,Managing the loan or lease,2024-12-31T19:56:20.000Z,Web,6cc5327a20bb,False,203,2024,target,2024 | Vehicle loan or lease,https://www.consumerfinance.gov/data-research/consumer-complaints/search/api/v1/11337328
11346145,"On XX/XX/year>, I purchased a vehicle from XXXX XXXX XXXX XXXX XXXX XXXX located at XXXX XXXX XXXX XXXX XXXX XXXX, trusting their assurances and professionalism. The vehicle was advertised as being in excellent condition on their XXXX page. However, shortly after purchase, I began experiencing severe safety and mechanical issues that were never disclosed Due to this verbal assurance and my trust in the dealerships professionalism, I signed the purchase agreement in good faith without fully reading it. As a first-time buyer, I relied on their transparency and integrity, only to discover later that critical information was deliberately withheld. 

During the test drive, I raised concerns about potential transmission issues, but the dealership assured me the vehicle was clean and safe to drive. Unfortunately, within a week of purchase, the vehicle broke down on my way to work ( XX/XX/XXXX ). The first breakdown caused the engine to go into reduced power mode, forcing me to stop in an unsafe parking area, creating a dangerous situation. The following day ( XX/XX/XXXX ), it broke down again on the freeway, resulting in a sudden loss of power in traffic, which nearly caused a life-threatening crash. I immediately informed the dealership, and the vehicle was towed back at my expense ( {$120.00} ). 

After the first breakdown, my direct representative, XXXX XXXX, verbally assured me that the dealership would take further action, including possibly canceling the deal or suggesting another vehicle, if more mechanical issues arose. He also advised me to continue driving the car because it hadnt been used for significant mileage. However, on XX/XX/year>, the vehicle broke down for the third time due to persistent overheating issues. This posed an imminent safety threat, as the overheating engine could have resulted in a fire or explosion, endangering my life and the safety of others. The vehicle was towed again at my expense and has remained with the dealership since. 

Additionally, the dealership failed to verbally disclose critical financing details, including the high Annual Percentage Rate ( APR ) of XXXX %. During the purchase, they only mentioned the total cost of {$11000.00} with monthly payments, without explaining the long-term impact of the APR. They also did not identify the financial institution, leaving me unaware that Capital one Auto Finance was involved until after I signed the agreement. These demonstrate a lack of transparency and suggest predatory lending practices, particularly as I am a first-time vehicle buyer in the United States who trusted the process. My concerns have been validated as I recently received several denial letters from banks, I was not even aware of, which suggests possible financial misconduct or unauthorized inquiries. 

Recently, after reviewing the vehicles history and financing terms, I discovered the dealership knowingly sold me a defective vehicle and withheld critical information : Undisclosed Recalls : The vehicle has XXXX prior recalls, none of which were disclosed at the time of sale. 
XXXX XXXX : The vehicle report reveals potential odometer tampering, which the dealership likely knew about and deliberately failed to disclose. 

The dealership appears to rely on the assumption that most customers are not educated about agreement clauses like As-Is. However, the As-Is clause does not absolve them of responsibility when they knowingly sell defective vehicles, fail to disclose material issues, and engage in deceptive practices. 

The vehicle has been with the dealership for repair since XX/XX/year>, and I have been forced to rely on XXXX for transportation to work. 

Despite repeated attempts to resolve the matter, the dealership has failed to address the ongoing issues. These issues appear to be linked to several mechanical problems, which I believe may include odometer fraud and undisclosed recalls. I have incurred significant expenses, including towing fees and alternative transportation costs. 

( This complaint appears to be related to the issues described in complaint XXXX, which I previously withdrew to ensure that the company could locate me accurately in their database and address the errors on the loan account. )",Vehicle loan or lease,Getting a loan or lease,2024-12-31T19:58:37.000Z,Web,8ff4e18a6b7b,False,662,2024,target,2024 | Vehicle loan or lease,https://www.consumerfinance.gov/data-research/consumer-complaints/search/api/v1/11346145
11336979,"My wife and I have a joint savings account with Marcus by Goldman Sachs. We did not know that XXXX can not perform wire transfers to external accounts. We were closing on a house so I transferred XXXX through the online feature and then requested to send the remaining amount over the phone. XXXX did not complete this transaction requiring my wife and I to borrow money from a relative. I was then unable to transfer money through the app and was told that my account was locked indefinitely. I am now unable to access over XXXX including the amount that I borrowed. In addition, I have automatic deposits and withdrawals from these accounts and we can not wait indefinitely for this issue to be resolved.",Checking or savings account,Managing an account,2024-12-31T20:14:05.000Z,Web,a202c7610e34,False,126,2024,target,2024 | Checking or savings account,https://www.consumerfinance.gov/data-research/consumer-complaints/search/api/v1/11336979
11336861,The company is garnishing my wages for 25 % after taxes after they lost a class action lawsuit for predatory lending practices. Because of the garnishment Im having a hard time managing my finances and they are still reporting to my credit monthly even though they are garnishing my earnings biweekly,Vehicle loan or lease,Managing the loan or lease,2024-12-31T20:21:35.000Z,Web,0a56b26d7106,False,51,2024,target,2024 | Vehicle loan or lease,https://www.consumerfinance.gov/data-research/consumer-complaints/search/api/v1/11336861
11336788,I was co-signed car been XXXX I never. Late I need them to remover it asap,Vehicle loan or lease,Getting a loan or lease,2024-12-31T20:50:12.000Z,Web,290cf7626ec2,False,16,2024,target,2024 | Vehicle loan or lease,https://www.consumerfinance.gov/data-research/consumer-complaints/search/api/v1/11336788
11336124,"We recently opened an account with Relay and literally JUST started using the accounts to test out the accounts before completely transferring all our funds over, which is apparently the wiser choice since depositing our VERY FIRST mobile check deposit into our accounts was put on a hold or available funds would not be available until TODAY! Once receiving the alert the funds were deposited, logged into our account and they are FROZEN!! Called for information, emailed for information, requested an immediate call back, and nothing! When speaking with someone upon calling the customer service number no one knows anything and can give us no information other than "" XXXX '' is the one that froze the accounts and deactivated our cards to the account and "" they '' or "" that department '' is and are the only ones that can UNFREEZE our accounts. 

This has been a complete surprise for us ESPECIALLY since the only emails about the funds from the check have all been answered promptly and with the "" proof '' or whatever was requested from both XXXX from Relay Financials Customer Operations Team ( Compliance Specialist Relay ) and XXXX ( Account Protection Specialist ). 

AND upon sending the items or emails in response, AS REQUESTED, there was never an email back saying the information was received or not received by either individual, directly and therefore one would ASSUME that the no news is good news or that all is well CONCERNING THE QUESTIONS ASKED OR INFORMATION REQUESTED. 

The last email from XXXX ( Account Protection Specialist ) said the information would have to be received by the XXXX to be sure the funds would be credited and the said mobile check deposit would then be approved and cashed into the account. Please see the attached communications between myself and these named individuals showing the response on both in a very TIMELY MANNER and yet here we are with FROZEN ACCOUNTS AND OUR FUNDS STILL UNAVAILABLE TO US OR OUR BUSINESS!",Checking or savings account,Managing an account,2024-12-31T21:51:40.000Z,Web,aeba5e8f56ab,False,336,2024,target,2024 | Checking or savings account,https://www.consumerfinance.gov/data-research/consumer-complaints/search/api/v1/11336124
11336055,Will you please verify that the information reported is 100 % accurate and that you can fully verify it. Otherwise will you please remove from my credit.,Debt collection,False statements or representation,2024-12-31T22:02:52.000Z,Web,7aaec68236f8,False,27,2024,target,2024 | Debt collection,https://www.consumerfinance.gov/data-research/consumer-complaints/search/api/v1/11336055
11335764,"To Whom It May Concern, I am writing to formally request validation of the debt you claim I owe, pursuant to my rights under the Fair Debt Collection Practices Act ( FDCPA ), 15 U.S.C. 1692g. 

Specifically, I am requesting the following documentation : Proof of Ownership of the Debt : A copy of the original purchase agreement with the original creditor ( XXXX XXXX XXXX ) that demonstrates you have legally acquired and now own this debt. 

Account Statements : Copies of all account statements from the accounts opening to its closure, showing the full history of charges, payments, and fees. 

Proof of Legal Authority to Collect in My State : Documentation proving you are legally authorized to collect debts in my state, including your license number or registration details. 

Copy of Your Bond : A copy of your bond or surety that verifies you are legally registered and bonded to operate as a debt collector in my state. 

I am writing in regard to the alleged debt you claim I owe, associated with account number [ Account Number ending in XXXX, if available ]. Under the Internal Revenue Code ( IRC ) 6050P, creditors are required to issue a 1099-C Cancellation of Debt form when a debt has been canceled, forgiven, or otherwise discharged in an amount of {$600.00} or more. 

If this debt has been canceled, settled, or discharged in any way, I am formally requesting that you provide me with a copy of the IRS Form 1099-C reflecting this cancellation. 

Additionally, if you have not canceled this debt, I request written confirmation of this status and the basis on which you continue to pursue collection. 

Please note that failure to provide accurate information regarding the status of this debt may constitute a violation of both federal debt collection laws and IRS reporting requirements. 

I expect your written response within a timely manner of receipt of this letter. 

Until you provide the requested information, I do not acknowledge or accept any responsibility for this debt. Additionally, as per federal law, you are required to cease all collection activities, including reporting this account to any consumer reporting agencies, until this debt is fully validated. 

Thank you for your immediate attention to this matter. 

Sincerely,",Debt collection,Written notification about debt,2024-12-31T22:53:21.000Z,Web,9d2d67aec850,False,376,2024,target,2024 | Debt collection,https://www.consumerfinance.gov/data-research/consumer-complaints/search/api/v1/11335764
11335733,"The account I'm referring to is account number XXXX in the amount of {$2500.00} opened XX/XX/year>. Regarding a debt that your agency Lockhart Morris and Montgomery is attempting to collect. I am requesting clarification on several points related to this debt and the actions being taken on my credit report. The first point is the Purchasing Agreement from Original Creditor. Please provide a copy of the original purchase agreement or assignment agreement between your agency and the original creditor. I request proof that the debt in question is legal and valid. Point 2, I have noticed that your agency has conducted a soft inquiry on my credit report. I request a detailed explanation for why this inquiry was made. 
Point 3, I want proof you have a signed agreement or contract with Lockhart Morris and Montgomery and alleged debt owner,",Debt collection,Written notification about debt,2024-12-31T23:07:42.000Z,Web,8deccfc0e4b4,False,140,2024,target,2024 | Debt collection,https://www.consumerfinance.gov/data-research/consumer-complaints/search/api/v1/11335733
11335178,"CFPB Complaint XXXX XXXX, filed on XX/XX/year>, is still pending a response. Since the complaint Jefferson Capital has transferred the account to to another debt collection agancy, violating the Fair Debt Collection Practices Act 1692-1692p. CFPB Complaint XXXX XXXX states a debt, "" was placed with our office by our client, Jefferson Capital Systems XXXX XXXX Unauthorized contact was made. 
In CFPB complaint XXXX XXXX XXXXin response to the correspondence we received via the Consumer Financial Protection Bureau on behalf of XXXX XXXX XXXX regarding the XXXX XXXX debt that we acquired, which is now associated with JCS XXXX XXXX XXXX. In response to XXXX XXXX dispute, we have terminated collection efforts on the debt. Thank you for the opportunity to respond. '' The debt was terminated and no further efforts to collect the debt should occur as there was no "" Validation of Debt '' under Federal Debt Collection Practices 1692-1692p, Jefferson Captial Systems XXXX JCS XXXX XXXX XXXX within the thirty-day period. Letter of Validation of Debt was sent on or around XXXX XXXX XXXX XXXX",Debt collection,Attempts to collect debt not owed,2025-01-01T00:33:47.000Z,Web,a5736314a3da,False,178,2025,target,2025 | Debt collection,https://www.consumerfinance.gov/data-research/consumer-complaints/search/api/v1/11335178
11334876,"In XX/XX/XXXX, MOHELA sent notice to borrowers that they needed to re-certify their income as part of the XXXX XXXX XXXX XXXX XXXX XXXX XXXX as this is an annual requirement. According to XXXX XXXX XXXX ( XXXX ), this was incorrect and should not have happened. As a result, XXXX published notice that they were extending the IDR deadline to XX/XX/XXXX. Furthermore, for those borrowers who had already re-certified, if their payment had gone up, it would be reverted to what it was previously. My payment went from {$31.00} to {$110.00}. When I found out about the XXXX XXXX, I immediately contacted MOHELA to get the issue resolved. At the time, I was assured it was going to be taken care of that week, but as of XX/XX/XXXX, the monthly amount due were it not for the save court injunction forbearance, it is still listed as {$110.00}. Through many phone calls, complaints, requests for prior messages on MOHELA 's former platform have accomplished nothing. Even escalating this issue to XXXX has accomplished nothing. 

https : //studentaid.gov/announcements-events/idr-recertification-extended",Student loan,Dealing with your lender or servicer,2025-01-01T01:56:39.000Z,Web,f17ab1d5e692,False,177,2025,target,2025 | Student loan,https://www.consumerfinance.gov/data-research/consumer-complaints/search/api/v1/11334876
11334879,"XXXX failure to act on XXXX 's fraud acknowledgment. 

I am filing this complaint against XXXX by Goldman Sachs for their mishandling of a {$3000.00} recovery request related to fraudulent transactions and identity theft, which is jeopardizing my education and financial future. 

In XX/XX/XXXX, {$3000.00} was fraudulently transferred from my XXXX XXXX account to XXXX unauthorized XXXX accounts {$1000.00} to XXXX account and {$2000.00} to another. I reported this identity theft to both XXXX and XXXX. XXXX validated the fraud on XX/XX/XXXX, and confirmed they are waiting for XXXX to submit a recovery request to return the funds. Despite this, XXXX has denied my dispute, incorrectly claiming the transactions were authorized. 

I have contacted XXXX over XXXX times, yet they have failed to submit the recovery request, leaving the funds unrecovered. This delay is severely affecting my education. I am a XXXX University student and rely on a scholarship to attend. Due to this unresolved issue, I had to withdraw from classes in Fall XXXX. If I can not pay my tuition by XX/XX/XXXX, I will lose my scholarship and be forced to pay full tuition, which I can not afford. 

I request XXXX : Submit the recovery request to XXXX immediately. 
Reimburse the {$3000.00} plus interest. 
Acknowledge their mishandling and ensure no further delays. 

XXXX Identity Theft Claim : XXXX XXXX Accounts Where Funds Were Transferred : Account # : XXXX ( ID : XXXX ) Account # : XXXX ( ID : XXXX ) I have attached documentation, including proof of fraud, correspondence with both banks, my scholarship details, proof of enrollment, and my identity theft report. This issue requires immediate resolution due to the XX/XX/XXXX enrollment deadline. 

Thank you for your prompt attention to this matter.",Checking or savings account,Managing an account,2025-01-01T02:25:19.000Z,Web,280652f55e02,False,289,2025,target,2025 | Checking or savings account,https://www.consumerfinance.gov/data-research/consumer-complaints/search/api/v1/11334879
11345388,"To Whom It May Concern : I am writing to formally file a complaint regarding the egregious and humiliating treatment I received at the Bank of America branch located at XXXX XXXX XXXX XXXX XXXX XXXX XXXX XXXX XXXX XXXX XXXX XXXX XXXX XXXX XXXX XXXX XXXX XXXX 

I am a mother of XXXX XXXX XXXXXXXX, currently residing in a XXXX XXXX XXXX XXXX to protect myself and my family from further harm. As an XXXX XXXX XXXX XXXX XXXX XXXX XXXX XXXX and identity theft, I face countless challenges in rebuilding my life and providing stability for my children. On this occasion, I simply wanted to open a checking account to deposit XXXX funds that my children received from their grandparents in XXXX. Instead, I was met with discriminatory and unlawful treatment that left me embarrassed and humiliated. 

I arrived for my XXXX XXXX  appointment with banker XXXX XXXX and presented my valid XXXX XXXX XXXX  ( XXXX ) card, issued by the State of Washington under XXXX XXXX. The XXXX provides a legally mandated substitute address for XXXX XXXX XXXX XXXXXXXX to protect their safety. Despite this, the branch XXXX, XXXX XXXX, informed me that I could not use my XXXX-issued address and instead suggested that I use the Secretary of States physical address. I immediately refused, as this was a fraudulent suggestion that violates both the intent and the legal framework of the XXXX. 

The branch manager contacted Bank of Americas corporate office, which reportedly claimed they had never heard of the XXXX. I explained multiple times that disclosing my physical address is not a matter of preference but a critical safety measure mandated by law. Despite my clear explanations, I was ultimately denied the ability to open an account. 

As a woman, an XXXX XXXX XXXX XXXX XXXX XXXX XXXXXXXX, this treatment was dehumanizing and deeply distressing. Financial independence is a crucial step in my journey toward safety and stability, and this denial represents yet another barrier in a system that already makes it difficult for XXXX  like me to move forward. Bank of Americas refusal to honor my XXXX substitute address not only violates Washington State law but also discriminates against me based on my status as a XXXX XXXX XXXX XXXX 


Respectfully, XXXX XXXX",Checking or savings account,Opening an account,2025-01-01T03:59:04.000Z,Web,1c7ecf3e9064,False,380,2025,target,2025 | Checking or savings account,https://www.consumerfinance.gov/data-research/consumer-complaints/search/api/v1/11345388
11345661,I had unauthoized charges on my debit card ending XXXX and when i reported it they had said that the card will be deactivated and no more charges can be made using that card number. On XX/XX/scrub>XXXX XXXX XXXX there was a charge in the amout of XXXX using card ending in XXXX. How is this even possible if the card was deactivated. i dont know why i was even charged as i did not make and purchases today how was a card that was deactived to protect me from further fraudulate activity be used over a month later. How dose this protect me,Checking or savings account,Problem with a lender or other company charging your account,2025-01-01T04:07:36.000Z,Web,8d7c5c2b13cf,False,104,2025,target,2025 | Checking or savings account,https://www.consumerfinance.gov/data-research/consumer-complaints/search/api/v1/11345661
11333811,15 USC 1681 My information was included in MULTIPLE DATA BREACHES. This is not my responsibility. I have reported to the three majors with no avail.,Debt collection,False statements or representation,2025-01-01T06:14:26.000Z,Web,d93494a7c182,False,26,2025,target,2025 | Debt collection,https://www.consumerfinance.gov/data-research/consumer-complaints/search/api/v1/11333811
11345559,"I have never done business with this company what so every. I do not have any document or contract with my signature on them. This account just showed up on my credit report out the blue and know one from the company have never called, email, or sent a letter to me. Also I am an XXXX XXXX Military they should be verifying my information before doing anything without my knowledge.",Debt collection,False statements or representation,2025-01-01T07:02:52.000Z,Web,5023f2872d4a,False,71,2025,target,2025 | Debt collection,https://www.consumerfinance.gov/data-research/consumer-complaints/search/api/v1/11345559
11345394,"XX/XX/XXXX {$560.00} XX/XX/XXXX {$1800.00} To consumer reporting agency infringing on The Privacy Act of 1974. XXXX. I have never done business nor has had a contract with Portfolio Recovery. Transferring a security doesn't give rights to whoever it transferred to and only the original creditor can come after me, which is who I signed with, but they lost their rights once they transferred. UCC 3-203 TRANSFER OF INSTRUMENT ; RIGHTS ACQUIRED BY TRANSFER. Primary tabs ( a ) An instrument is transferred when it is delivered by a pi son other than its issuer for the purpose of giving to the person receiving delivery the right to enforce the instrument. ( b ) Transfer of an instrument, whether or not the transfer is a negotiation, vests in the transferee any right of the transferor to enforce the instrument, including any right as a holder in due course, but the transferee can not acquire rights of a holder in due course by a transfer, directly or indirectly, from a holder in due course if the transferee engaged in fraud or illegality affecting the instrument. ( c ) Unless otherwise agreed, if an instrument is transferred for value and the transferee does not become a holder because of lack of indorsement by the transferor, the transferee has a specifically enforceable right to the unqualified indorsement of the transferor, but negotiation of the instrument does not occur until the indorsement is made. ( d ) If a transferor purports to transfer less than the entire instrument, negotiation of the instrument does not occur. The transferee obtains no rights under this article.",Debt collection,Threatened to contact someone or share information improperly,2025-01-01T13:07:39.000Z,Web,12b3573c214f,False,268,2025,target,2025 | Debt collection,https://www.consumerfinance.gov/data-research/consumer-complaints/search/api/v1/11345394
11345164,"XXXX XXXX in XXXX or XXXXXXXX XXXX with XXXX XXXX in XXXX and others connected to our wall outlets are stalking me over my XXXX  money and money from doing online surveys in the wall outlets robbing me through the walls. I've had fraud alerts, identity theft and had changed banks more than once that I owe money to because of them. XXXX lady XXXX XXXX in XXXXXXXX XXXX charged XXXX and XXXX 's in XXXX  to my XXXX XXXXXXXX XXXX account and put her name on my bank with her phone number pretending she was me when it was my bank account committing identity theft and then there was a few others that I don't have the names of that I reported to Chime a long time ago. I can't get them to stop. I just had an alert from Someone in XXXX trying to charge some unknown charge to my Chime bank account. I don't know these people obviously. They are a bunch of convicted felons robbing people through the wall outlets and in person. They send food deliveries and packages to other people 's doors playing around with us. They did it to me multiple times to XXXX XXXX where I need to get a XXXX XXXX XXXX I've had my XXXX and XXXX apps hacked, multiple phones hacked. I had an iphone XXXX stolen last year. XXXX XXXX told everyone I have money and then they were doing all kinds of stuff to me through the walls and I lost a lot of money from XXXX XXXX and XXXX  and XXXX. I didn't get my money back when I reported it to them. XXXX XXXX denies everything when he's sitting in the wall outlets and stalked me from XXXX to XXXX XXXX with XXXX XXXX who got a lot of people plugged in our wall outlets violating everyone 's privacy. They caused a huge race war fighting through our wall outlets every day of the week and haven't been arrested yet. They keep calling police back saying I'm a liar when I'm not lying about anything that they did when they're put virtual reality, plug splitters, connectors, tracking devices, motion control sensors, thought readers, and other stuff in the wall outlets disturbing the peace day and night partying on XXXX and XXXX  in our walls threatening to XXXXXXXX XXXX XXXX XXXX XXXX XXXX XXXX in Florida with XXXX fighting over everything including my XXXX XXXXXXXX card. I owe over {$8000.00} in debt now.",Checking or savings account,Problem caused by your funds being low,2025-01-01T14:04:44.000Z,Web,e5cd30a4b58a,False,417,2025,target,2025 | Checking or savings account,https://www.consumerfinance.gov/data-research/consumer-complaints/search/api/v1/11345164
11344935,"Midland called me about an account I didn't recognize. They had me review charges and the address matched that of one of my relatives. I brought that relative on the phone with me who admitted to opening the account. Midland still claims what I'm saying is false. They claim my address was on the account, but I noticed it wasn't when they had me review it on the phone. I recently found out they got my address from pulling my credit report, not from the fraud account. I filed a police report and FTC report. I attempted to update the police report to add said relative, but they told me I'd have to have a detective assigned to it and talk to them about it. I did update it on my FTC report. I called the bank that had the fraudulent account and was told it was under investigation. I called the credit bureaus, and I no longer see it on my credit report. I asked the woman on the Midland phone if there is a way to upload or fax my documents since I don't have transportation or money to send by mail. She refused to give me any way to dispute it.",Debt collection,Attempts to collect debt not owed,2025-01-01T15:18:54.000Z,Web,20db5a1b17df,False,204,2025,target,2025 | Debt collection,https://www.consumerfinance.gov/data-research/consumer-complaints/search/api/v1/11344935
11344969,"Mr. Cooper ( Nationstar? ) has been messing with my money since they bought my loan in XXXX. They've moved around my down payment, closed my escrow without permission and submitted me a check, then reopened my escrow without permission or any signed documents to do so and are demanding repayment by raising my mortgage payment WITHOUIT notification to me of them doing so.

I've tried to contact them for months and can never get a person on the phone. I've tried since XXXX. They are causing me mental stress and financial hardship now. I sent them a cease and desist letter due to their harassment and retaliation after all of this. I've contacted the FBI, XXXX XXXX XXXX, and still no one from Mr. Cooper has contacted me. I am at wits end. I am concerned for my money as they are moving it around, not showing on the website what happen
ed to it, then when I contact someone it magically appears like "" it was always there. '' I am tired of this company and wish they'd NOT own my loan because I fear they are just going to try to take my home. I have no support and am financially stuck in what income the VA gives me and that's it. I am on a fixed income, a XXXX XXXX XXXX vet, and this company is not providing a service they are supposed to. 

XXXX XXXX XXXX Mr. Cooper is messing up my loan account, moving my money around, and not showing a paper trail. Mr. Cooper is closing accounts within my loan WITHOUT my consent. Mr. Cooper is not contacting me after countless attempts to get someone on the phone. Mr. Cooper raised my payment in retaliation to their mistake and never contacted me about it, even after I'm pretty sure having been legally obligated to do so.

I sent a cease and desist letter to these idiots to get them to stop emailing me and to contact me by phone. They took it as a they don't have to talk to me anymore. I'm done.

I need help getting this company to get rid of my account, AND fix their screw ups. At this point, they've moved around XXXX dollars ( My down payment ) and I had to chase it down to get it reposted to my account. Now they've screwed up my escrow account. I need help locating my money and getting them to stop screwing with my life.",Mortgage,Trouble during payment process,2025-01-01T15:54:10.000Z,Web,401651f59528,False,417,2025,target,2025 | Mortgage,https://www.consumerfinance.gov/data-research/consumer-complaints/search/api/v1/11344969
11344920,"On the XXXX of XX/XX/year> my loan servicing company made payment of my property taxes of {$7200.00}. On the same day ( XX/XX/year> ) they made an additional payment from MY escrow account in the amount of {$8800.00} also for property taxes but for someone else, this second amount of {$8800.00} is not mine. I have checked multiple resources to confirm this. My loan servicing company is currently closed, and I am unable to get this resolved but am doing this as a precaution as my escrow account is now in the negative by - {$6900.00}. This will affect me negatively. I only realized this when I went online to make our monthly mortgage payment yesterday XX/XX/year>, and noticed this egregious mistake. I will be contacting them tomorrow when they are open, but this obviously needs to be taken seriously, and I wanted to inform you and receive help to get it rectified immediately.",Mortgage,Trouble during payment process,2025-01-01T16:04:09.000Z,Web,1f2374d94af3,False,154,2025,target,2025 | Mortgage,https://www.consumerfinance.gov/data-research/consumer-complaints/search/api/v1/11344920
11343968,Company is reporting a debt that does not belong to me,Debt collection,Written notification about debt,2025-01-01T16:56:44.000Z,Web,d7639ed6331e,True,11,2025,target,2025 | Debt collection,https://www.consumerfinance.gov/data-research/consumer-complaints/search/api/v1/11343968
11344365,Company is reporting a debt that does not belong to me,Debt collection,Written notification about debt,2025-01-01T17:02:34.000Z,Web,d7639ed6331e,True,11,2025,target,2025 | Debt collection,https://www.consumerfinance.gov/data-research/consumer-complaints/search/api/v1/11344365
11344396,"I am currently on the XXXX program for my loan. its my understanding, that during this forbearance period, the minimum payment is {$0.00}, and interest should also be at 0 %. however, interest is at 6 % and still accruing on my loan. to date, interest has accrued in the amount of {$2400.00} and {$49.00} for my second loan. please see picture attached for more clarification. 

id like this to be remedied and revised to be taken off my account and my interest set to 0 % until forbearance is lifted. nelnet employees are incompetent and every time i call a representative gives me a different answer.",Student loan,Dealing with your lender or servicer,2025-01-01T17:33:36.000Z,Web,771b35cecbc8,False,107,2025,target,2025 | Student loan,https://www.consumerfinance.gov/data-research/consumer-complaints/search/api/v1/11344396
11344156,"On XX/XX/XXXX I woke up and used my card like usual. My account had money on it at least XXXX or so dollars. I went ahead and got myself some late XXXX XXXX  which brought it to around {$340.00}. I've been using it I went and purchased food with it that day and I've logged into it to check my balance, and everything in there was absolutely nothing wrong with my account. I haven't done anything on the account to go against any of the banks, policies, or anything like that I use the account as a normal account for every day purchases, as well as paying bills and eating and everything. I literally just use the account like a regular bank account. So that same day I was going to purchase something but I usually lock my card so I was going to go on the account and unlock the card so that I can use it, but then I see a message saying that my account is locked for security reasons. I have no idea why it would be locked because there hasn't been any fraudulent transactions or anything to my knowledge. So I called them the same day and they told me that basically my account was closed and that I would have to wait on a letter and wait 30 to 60 days to receive the remaining balance that was in my account. I didn't want to go back-and-forth because I asked multiple times why my account was closed and they kept giving me the XXXX  ANSWER, SAYING THAT IT WAS FOR SECURITY REASONS TO PROTECT ME. WHEN HOW ARE THEY'RE PROTECTING ME WHEN THEY'RE LITERALLY HOLDING MY MONEY FOR 30 TO 60 DAYS. Now it is XX/XX/XXXX and I received an email today saying that my account is- {$420.00} which is insane. How is my account negative when I literally haven't even been able to use it and it was supposed to be closed, so how are there still transactions being done on the account? I'm not able to get in my account to see where this is coming from. I have no idea what's going on and I just want my money back that was in the account when it was closed! I have bills! Cant wait 30-60 days!",Checking or savings account,Closing an account,2025-01-01T18:22:27.000Z,Web,312ff22a854a,True,385,2025,target,2025 | Checking or savings account,https://www.consumerfinance.gov/data-research/consumer-complaints/search/api/v1/11344156
11344102,"On XX/XX/XXXX I woke up and used my card like usual. My account had money on it at least XXXX or so dollars. I went ahead and got myself some late XXXX XXXX  which brought it to around {$340.00}. I've been using it I went and purchased food with it that day and I've logged into it to check my balance, and everything in there was absolutely nothing wrong with my account. I haven't done anything on the account to go against any of the banks, policies, or anything like that I use the account as a normal account for every day purchases, as well as paying bills and eating and everything. I literally just use the account like a regular bank account. So that same day I was going to purchase something but I usually lock my card so I was going to go on the account and unlock the card so that I can use it, but then I see a message saying that my account is locked for security reasons. I have no idea why it would be locked because there hasn't been any fraudulent transactions or anything to my knowledge. So I called them the same day and they told me that basically my account was closed and that I would have to wait on a letter and wait 30 to 60 days to receive the remaining balance that was in my account. I didn't want to go back-and-forth because I asked multiple times why my account was closed and they kept giving me the XXXX  ANSWER, SAYING THAT IT WAS FOR SECURITY REASONS TO PROTECT ME. WHEN HOW ARE THEY'RE PROTECTING ME WHEN THEY'RE LITERALLY HOLDING MY MONEY FOR 30 TO 60 DAYS. Now it is XX/XX/XXXX and I received an email today saying that my account is- {$420.00} which is insane. How is my account negative when I literally haven't even been able to use it and it was supposed to be closed, so how are there still transactions being done on the account? I'm not able to get in my account to see where this is coming from. I have no idea what's going on and I just want my money back that was in the account when it was closed! I have bills! Cant wait 30-60 days!",Checking or savings account,Managing an account,2025-01-01T18:34:47.000Z,Web,312ff22a854a,True,385,2025,target,2025 | Checking or savings account,https://www.consumerfinance.gov/data-research/consumer-complaints/search/api/v1/11344102
11343272,"I received an email from XXXX XXXX with True accord about a debt from XXXX XXXX XXXXXXXX sold the debt to XXXX XXXX XXXX and XXXX sold it to True Accord. According the the Statue of Limitations of Pennsylvania 42-5525 ( a ) when the debt originated, the companies are not allowed to pursue the debt after 2 years. 

This account is more than 8 years old. The company also does not have the correct address nor do they have the correct telephone number for me as well. 

I also did not give XXXX nor any other company to sell my information.",Debt collection,Electronic communications,2025-01-01T20:14:34.000Z,Web,051c54dead51,False,102,2025,target,2025 | Debt collection,https://www.consumerfinance.gov/data-research/consumer-complaints/search/api/v1/11343272
11343694,"I am submitting these complaint regarding the unlawful debt collection practices by several lending institutions, including ( kohls capital, XXXX XXXX XXXX XXXX  ) These institutions have engaged in illegal activities related to fraudulent debt collection and repossession efforts. After thorough investigation and consultation, I have reason to believe that these actions are not isolated mistakes but rather part of a coordinated scheme that constitutes a violation of the XXXX XXXX and Corrupt Organizations Act ( XXXX ).",Debt collection,Attempts to collect debt not owed,2025-01-01T20:16:42.000Z,Web,160f6ff2dcae,False,78,2025,target,2025 | Debt collection,https://www.consumerfinance.gov/data-research/consumer-complaints/search/api/v1/11343694
11343202,"I recently filed a complaint with your organization in regard to PHH Mortgage justifying an increase in garnishing escrow account by falsifying information XXXX designated our area in XX/XX/year> as a flood zone as a result our escrow account was garnished {$220.00} monthly for flood insurance, reference number : XXXX. 

In relation to the reference number : XXXX we received a letter stating they are working on handling the issue in regard to garnishing our escrow account {$220.00} monthly. This was the plan they had all along. 


Today I received another letter in the mail outlining a mortgage increase XXXX. Initially our monthly mortgage payment was {$1000.00}. But because of the flood insurance garnishing the escrow account there is an escrow shortage. This is the retaliation for the initial complaint for reference number : XXXX. I would like a summary of how much funds were available every year in our escrow account We received no letter from XXXX informing our area is a flood zone.",Mortgage,Trouble during payment process,2025-01-01T20:46:22.000Z,Web,2f8beede45bd,False,165,2025,target,2025 | Mortgage,https://www.consumerfinance.gov/data-research/consumer-complaints/search/api/v1/11343202
11342852,"Consumer Financial Protection Bureau XXXX : Formal Complaint Regarding Missing Settlement Payment for XXXX XXXX Dear Consumer Financial Protection Bureau, I am writing to complain about an unresolved issue with Westlake Financial Services formally. The matter involves a settlement payment of {$12000.00} for my totaled vehicle, which was damaged in an accident on XX/XX/year>, at XXXX XXXX XXXX XXXX in XXXX, PA. 

The insurance company responsible for the payment provided me with documentation confirming the settlement and the release of property damage ( attached ). I signed the necessary paperwork authorizing payment to Westlake Financial Services, my lienholder at the time. Despite this, Westlake Financial has informed me that they have not received the funds.

To resolve the situation, I have taken the following steps : Contacted the insurance company to verify the payment.

Confirmed that the payment was issued following the settlement terms.

Provided Westlake Financial with the signed release form as evidence of the settlement.

Unfortunately, Westlake Financial has not resolved this issue and continues to claim non-receipt of the payment. This has left me in a difficult financial position, as I am being held accountable for the loan balance despite the settlement agreement being finalized. XXXX XXXX sent me the contract to review again instead of honoring the damage that was caused to the vehicle : Here is a statement from XXXX who sent the letter to XXXX for their signature : Hello XXXX XXXX, There hasn't been any payment issued. We are waiting on the signed release from Westlake Financial. 

If you need to contact me or have any questions, please respond to this email. You can also attach and send me any documents in regards to your claim. You XXXX also view your claim at XXXX or the XXXX XXXX XXXX. 

Sincerely, XXXX XXXX, XXXX XXXX I am seeking the CFPB 's assistance to : XXXX XXXX XXXX 's handling of this matter. 
Ensure the payment is properly traced and applied to my account. 
Resolve any discrepancies and confirm the loan is satisfied in full per the settlement agreement. 
I have attached the following documents for your review : The signed release of property damage form. 
Any relevant correspondence between myself, the insurance company, and Westlake Financial. 
Please let me know if additional documentation or information is required to process my complaint. 



Sincerely, XXXX XXXX",Vehicle loan or lease,Managing the loan or lease,2025-01-01T21:20:44.000Z,Web,72989291b994,False,390,2025,target,2025 | Vehicle loan or lease,https://www.consumerfinance.gov/data-research/consumer-complaints/search/api/v1/11342852
11342859,Ive filed multiple complaints against LVNV funding for attempting to collect a debt not owed by me. Please see the attached report showing they removed the charges from my XXXX Report. Now they are trying to collect against me on my XXXX report.,Debt collection,Attempts to collect debt not owed,2025-01-01T21:34:50.000Z,Web,ef4df2d0b9de,False,43,2025,target,2025 | Debt collection,https://www.consumerfinance.gov/data-research/consumer-complaints/search/api/v1/11342859
11342404,"This complaint is against Freedom Mortgage and their fraudulent tactics used while servicing loans. 

The mortgage has been refinanced, so thank goodness, I am no longer under the thieving fraudulent thumb of Freedom Mortgage. This complaint is to shed a light on their unjust, greedy, fraudulent tactics while servicing mortgages. 

XXXX XXXX was the investor of the mortgage and everything was fine until Freedom mortgage became the servicer of the loan. Every year they gave a bogus escrow shortage analysis stating there was an escrow shortage. It was always over {$1000.00} whether taxes went up or not. Therefore they used that as an excuse to raise the monthly mortgage payments hoping that we would not be able to afford to pay it. 

However, we paid their bogus shortage escrow analysis ; then Freedom Mortgage stated that they will still raise the mortgage payments every year whether we paid their so called escrow shortage or not. I had discussed their ridiculous practice to both Freedom Mortgage and the investor, XXXX XXXX without any satisfactory resolution. 

To Freedom Mortgage, the more money was in the escrow, the more they could pay themselves ( help themselves ). 

To me, I felt like a victim. Freedom Mortgage was putting financial hardship on us. The longer they serviced the loan, the higher our monthly payments would get over the years, even though we are on a fixed interest rate and we paid their bogus shortage escrow analysis every year. If they had stayed as our loan servicer, after some years, we would not be able to afford the mortgage and guess what "" foreclosure '' although we were very responsible with our monthly mortgage payments.",Mortgage,Trouble during payment process,2025-01-01T22:09:21.000Z,Web,f26de6892674,False,280,2025,target,2025 | Mortgage,https://www.consumerfinance.gov/data-research/consumer-complaints/search/api/v1/11342404
11342270,"On XX/XX/year>, I visited two different branches of Bank of America with the intention of opening a new bank account. I am an XXXX national holding an XXXX XXXX. During both visits, I provided the required documentation as outlined by Bank of America. 

First Attempt : I submitted the following documents to open an account : Passport Social Security Card ( showing my U.S. address ) Form I-94 Banks Response : The branch informed me that the Form I-94 was not sufficient for opening an account and that additional documentation was required. indicated that my application could not proceed without further verification.

Second Attempt : Action Taken : I went to another branch with these documents : Passport Social Security Card ( showing my U.S. address ) Form I-94 Form I-797 ( Notice of Action ) Banks Response : Despite providing the additional Form I-797, the branch staff informed me that my XXXX XXXX status, in conjunction with my XXXX  nationality, was not acceptable for opening a bank account. My application was declined solely based on my nationality and visa type, without a clear or justified explanation. 

Throughout both attempts, I adhered to the list of acceptable documents provided by Bank of America and followed all instructions given by the branch staff. However, I was ultimately denied the ability to open a bank account solely based on my XXXX nationality and XXXXXXXX XXXX status, without a transparent or valid reason.",Checking or savings account,Opening an account,2025-01-01T22:45:09.000Z,Web,2d2f5184bcd3,False,240,2025,target,2025 | Checking or savings account,https://www.consumerfinance.gov/data-research/consumer-complaints/search/api/v1/11342270
11342310,"Subject : Dispute and Demand for Investigation of Consumer Report Regarding : XXXX XXXX NOTICE OF DISPUTE I advise you to read this ENTIRE LETTER. Disregarding information in this letter means that you can be subject to a {$5000.00} XXXX and/or litigation for not reserving my rights under U.C.C. 1-308.4 ( I am reserving my rights under U.C.C. 1-308.4 not to be compelled to perform under any contract or commercial agreement that I did not enter KNOWINGLY, VOLUNTARILY, AND INTENTIALLY. I do not accept the liability of any compelled benet or lack thereof, or any unrevealed contact or commercial agreement. I have a right to sue you under the Common Law for violating my rights under the UCC. ) Claim : Illegal, Non-Consent, No Permissible Purpose and Inaccurate Reporting of Consumer Reporting Agency of ACCOUNT VERIFICATION WITHOUT PROPER DOCUMENTATION PURSUANT TO FCRA Section 609 ( a ) ( 1 ) ( A ) & Section 611 ( a ) ( 1 ) ( A ) ; No written communication was given to consumer and no written instructions was given by the consumer to report to a third-party consumer reporting agency ; Pursuant to Title 15 U.S. Code 1681b ( a ) ( 2 ) ; Request documentation showing where I signed a contract with your company KNOWINGLY, WILLINGLY AND INTENTIONALLY pursuant U.C.C. 1-308.4 ; Request documentation where I relinquished my rights pursuant U.C.C. 1-308.4 and gave your company permission to report adverse information bearing my name. 
NOTICE : THE GOVERNING LAW OF THIS BINDING NON-NEGOTIABLE CLAIM IS PRIVATE INTERNATIONAL LAW AND IS FOR THE PURPOSES OF ESTABLISHING LAWFUL STATUS & REMEDY, AND IS NOT INTENDED TO THREATEN, HARASS, HINDER OR OBSTRUCT ANY LAWFUL OPERATIONS ; Dear ChexSystem This letter serves as a formal dispute regarding adverse information present in my consumer report with Chex Systems. I hereby demand a thorough investigation in accordance with the Fair Credit Reporting Act ( FCRA ) and other applicable consumer protection laws. 
Claim Overview : I dispute any negative items related to the following account Department Of Corrections Account Number : XXXX I dispute unauthorized inquires XXXX XXXX Bank Date : XX/XX/XXXX XXXX XXXX XXXX  Date : XX/XX/XXXX Request for Validation and Supporting Documentation : In compliance with FCRA Section 609 ( a ) ( 1 ) ( A ) and Section 611 ( a ) ( 1 ) ( A ), I request documented proof of the following : 1. Verification of Reporting : Complete details on how and from whom XXXX XXXX XXXX/Chex Systems obtained information about my character, general reputation, personal characteristics, or mode of living. 
XXXX. Consent Documentation : Evidence demonstrating my consent for the release of such information, including any signed agreements where I willingly and knowingly authorized this reporting.

3. Disclosure of Methods : An outline of the methods used to verify the accuracy of reported information as per FCRA requirements.

4. Certified Documents : Copies of any communications, contracts, or agreements that bear my verified signature and demonstrate my consent.

5. Proof of Permissible Purpose : Details of compliance with 15 U.S.C. 1681b ( a ) ( 2 ), which mandates proper consent for reports shared with third parties.

U.C.C. 1-308.4 Rights Reserved : I am preserving my rights under U.C.C. 1-308.4 not to be compelled to perform under any contract I did not enter into knowingly, voluntarily, and intentionally. I do not accept any liability for any benefits derived or presumed under such contracts.

Cease and Desist : Pursuant to 15 U.S.C. 1681b and applicable provisions under the Fair Debt Collection Practices Act, you are hereby notified to cease and desist from any reporting activities until my dispute has been resolved. Contact with me is limited to written communication sent by mail only. 
Criminal Liability and Notice : This letter serves as notice of potential violations under 18 U.S.C. 2071 ( Falsifying Records ), 18 U.S.C. 471, 472, 473 ( Forgery and Counterfeiting ), and potential RICO Act violations ( 18 U.S.C. 1961 et seq. ). Non-compliance may be considered tacit agreement to these violations and can subject your organization to legal action.

Failure to respond with complete and verified documentation within 30 days of receipt of this letter will be considered default and tacit agreement of inaccurate reporting. Your failure to comply will result in the removal of all negative information and may subject your organization to litigation and statutory damages up to {$5000.00} per violation. 
NOTICE : Any use of statutes, codes, or references herein is for your guidance only and does not imply my submission to any jurisdiction not willingly and knowingly entered.",Checking or savings account,Opening an account,2025-01-01T23:33:17.000Z,Web,5c3a9bf58fbd,False,770,2025,target,2025 | Checking or savings account,https://www.consumerfinance.gov/data-research/consumer-complaints/search/api/v1/11342310
11341775,The number provided is not the number to this company. I've tried reaching them for over a year,Vehicle loan or lease,Repossession,2025-01-02T00:42:54.000Z,Web,743b90f6672e,False,18,2025,target,2025 | Vehicle loan or lease,https://www.consumerfinance.gov/data-research/consumer-complaints/search/api/v1/11341775
11341456,My student loans are held through XXXX. Interest is accruing on my federal student loans during this time of forbearance while the XXXX plans legitimacy is being discussed in the courts.,Student loan,Dealing with your lender or servicer,2025-01-02T01:20:10.000Z,Web,f8aae7d91609,False,31,2025,target,2025 | Student loan,https://www.consumerfinance.gov/data-research/consumer-complaints/search/api/v1/11341456
11340507,"Hi, i paid off the loan in full in XXXX XXXX. I tried to get an loan on my property the bank told me still have mortgage on the it. I went to county of XXXX XXXX still shows the loan has not paid off.",Mortgage,Closing on a mortgage,2025-01-02T02:35:00.000Z,Web,23880197eb8d,False,45,2025,target,2025 | Mortgage,https://www.consumerfinance.gov/data-research/consumer-complaints/search/api/v1/11340507
11340784,"On XX/XX/year>, I spoke with XXXX XXXX of America Heritage Lending about a cash-out refinance for one of my properties. On XX/XX/year>, I spoke with XXXX XXXX of America Heritage Lending about a cash-out refinance for another property. The property discussed with XXXX XXXX was assigned the loan number XXXX. The property discussed with XXXX XXXX was assigned the loan number XXXX. 

Both properties were assigned to XXXX XXXX XXXX of XXXX XXXX XXXX, XXXX, PA XXXX for appraisal. XXXX XXXX XXXX sent out one of their Appraisers named XXXX XXXX to complete both appraisals. On XX/XX/year>, I received the appraisal report for loan number XXXX. I could not believe it when I found out the property was appraised for {$400000.00}! We bought this property in XX/XX/year>, and it was appraised for {$390000.00} before repairs and upgrades. 

I called XXXX XXXX to express my disbelief. I also emailed XXXX and XXXX XXXX XXXX on XX/XX/year> to let them know I did not agree with the {$400000.00} valuation. I informed XXXX that I am a licensed Realtor as well as a real estate investor, and I knew the propertys value should be about {$420000.00}. XXXX did not appear interested in my concerns. XXXX XXXX told me to send three properties to support my estimate of {$420000.00}. 

On XX/XX/year> I sent five comparables to XXXX and he sent me an email on the same date to confirm that he received the comparables. On XX/XX/year>, I emailed XXXX to ask if he had any updates, but he did not respond. Again on XX/XX/year>, I emailed XXXX to follow up with the comparables but he did not respond. What a way to treat a customer. 

On XX/XX/year>, I received the appraisal report for loan number XXXX. To my disbelief again, the property was undervalued! This property was appraised for {$290000.00} but I believe the value to be around {$350000.00}. I called XXXX XXXX to express my concerns. XXXX was very professional and courteous. He encouraged me to email three comparables to support my estimate. On XX/XX/year>, I emailed six comparables to XXXX. On XX/XX/year>, I emailed XXXX again for updates. XXXX sent me an updated appraisal report where XXXX XXXX stated that opinion of market value remains at {$290000.00}. While XXXX was supportive, I informed him t

hat I was going to go through another lender to order another appraisal for me. I applied for a cash-out refinance for loan number XXXX through another lender on XX/XX/year>. On XX/XX/year>, the new lender informed me that the property was appraised for {$350000.00}. I did the closing on XX/XX/year>.",Mortgage,Applying for a mortgage or refinancing an existing mortgage,2025-01-02T03:04:48.000Z,Web,5f59cfa73a3f,False,433,2025,target,2025 | Mortgage,https://www.consumerfinance.gov/data-research/consumer-complaints/search/api/v1/11340784
11358049,I was a victim of identity theft there were several checking and saving accounts opened without my consent. Im requesting to have these accounts removed and blocked from XXXX XXXX,Checking or savings account,Opening an account,2025-01-02T04:47:43.000Z,Web,53e5c5370046,False,30,2025,target,2025 | Checking or savings account,https://www.consumerfinance.gov/data-research/consumer-complaints/search/api/v1/11358049
11339473,"On XX/XX/year>, WELLS FARGO charged my account with a {$490.00} payment that I had explicitly dis-authorized. I received a note from the bank on XX/XX/XXXX saying that the bank had declined the transaction as a fraud. Even though, they later made the payment. 
Then, they refused to reimburse my account despite my several complaints. 
I am explaining everything in detail in the attached letter and documents.",Checking or savings account,Problem with a lender or other company charging your account,2025-01-02T06:25:54.000Z,Web,5e50ad838873,False,66,2025,target,2025 | Checking or savings account,https://www.consumerfinance.gov/data-research/consumer-complaints/search/api/v1/11339473
11354225,"I have multiple accounts with chase. On XX/XX/year> Chase decided to "" end there relationship '' with me but advised because of terms and conditions I signed while opening up account- they allegedly are not required to tell me why they ended my relationship. 

After being on the phone from XXXX XX/XX/year> until I gave up around XXXX same day because no one would help me and being told repeatedly the next person could help me when in fact they couldn't. 

I was told all my accounts were closed and I would not be Able to bank with chase in the future. The following week I received a notice in the mail telling me there was fraud on my account and to "" safeguard '' my account the notice advised it had been temporarily frozen until I provide the bank with additional information- I called back AGAIN to be told to disregard the notice - that even though the notice said call in with more information to gain access to my account back that that was not in fact true and I can not access my account. When asked why the notice said other wise was told "" im not sure but were still looking into it '' So the bank says my account is closed by the notice says other wise. Odd right? 

I was able to get from a rep the reason why my accounts were "" closed '' was being chase NEVER able to verify my identity. Ive had my accounts for 2 years and went into the branch every 3 months to renew accounts opened up multiple accounts in the branch over the span of 2 years but they were never Able to verify my identity. So I was told my accounts were sent to fraud and they made the decision to close my accounts. 

Ive worked in banks for 7 years im not new to protocol however my accounts are not closed they are very much active just frozen because I keep getting checking account alerts from chase and have yet to receive any closing documentations. 

I need access to my accounts so I can pay my credit cards unless chase does not wish for payment on those and the funds from my brokerage account back. Its coming up on 3 weeks and still nothing back from the bank besides a notice I was told to disregard??????",Checking or savings account,Closing an account,2025-01-02T15:00:45.000Z,Web,8ce34eaf5b0a,False,402,2025,target,2025 | Checking or savings account,https://www.consumerfinance.gov/data-research/consumer-complaints/search/api/v1/11354225
11356539,"Dear Consumer Financial Protection Bureau, I am writing to formally file a complaint against Navient Loan Services regarding their denial of my application for the discharge of private student loans associated with XXXX XXXX XXXX XXXX. Despite providing comprehensive evidence of institutional misconduct and its significant financial harm, Navient declined my request without offering any explanation or reason for the denial. 

Background I submitted my application to Navient requesting : Full cancellation of private student loans related to XXXX XXXX XXXX XXXX XXXX 
A refund of all payments made on these loans, including those for loans paid in full. 
My application included detailed documentation, supported by my approved Borrower Defense claim, outlining Chamberlains systemic misrepresentation of the necessity of a XXXX XXXX XXXXXXXX XXXX XXXXXXXX ( XXXX ) degree and their refusal to allow credit transfers, which caused me severe financial harm. 

Navients Response Navient issued a denial of my request without addressing the evidence presented or providing a rationale for their decision. This lack of transparency undermines my right as a borrower to have my concerns reviewed fairly and in good faith. 

Supporting Evidence of Misconduct XXXX XXXX XXXX XXXX engaged in practices that align with those of other institutions recently found guilty of similar misconduct. These include : Misrepresentation of the necessity of a XXXX XXXX  for employment. 
Denial of credit transfers to other institutions, leading to repeated coursework and increased educational expenses. 
A focus on enrollment and tuition revenue over student outcomes. 
These practices significantly inflated my debt burden, delayed my career progression, and caused ongoing financial instability, as detailed in my application and supporting exhibits. 

Request for CFPB Assistance I request the CFPB to : Investigate Navients handling of my application for loan discharge. 
Ensure that Navient provides a detailed explanation of their decision to deny my request. 
Review my application and supporting evidence to determine if Navient has acted inappropriately in denying my request for discharge and reimbursement. 
Impact on My Financial Stability The burden of these private student loans has had a lasting impact on my financial health and quality of life. Despite progressing in my career, the compounded debt resulting from XXXX actions continues to strain my finances. 

I believe Navients lack of a clear and fair review process, along with their refusal to address the institutional misconduct presented, warrants further investigation. I am attaching my original application and supporting documents for your review. 

Thank you for your attention to this matter. Please feel free to contact me if additional information is required.",Student loan,Dealing with your lender or servicer,2025-01-02T16:11:22.000Z,Web,41f57c00780c,False,420,2025,target,2025 | Student loan,https://www.consumerfinance.gov/data-research/consumer-complaints/search/api/v1/11356539
11356749,I was a victim of a on line scam.I provided proof of this and XXXX XXXX have FRAUDULENTLY placed suspected fraud in my file ..This is False and illegal. I Abe not committed any fraud and I want this removed from my consumer file .It has prevented me from banking with any institution based on this FRAUDULENT INFORMATION.,Checking or savings account,Opening an account,2025-01-02T16:24:50.000Z,Web,a38940cafeb7,False,58,2025,target,2025 | Checking or savings account,https://www.consumerfinance.gov/data-research/consumer-complaints/search/api/v1/11356749
11356009,"To Whom It May Concern, My name is XXXX XXXX, and my wife and I proudly own and operate XXXX XXXX XXXX XXXX  a business built on hard work, dedication, and integrity. For two years, we have trusted Citizens Bank with our business banking needs, processing over {$100000.00} in transactions and maintaining a consistent and reliable account history. 

However, over the past three to four months, I have experienced what I believe to be unjust and excessive overdraft fees applied to our account. These fees often occur despite funds being available, including during periods when no transactions are taking place, such as weekends. After numerous visits to the bank and phone calls seeking clarity, I remain without a satisfactory explanation or resolution. 

This situation has caused significant frustration and financial strain, and I can no longer overlook what appears to be a pattern of questionable practices. I approach this matter with respect but also with an expectation that my concerns will be taken seriously. As a XXXX XXXX XXXX XXXX I am no stranger to working hard and advocating for fair treatment, and I demand the same level of respect and transparency that I extend to others.",Checking or savings account,Problem caused by your funds being low,2025-01-02T16:37:45.000Z,Web,43d5a7576bea,False,197,2025,target,2025 | Checking or savings account,https://www.consumerfinance.gov/data-research/consumer-complaints/search/api/v1/11356009
11356607,"This is regarding my mortgage with Wells Fargo On XXXX XXXX, I was first notified by Wells Fargo XXXX XXXX home insurance has expired and I need to provide proof of insurance. I immediately went ahead and bought a home insurance and sent the details to Wells Fargo ( In less than XXXX  days ). Turns out my past insurance with XXXX was set up for payment by the lender ( XXXX confirmed the same ) and WellsForgo did not make any payment in XX/XX/XXXX, leading to lapse of my insurance. I was not intimated about the lapse of insurance by XXXX or by WellsFargo. A year later, finally I was made aware of the issue, and I rectified it asap. 

On XXXX, I received an additional notice from WellsFargo informing me that my account may be charged {$6700.00} - "" insurance charge ''. I called customer service and was informed that WellsFargo did not buy any insurance on my behalf. When I asked for the basis of this amount, the representative had no explanation. Initially she said I have no escrow account. Eventually she confirmed that I have an escrow account but that only pays property tax. When I asked why I was not notified about the lapse when it happened, she had no explanation. 

I emailed XXXX and XXXX on XXXX XXXX and then again on XXXX XXXX, but received no response. 

On XXXX I received another notice from Wells Fargo stating that they are fine with the new insurance but are unable to verify coverage from XX/XX/XXXX to XX/XX/XXXX. Letter also stated that "" we will charge you for insurance we plan to buy for XX/XX/XXXX to XX/XX/XXXX ''. 

I am not sure how you can buy back-dated insurance. I was not sent any proof of insurance and on XXXX, I received another notice that "" we have cancelled the hazard policy we obtained on your behalf effective XX/XX/XXXX ''. Interestingly you not just purchased an insurance policy on a backdated basis, but also cancelled it on a backdated basis. 

Overall, it turns out, for no fault of mine, my home was uninsured for a year. This was unintentional. I completely understand that I am required to carry home insurance at all times. In this case, WellsFargo did not notify me in a timely manner ( a year late ) and did not buy any insurance on my behalf. So, this amount that WellsFargo is charging me of {$6700.00} seems arbitrary and exorbitant - my annual home insurance rate is ~ {$1100.00}. 

I would kindly request you for a full refund of {$6700.00}. Please do not try to make an arbitrary profit from a loyal customer who has never defaulted or had any foot fault. Also claiming that you bought insurance for an historical period, for which I get no benefit, and you probably make a handsome commission seems like a pretty shady practice.",Mortgage,Trouble during payment process,2025-01-02T16:41:40.000Z,Web,4cac5b35d313,False,487,2025,target,2025 | Mortgage,https://www.consumerfinance.gov/data-research/consumer-complaints/search/api/v1/11356607
11355596,On XXXX XXXX I bought a XXXX XXXX  from a company call XXXX XXXX on the day I bought it I had problems with it first the seat on the drive side was supposed to been fix but it never happens then my engine light came on I what back to them the same day and told them and nothing happens then I ask them can I get a trade In they said no XXXX I spent {$600.00} out of my pocket when I did not have it for a rental car that they supposedly reimburse back to me it never happened. Then they told me to get in touch with a company call XXXX XXXX am on a fix income and can afford to get this car fix where I can get my XXXX XXXX back and forth to XXXX and it hard XXXX  me get another vehicle so can I get some help thanks,Vehicle loan or lease,Getting a loan or lease,2025-01-02T17:28:16.000Z,Web,e7f5e1e25f13,False,156,2025,target,2025 | Vehicle loan or lease,https://www.consumerfinance.gov/data-research/consumer-complaints/search/api/v1/11355596
11355326,"The banks overdraft fees are abusive, in one case they charged me {$35.00} overdraft fee because of a {$1.00} transaction from XXXX. I contacted them, and was transferred to their collections department, and was given the option of paying or having my credit resumed.",Checking or savings account,Problem caused by your funds being low,2025-01-02T17:36:39.000Z,Web,deee34febbef,False,44,2025,target,2025 | Checking or savings account,https://www.consumerfinance.gov/data-research/consumer-complaints/search/api/v1/11355326
11352663,We have been paying into an escrow account but are taxes are XXXX yrs behind the mortgage company charges us every month for escrow account but they have not paid the taxes for XXXX yrs now,Mortgage,Trouble during payment process,2025-01-02T19:07:26.000Z,Web,81f04cb0e303,False,36,2025,target,2025 | Mortgage,https://www.consumerfinance.gov/data-research/consumer-complaints/search/api/v1/11352663
11350425,"US Bank has knowingly provided the financial backing to bad actors in the mortgage business ( like XXXX and XXXX ) and has been enabling those financial institutions to take advantage of consumers. 

US Bank has also gained an exceptionally large profit over the last four years by allowing those financial institutions to exploit the favorable housing market conditions and force consumers into delinquency, default, and foreclosure. 

US Bank is aware of the history of these morally dubious financial institution, but they chose to pursue profits over human decency.",Mortgage,Trouble during payment process,2025-01-02T19:57:15.000Z,Web,54a2d442a44a,False,89,2025,target,2025 | Mortgage,https://www.consumerfinance.gov/data-research/consumer-complaints/search/api/v1/11350425
11348693,"A duplicate auto-payment was taken out on XX/XX/year> when I had already been charged on XX/XX/year>. I spoke with MOHELA on XX/XX/year> and was told this was an accident on their end, which would be refunded. I was told it would take up to 90 days to receive this refund. It's now been 174 days and the refund has not yet been processed. I've spoken with MOHELA 7 times since then, including today, for which I was on hold for XXXX hours without resolution. After speaking with XXXX different individuals today, I was told they needed to transfer me to a second supervisor and then was disconnected.",Student loan,Dealing with your lender or servicer,2025-01-02T22:59:50.000Z,Web,69111b665145,False,107,2025,target,2025 | Student loan,https://www.consumerfinance.gov/data-research/consumer-complaints/search/api/v1/11348693
11347465,"Mohela Issues and Correspondence Notes 
Notes Recorded by Borrower
Timeframe of issues recorded: XXXX XXXX XXXX  XXXX XXXX

Call automation states: XXXX XXXX XXXX XXXX is best time to call, XXXX
Ive tried calling on those days/times. It doesnt help.

XXXX XXXXXXXX is my current payment. Calling to make sure I am good to go once XXXX nationwide XXXX payments are over
XXXX  helped me today - XXXX. Is what she submitted for approval. She said with this new SAVE plan, I can pay less. She said if XXXX is not approved Ill pay XXXX until XXXX resubmission is needed XXXX 
Letter approval of SAVE plan, payment amount XXXX. WHAT!

XXXX
Called and spoke with agent XXXX 
She said she requested with processing department to put me back on Pay as you Earn plan with XXXX payment. Will take XXXX XXXX XXXX to process. I should know by XXXX XXXX XXXX. Check online or call. 

If that doesnt go through, I can amend XXXX taxes to married separately status for lower payment oXXXX XXXX OR go onto general forbearance until we do XXXX taxes as separate. Payments will not be made towards PSLF if on forbearance. I have XXXX XXXX of forbearance. Ugh. This is so frustrating. If I didnt call to make sure everything was okay on XXXX then I wouldnt have this issue. XXXX XXXX  said it will be processed by end of week XXXXXXXX 
Forebearance letter in mail

XXXX
2 emails about correspondence delay and to check inbox - nothing is there. I have to call again. This is nuts. XXXX and XXXX XXXXo request Im put back on PAYE because save plan is a no 

Both representatives said they would process in XXXX XXXX XXXX 
ITS ALMOST XXXX XXXX
Called to ask about processing of IDR
she said her supervisor said it would be processed before my first payment date XXXX XXXX  will be first payment due 

Called Again - she said it wont be processed in time so I need to stay on forrbeaanxe 

Called again on XXXX 
SHE SAID MY PENDING IDR PLAN WILL NEVER BE PROCESSED OR WORKED ON EVEN THOUGH ITS BEEN PROCESSING ON MY ACCOUNT SINCE XXXX AND EVERY PERSON I TALK TO SAYS JUST WAIT THERES AN INCREASE IN CALLS AND APPLICTONS SO EVERTBING IS TAKING LONGER 
*child screaming in background throughout this XXXX XXXX XXXX XXXX min call 
What I qualify for today- Save plan XXXX dollars 
What I would qualify for if I filed taxes separately Pay as you earn plan XXXX
Sent me to supervisor to see if they can get me Changed back to the pay as you earn plan I was on XXXX 
Another call -XXXX XXXX  do I have free access to that I income,  
Do we share or keep it separate)
SAY NO about spouses income question XXXX
Sent by message system on mohela while waiting for help on the phone for XXXX XXXX: XXXX  
*also submitted with federal student aid gov website complaint form 
I have a confirmation number of my payment on XXXX, yet when I call it says my account is XXXX XXXX in delinquency. 
What is going on? 
I messaged a XXXX XXXX ago and have not received any correspondence. 
I am on the phone now, Ive been on for XXXX XXXX waiting for someone to pick up the phone 
Is there a direct line I can call so that I dont have to sit through XXXX XXXX of automated messages each time. 
I am a teacher and Im now to the point where I will need to put in for a substitute to get help (yet again) for mistakes with Mohelas system or whatever may be going on. 
Please help. 
I do not want my credit to be penalized because something is wrong with Mohelas system and also there is not enough people working at Mohela to support. 

The lack of support from Mohela makes me extremely frustrated, depressed and have anxiety. 
PLEASE get back to me. This is RIDICULOUS. 

My payment was set in XXXX XXXX XXXXXXXX  by the way, and because someones error on your part, my payment was increased by XXXX  Then in order to fix it, I had to put my account in forbearance and lose out on a qualifying payment for PSLF. There is no other word to describe all of this other than INSANITY. Now things are set back to normal and my payments arent even going though and Im XXXX XXXX in delinquency. This is a joke right? XXXX  - called again. Waiting for someone the entire commute to work again. Sitting in parking lot and someone finally answered
XXXX (said hes in training) 
Picked up after XXXX XXXX 
Regarding my question on why my payment didnt go through and why Im in delinquency when I have a confirmation number, he said theres no confirmation number that he has but he did say the following:
He said: There are issues with Mohelas system and isnt unable to processed the payment. In order for it to be processed or resolved it needs to be looked at by an advanced worker. 
XXXX XXXX XXXX  was refunded? Why? He says payment was returned 
Unfortunately I cannot call later to an advanced worker 

XXXX  XXXX XXXX XXXX  
After XXXX XXXX and XXXX XXXX I was finally done with automated messages and transferred to a customer service rep 
System said my wait time was now XXXX XXXX Wth.

XXXX XXXX XXXX XXXX XXXX XXXX XXXX XXXX  when XXXX  was hired
Tried to post payment, XXXX  the payment didnt go through
XXXX sent mailed letter to tell me
XXXX XXXX - no negative credit reporting happening
Said to make sure I input bank acct numbers correctly (although letter says bank returned payment?) what,
Pay before XXXX or payment doesnt count 
Said she cant send ne a letter electronically
Put me on hold and said she could
Waiting for supervisor 
Supervisor working with XXXX XXXX XXXX XXXX XXXX  She said she cannot send me to a supervisor, they will call me back by end of business day or next business day
I said Ill wait until someone is available sent me to call back because I said I want to wait for a supervisor to call me back so she didnt send me to someone who can help me XXXX XXXX wasted
No supervisor called me back XXXX XXXXXXXX - Today I received the same letter in my Mohela Message Inbox from XXXXXXXX 
..Payment Has Been Reversed From Account: Please be advised your financial institution returned your payment effective XXXX, in the amount of XXXX. The payment has been reversed from your account for the following reason and your account may now be delinquent:..... XXXX XXXX XXXX XXXX XXXX
Body:MOHELA's Response:
Dear ________,
Please accept our sincere apologies for the long hold times. We value your feedback, as we understand how important it is to offer exceptional service. We have experienced significantly heightened demand recently, and we understand that this has made it difficult to connect with our specialists to discuss your concerns. We are working diligently to provide an improved experience for all student loan borrowers moving forward.

The most recent payment has been reversed from the account. Please be advised your financial institution returned your payment effective XXXX XXXX XXXX , in the amount of XXXX. The payment has been reversed from your account for the following reason and your account may now be delinquent: NO ACCOUNT / UNABLE TO LOCATE. We recommend reviewing the payment information that was entered. This error message is not to be confused with an insufficient funds message indicating that there is not enough funds in the account for payment. The unable to locate error means we were not able to locate your financial institution.

The last payment(s) of XXXX was received on XXXX XXXX XXXX and XXXX XXXX XXXX. Your next payment of XXXX will be due on XXXX XXXX XXXX XXXX XXXX XXXX XXXX, the U.S. Department of Education (ED) announced several changes and updates that will bring borrowers closer to forgiveness under income-driven repayment (IDR) plans. These adjustments to accounts include conducting a one-time revision of IDR payment counters to address past inaccuracies and permanently fix IDR payment counting by reforming EDs IDR tracking procedures going forward.
 
Based on the newly eligible months from the one-time account adjustment, borrowers who have reached 240 or 300 months (as applicable) worth of payments for IDR forgiveness or 120 months of PSLF will begin to see their loans forgiven in XXXX. The Department will continue to discharge loans as borrowers reach the months needed for forgiveness. All other borrowers will see their accounts update in XXXX.

More information on these upcoming changes is available at: https://studentaid.gov/announcements-events/idr-account-adjustment.
 
If you have any other questions or concerns, please contact us at the number listed below.
 
Sincerely,
 XXXX XXXX XXXX XXXX XXXX XXXX XXXX XXXX XXXX XXXX XXXX XXXX XXXX XXXX XXXX XXXX XXXX XXXX XXXX XXXX XXXX XXXX XXXX XXXX XXXX XXXX XXXX XXXX XXXX XXXX XXXX XXXX XXXX XXXX XXXX XXXX XXXX XXXX XXXX XXXX    Secure Form Submission This message, from a debt collector, is an attempt to collect a debt and any information obtained will be used for that purpose.XXXX XXXX If you are struggling with your student loans, please fill out the form located at: XXXXXXXXt to get help from the XXXX XXXX XXXX XXXX XXXX XXXX XXXX: The state Rosenthal Fair Debt Collection Practices Act and the federal Fair Debt Collection Practices Act require that, except under unusual circumstances, collectors may not contact you before 8 a.m. or after 9 p.m.  They may not harass you by using threats of violence or arrest or by using obscene language.  Collectors may not use false or misleading statements or call you at work if they know or have reason to know that you may not receive personal calls at work.  For the most part, collectors may not tell another person, other than your attorney or spouse, about your debt.  Collectors may contact another person to confirm your location or enforce a judgment.  For more information about debt collection activities, you may contact the Federal Trade Commission at XXXX  or www.ftc.gov. XXXX  I received a letter from MOHELA stating:
Your student loans are in a forbearance. On XXXX XXXX XXXX, a federal court issued a stay preventing the Department of Education (ED)from operating the Saving on a Valuable Education (SAVE) Plan. As a result of this ruling, ED has directed MOHELA to put your account into a forbearance. You can find more information at StudentAid.gov/saveaction.


What does this mean for me?
While you are in this forbearance no payment is required on your account and your interest rate will be set to 0%. This means no interest will accrue while you are in the
Forbearance. You will not receive credit toward IDR forgiveness and Public Service Loan Forgiveness (PSLF) for the month(s) covered by the forbearance. If you made or make a payment for the month(s) you are in the forbearance, the amounts paid will go toward satisfying your future payment(s). We will notify you before the forbearance comes to an end. We do not currently have a time estimate. We will then send you your next monthly billing statement at least 21 days before your next monthly payment is due
At this point I was ill. After all the issues I went through to get my payments set up to now not being able to pay them.. So incredibly infuriating. They are my loans and Ive been enrolled in PSLF for years! I should be able to continue paying under the PSLF qualifying plan! 


XXXX  I contacted MOHELA again, because it had been 4 months since I was put on administrative forbearance after FINALLY getting my payment plan ready to go with the new SAVE plan:  
FROM MOHELA:
Thank you for contacting MOHELA,
Although the General Forbearance for borrowers enrolled in SAVE does not count toward PSLF, there are currently two ways borrowers may be able to receive PSLF credit. Borrowers should review these two options closely before taking any action.
1) Buy Back Credit: Some borrowers may be eligible to buy back months of PSLF credit for time spent in forbearance as a result of the courts injunction. Borrowers with 120 months of eligible employment can buy back (make payments to cover) past months that were not counted as qualifying payments because the borrower was in an ineligible deferment or forbearance status. Borrowers must submit a buyback request and make an extra payment of at least as much as what they would have owed under an income-driven repayment (IDR) plan during the months they are trying to buy back.
Borrowers can buy back these months only if:
- they still have an outstanding balance on their loan(s),
- they have approved qualifying employment for these same months, and
- buying back these months will complete their total of 120 qualifying PSLF payments.


This is a new process that ED began making available XXXX XXXXXXXX Learn about eligibility and how to buy back months by visiting XXXXXXXX Note: Borrowers who have consolidation loans can buy back months only on the current consolidation loan. These borrowers cant buy back months from the loans included in the consolidation loan or for any period prior to the first disbursement date of a consolidation loan.


2) Enroll in a different PSLF-eligible repayment plan: Borrowers can apply to enroll in a different PSLF-eligible repayment plan. We encourage borrowers to look at the specific terms of each plan to make the best choice for their individual situation. See above for more information. Different IDR plans may require higher monthly payments than the SAVE Plan does, andin the case of some IDR plansborrowers who later leave them may face interest capitalization (where unpaid interest is added to the principal balance). However, payments made under these IDR plans will count toward forgiveness under IDR and PSLF.Borrowers should expect a lengthy delay in the processing of applications. Further communication will be provided as this develops.


Additional details pertaining to the impacts of this stay will be provided as they become available. You may also visit XXXXXXXX and XXXXXXXX for updates.


If you have any additional questions, please contact us toll free at XXXX. Our hours are XXXX XXXX XXXXXXXX XXXX XXXX XXXX XXXX XXXX XXXX XXXX XXXX XXXX XXXX XXXX XXXX XXXX XXXX XXXX XXXXXXXX XXXX XXXX XXXXXXXX XXXX.


Thank you,
MOHELA


Original message from me to MOHELA:


Greetings, 
I would like to make qualifying payments for PSLF again. When can I do this? Its been XXXX XXXX! 
This is crazy. Im currently on the phone, XXXX XXXX and counting on hold to speak to someone who can assist me. 
Please get back to me soon. 


Thank you, 
__________


XXXX
I received a letter from MOHELA stating interest would continue to accrue on my loans during the administrative forbearance period.  
This is what the letter states: 
BORROWER:
Loan Update:
In an effort to keep you updated on your federal loan(s), we have enclosed details about your loan(s), including the accrued interest, interest rate, and total balance. The loan(s) listed in this letter are currently in forbearance. Although no payments are due at this time, interest continues to accrue on your loan(s) during the forbearance period. You have the option to pay the interest during forbearance. XXXX
I went online to review the latest letter from MOHELA and read about my options. 
I cannot switch to a different qualifying PSLF payment plan because MOHELA and federal student aid states that switching would result in a processing forbearance - so this would put me in the same exact position I am currently in, therefore, its not an option. All information that Ive been given over the years from Mohela representatives via phone or through the website/my messaging about repaying MY OWN student loans is inaccurate or the information is only correct/valid for a few months before it changes again. The ever-changing agreements to my loans and repayment and PSLF causes me an immense amount of stress. It is impacting my mental health and the stress and confusion makes me physically ill. I have to take time off of work XXXX XXXX XXXX XXXX) to call MOHELA because the wait times are so long. 


All the months of administrative forbearance I have been placed on while on the SAVE plan should count towards my PSLF qualifying payments, please switch them from ineligible to eligible. From XXXX XXXX XXXXXXXX, and moving forward, all months that I am still on administrative forbearance should count towards my PSLF qualifying months, too. Since there is no other plan I can apply to without being placed in another processing forbearance (for an unknown amount of time) this is the only fair resolution. Once the above resolutions are in place, I would also like to receive loan terms and PSLF terms that state how many more qualifying payments I need to make to qualify for the final PSLF forgiveness. I would also like to request a date of when my payments of XXXX  will resume.",Student loan,Dealing with your lender or servicer,2025-01-03T01:15:00.000Z,Web,b0abc61d057c,False,2865,2025,target,2025 | Student loan,https://www.consumerfinance.gov/data-research/consumer-complaints/search/api/v1/11347465
11346567,I received a letter from Freedom Mortgage dated XX/XX/XXXX stating that my PMI has been canceled/terminated and that my monthly mortgage payment will be reduced. I waited until XXXX and my payment had still not decreased. So I called them on XX/XX/XXXX and they advise that they show it has been removed and to wait until my XXXX statement. Then I called back on XX/XX/XXXX because once again my statement still shows the same amount due even though my PMI has been removed. I called customer service and they stated that because the amount was under {$50.00} that I would have to wait until XX/XX/XXXX when my escrow is reaccessed to show the new payment amount but that was all he could see. I requested to speaker with the escrow department. I was then transferred twice and hung up on as well. Then I called back and was advised that the escrow department was now closed and I would have to call back yet again. All I want is for my payment to reflect that the PMI has been removed.,Mortgage,Trouble during payment process,2025-01-03T01:24:13.000Z,Web,7203fa50da14,False,180,2025,target,2025 | Mortgage,https://www.consumerfinance.gov/data-research/consumer-complaints/search/api/v1/11346567
11350514,"Dear customer service rep, I am writing to formally express my concerns regarding the discrepancies in the APR for my vehicle loan and potential violations of fair lending practices. On XX/XX/scrub>XXXX XXXX XXXX I visited your dealership to discuss trading in my current vehicle with the expectation that the dealership would pay off the remainder of my car loan. During this process, I was informed that my current APR is 30 %. 

This was both unexpected and alarming, as the contract I signed at the time of purchase explicitly reflected an APR of 28 %. At no point was I informed of any adjustments to the APR, nor was I provided with any explanation regarding this discrepancy. Such practices raise significant concerns about compliance with federal and state lending regulations. 

Under the Truth in Lending Act ( TILA ) ( 15 U.S.C. 1601 ), lenders are required to disclose accurate and complete information about the terms of credit, including the APR. Failure to do so or to provide accurate disclosures may constitute a violation of federal law. Additionally, increasing the APR without proper notification may be considered predatory lending, a practice characterized by deceptive, unfair, or abusive tactics that exploit borrowers.",Vehicle loan or lease,Problems at the end of the loan or lease,2025-01-03T01:32:18.000Z,Web,f9c5c13ddf13,False,201,2025,target,2025 | Vehicle loan or lease,https://www.consumerfinance.gov/data-research/consumer-complaints/search/api/v1/11350514
11361699,I paid off my car loan and was under the impression that I could access a lien release letter while I wait for my title. However after not receiving anything I reached out and was told I could not access a lien release letter until after a certain date. When that date rolled around I still did not receive anything. I then requested that my title be sent priority mail if I was not getting access to a lien release letter. I was told we could do that..then I was told they couldnt after waiting another couple days. It has been a XXXX week battle of trying to get either my title or my lien release. I was told I could receive my lien release letter over their app in 1-2 business days. Its been that amount and I have still not received it. I financed my car for XXXX in 2022 with Ally financing. Ive called them frequently for weeks and have been given conflicting information and gotten nowhere.,Vehicle loan or lease,Problems at the end of the loan or lease,2025-01-03T03:17:00.000Z,Web,ef66b971d6f4,False,170,2025,target,2025 | Vehicle loan or lease,https://www.consumerfinance.gov/data-research/consumer-complaints/search/api/v1/11361699
11361368,I already submitted my complaint in detail with your company by mailing all my documents to your office on XX/XX/year>. Please help me because their negligence in protecting customer thus I lost {$39000.00} through an online scam!!!,Mortgage,Trouble during payment process,2025-01-03T06:53:46.000Z,Web,bfd3a663a0d5,False,37,2025,target,2025 | Mortgage,https://www.consumerfinance.gov/data-research/consumer-complaints/search/api/v1/11361368
11376620,"I have a mortgage with Bank of America. I applied for a loan modification. They confirmed that my submission was complete as of XX/XX/year>. They asked for additional information ( which I gave ) but they noted that 'any foreclosure proceedings will continue as scheduled under the heading "" Important information about your legal protections '' This is contrary to the Minnesota XXXX on foreclosure requirements which require them to stop the foreclosure sale when you file no later then 7 day before the auction sale date. As of today was advised by the lender that my application was still pending but they have not stopped the sale. XXXX XXXX XXXX",Mortgage,Struggling to pay mortgage,2025-01-03T08:39:28.000Z,Web,d248dd11325c,False,111,2025,target,2025 | Mortgage,https://www.consumerfinance.gov/data-research/consumer-complaints/search/api/v1/11376620
11369876,I called to apply for a vehicle refinance and the lady I spoke with was telling me the lowest and the highest amount I would be paying if approved along with gap coverage. I gave her all my information then got a call saying that it was a fraud alert on my credit and they had to verify that it was me with additional information and the gentleman said thank you we will notify you with the decision soon. I got an email today stating that I was denied.,Vehicle loan or lease,Getting a loan or lease,2025-01-03T20:00:47.000Z,Web,0f40dd5243f7,False,89,2025,target,2025 | Vehicle loan or lease,https://www.consumerfinance.gov/data-research/consumer-complaints/search/api/v1/11369876
11369227,"On XXXX separate occasions I have completed the online XXXX enrollment form for my Mohela serviced federal student loans. ( XX/XX/year>, XX/XX/year>, XX/XX/year>, XX/XX/year>, XX/XX/year>, XX/XX/year>, XX/XX/year>, XX/XX/year> ). On each occasion, I received an automated email saying my autopay request would be processed within XXXX business days. On all occasions, I heard nothing else on this request and was not enrolled in autopay. As such, the .25 % interest rate adjustment was not applied to my account, and I must continue to make online payments rather than having the payments automatically withdraw. 

I also used the online inbox feature and requested they process my request on XX/XX/year> and XX/XX/year> with no meaningful responses received.",Student loan,Dealing with your lender or servicer,2025-01-03T20:06:07.000Z,Web,67493c3ce52f,False,115,2025,target,2025 | Student loan,https://www.consumerfinance.gov/data-research/consumer-complaints/search/api/v1/11369227
11366187,"I made a payment to two loans serviced by Mohela back in early XX/XX/XXXX. Only one of the payments was reflected in my account when I checked on XX/XX/XXXX, prompting me to call the company. The representative informed me that they were going to talk to their manager and proceeded to end the call without calling me back. I have a bank payment history of {$14000.00} for the two loans as well as a confirmation email sent by Mohela. 

On XX/XX/XXXX, I called Mohela again and was told that the payment went through and any accrued interest after the day of payment will be removed. However, I did not receive a timeline of when I would expect the payment to reflect on my account. 

On XX/XX/XXXX, after seeing that payment still did not reflect on my account, I called Mohela and was told that I should expect to see the payment reflected within 15-30 days. I was informed that there was an issue within their system and a request was sent. 

It is now XX/XX/XXXX, and I have yet to see any changes made regarding this case.",Student loan,Dealing with your lender or servicer,2025-01-03T22:40:55.000Z,Web,82435cb4ffca,False,187,2025,target,2025 | Student loan,https://www.consumerfinance.gov/data-research/consumer-complaints/search/api/v1/11366187
11365819,"With Mohela have XXXX loans, a Direct Unsubsidized Loan in which my monthly payment is {$21.00}, another Direct Unsubsidized Loan in which my monthly payment is {$130.00}, and a Direct Grad PLUS loan in which my monthly payment is {$270.00}. My total monthly bill is {$430.00} I applied for an IDR Plan Request on XX/XX/XXXX and applied for general forbearance on XX/XX/XXXX. I also uploaded tax and income documents to Mohela on its website. It is now Friday XX/XX/XXXX, and my next loan payment is due on Sunday, XX/XX/XXXX. 

I paid my XXXX bill of {$410.00} on XX/XX/XXXX, and am now going to have to make my XXXX payment before any meaningful update at all on my status from Mohela. In total, I will have been charged {$840.00} in total without any update or assistance. 

I attempted to call more than once so that I could expedite an administrative and/or processing forbearance ( despite requesting one over a month prior ) while my IDR request is still being considered. 

During the first call, the Mohela automated customer service agent couldn't verify my account based on my Social Security number, which I am positive is correct, as I verified more than once. As I had to begin work, I had to give up the attempt at calling. 

The second call was made today, Friday XX/XX/XXXX, the chance at speaking to a human before my next payment was due. My social security number was still unable to be verified, and my account number took XXXX attempts ( once more, I am positive the numbers were correct ). After finally getting past this stage, I was placed on hold for around 2 hours until the company 's business hours were up. 

In summary, I applied for forbearance as I requested an IDR. Over a month later, I have received no meaningful update, and will be forced to make a second payment, leading my total to be over {$800.00}. All attempts to reach Mohela customer service via phone were futile through no fault of my own, but rather the company 's mismanagement of Hold Times and automated systems. I am in a financial situation where paying this amount of money would compromise my financial well being in a crucial way.",Student loan,Struggling to repay your loan,2025-01-03T23:45:54.000Z,Web,da43b645962a,False,376,2025,target,2025 | Student loan,https://www.consumerfinance.gov/data-research/consumer-complaints/search/api/v1/11365819
11364408,"As instructed, I applied to SAVE and consolidated my loans as instructed for my XXXX, of which I have XXXX payments. I had done this back in XXXX of 2024 as well as submitted employment verification. I have heard nothing in terms of the status of my consolidation, payment count. They clearly consolidated my loans... but then put me on a regular payment plan without permission, I was previously on XXXX before consolidation. This means when they did that, I no longer was qualifying payments for XXXX. Since then ( XXXX ), I have not been able to get any type of update or status. I even requested buy back as I feel I've already hit 120 months if they were to update my payment counts. Mohela is my servicer, so I've bounced between the XXXX  and Mohela this entire time, both of them pointing the finger at each other.",Student loan,Struggling to repay your loan,2025-01-04T02:29:53.000Z,Web,4de9699fba13,False,150,2025,target,2025 | Student loan,https://www.consumerfinance.gov/data-research/consumer-complaints/search/api/v1/11364408
11363263,"I am currently waiting as I have made XXXX payments of the required XXXX payments for student loan forgiveness. I was advised to switch to the XXXX plan which I did and this is now on hold due to the pending lawsuit. I put in a request to change off of XXXX back in XXXX and it shows as still pending despite faxing the information to my provider as asked to. I have certified my employment to show I have worked the 120 months and have submitted buy back requests since XXXX, which was my final month. I have called multiple times and have been simply told to wait. I have also submitted another request to start repaying in XXXX to at least continue with my student loan forgiveness payments and that simple says pending too. I am hoping for some type of relief to finally pay off my loans and qualify for the program I agreed to and have completed.",Student loan,Dealing with your lender or servicer,2025-01-04T02:59:23.000Z,Web,18198d620434,False,161,2025,target,2025 | Student loan,https://www.consumerfinance.gov/data-research/consumer-complaints/search/api/v1/11363263
18345623,Promised certain things from XXXX and XXXX XXXX and never received it after graduation. Job placement after graduation is the first and most important promise that was made. Just had XXXX of my grandchildren placed in my home and will never be able to pay off,Student loan,Struggling to repay your loan,2025-12-29T18:00:09.000Z,Web,2b3eb74ad7fe,False,46,2025,target,2025 | Student loan,https://www.consumerfinance.gov/data-research/consumer-complaints/search/api/v1/18345623
18346112,"So multiple student loans were taken out in my name from the Department of Education. one for {$3500.00} and another for {$6000.00}. I called the fraud hotline from the DoE 's website and tried every single prompt they had just to no get ahold of anybody. The prompts simply say that you don't have "" permission '' to call those lines and then it hangs up. One of the prompts even said that it was for if someone took out a student loan in your name, which is exactly what I need but it doesn't matter if the line won't actually connect me to a person that can help. 

I have also Contacted XXXX about putting a credit freeze on my account. I also sent in a written complaint on the DoE 's website but I have not heard back from them whatsoever.",Student loan,Dealing with your lender or servicer,2025-12-29T18:14:02.000Z,Web,cee7b6ba927b,False,143,2025,target,2025 | Student loan,https://www.consumerfinance.gov/data-research/consumer-complaints/search/api/v1/18346112
18347595,"On XX/XX/year>, my student loans were forgiven. There were several loans discharged. Mohela is still showing a loan in the amount of {$66000.00} which was last updated XX/XX/year> after my loans were discharged. I disputed this amount and the result stated "" updated '' and the amount is still there.",Student loan,Incorrect information on your report,2025-12-29T18:53:27.000Z,Web,51327e1eb29e,False,50,2025,target,2025 | Student loan,https://www.consumerfinance.gov/data-research/consumer-complaints/search/api/v1/18347595
18349462,"Iam filing a complaint regarding the transfer of my student loan from XXXX  to Aidvantage. I was not given clear notice or the opportunity to consent to the sharing of my personal and financial information. I believe this may violate my rights under the Privacy Act, FERPA, and the Higher Education Act. I am requesting a full investigation into how my data was shared and am formally requesting that this loan be removed from my account due to the unauthorized transfer and handling of my information.",Student loan,Dealing with your lender or servicer,2025-12-29T20:05:24.000Z,Web,90b87e92a3f4,False,86,2025,target,2025 | Student loan,https://www.consumerfinance.gov/data-research/consumer-complaints/search/api/v1/18349462
18363323,I call the company and they told me im not in risk to repossess and they take my car today,Vehicle loan or lease,Repossession,2025-12-30T06:51:18.000Z,Web,2e7701c49a40,False,20,2025,target,2025 | Vehicle loan or lease,https://www.consumerfinance.gov/data-research/consumer-complaints/search/api/v1/18363323
18368270,"Credit Acceptance was paid in full on XX/XX/year> as part of an auto refinance. I am located in XXXX XXXX DC. 

The electronic lien release has been completed, but I am still owed a refund of {$1200.00} related to the payoff of the loan. 

As of today, the refund has not been issued, and I have not been provided with a payment date, check number, ACH confirmation, or tracking information despite contacting Credit Acceptance.

I am requesting prompt issuance of the {$1200.00} refund and written confirmation of the payment method and date.",Vehicle loan or lease,Problems at the end of the loan or lease,2025-12-30T13:51:10.000Z,Web,c28c1f2ce6ba,False,92,2025,target,2025 | Vehicle loan or lease,https://www.consumerfinance.gov/data-research/consumer-complaints/search/api/v1/18368270
18371839,"Due to tariffs, my husband was laid off. In XXXX I did an online deferment for 1 month, as that was the only option available. I called and was told to call back to make further arrangements ( no other information ) I was never told nor was it an option to defer longer. If so that would have been my first request. I called XX/XX/year> and asked if I could defer it longer because we were still unemployed. The lady told me there was no other options and I would have to pay for 6 months in order to do another deferment. She transferred me to supervisor who then said the same thing over and over. She said I should have selected longerand said I never called and spoke with anyone. I mentioned there was no other option on the website and that I called and was not given that information. She brought up that there was a government shutdown one and I should have said government shutdown from the beginning. I told her I do not work there. Customers do not know the exact verb-age you need to hear. She was extremely condescending and acted like I was lying. I told her per your website it says with the correct documentation you can do a loan deferral from 1-3 months. I have unemployment claim documentation needed for that. I was never given that option. We are just not back on our feet and will get a paycheck in XXXX. I mentioned I could begin making regular payments at end of XXXX. I would like help with getting back on track. They did not offer any assistance or any empathy for the situation at hand.",Vehicle loan or lease,Struggling to pay your loan,2025-12-30T16:27:39.000Z,Web,fa8ffbb33b0f,False,286,2025,target,2025 | Vehicle loan or lease,https://www.consumerfinance.gov/data-research/consumer-complaints/search/api/v1/18371839
18372310,"I consolidated my student loans with XXXX and my loan my transferred to Aidvantage without my permission to transferred my personal information to another company. I was also not provided with any other options to transfer my information to another agency other than Aidvantage. Transferring personal data without permission breaks various laws, including the federal Privacy Act of 1974. I now understand that companies that make privacy promises ( in their privacy policies ) and then share data without consent, treating it as an unfair or deceptive practice. 

I am writing to formally request the dismissal of all student loan obligations currently serviced by Aidvantage transferred account from XXXX under my name, due to violations of my privacy rights and improper handling of my personal information. 

Navients actions constitute a failure to adequately protect my nonpublic personal information, and may represent violations of the Privacy Act of 1974, the Fair Credit Reporting Act ( FCRA ), and other applicable federal and state privacy and consumer protection laws. Specifically, my personal and financial data was disclosed, accessed, or handled without proper authorization, consent, or lawful purpose. 

Privacy Act of 1974 ( U.S. ) : Governs federal agencies, generally prohibiting disclosure of personal records without written consent, with few exceptions. 
Gramm-Leach-Bliley Act ( GLBA ) : Protects financial information, requiring institutions to explain data sharing and safeguard sensitive data. 

These laws were broken during the exchange of the student loan information from XXXX to Aidvantage and I am requesting to dismiss my student loans due to my rights being violated. As a result of these violations, I have experienced harm, including but not limited to loss of privacy, distress, and potential financial risk. These actions undermine the validity and enforceability of the alleged debt and constitute grounds for full financial relief of this loan.",Student loan,Struggling to repay your loan,2025-12-30T16:29:03.000Z,Web,5b361710cfdf,False,302,2025,target,2025 | Student loan,https://www.consumerfinance.gov/data-research/consumer-complaints/search/api/v1/18372310
18372522,"I submitted an application for IBR and Mohela said they would put me on a processing forbearance. It then should have transitioned to an administrative forbearance while they are working on my application since XXXX. They have not done this- I called in XXXX, XXXX and XXXX multiple times and they have said they have "" escalated '' it but I'm about to have a second payment that is past due on the account, except it isn't past due. They still have not processed this forbearance and if I don't pay this amount that is not actually due, it will go onto my credit bureau. This happened in XXXX of 2024 and I am still waiting for the refund to be processed from that payment that shouldn't have been paid. I now need to pay something I can't afford that isn't actually due or correct or be sent to the credit bureau which will be even more of a mess.",Student loan,Struggling to repay your loan,2025-12-30T16:54:28.000Z,Web,c09963bd2332,False,160,2025,target,2025 | Student loan,https://www.consumerfinance.gov/data-research/consumer-complaints/search/api/v1/18372522
18375320,"Have made a complaint of PENNYMAC falsely stating that they havent received payments for XX/XX/XXXX ACH form of payment in second checking account ending in XXXX, called daily due to receiving texts and calls saying they never received payment. I Have a call recording with managers from PENNYMACXXXX at XXXX. With them still claiming they had not received payment. Made a bank claim of funds for XX/XX/XXXX, disbursement was credited from claim on XX/XX/XXXX. Transferred funds into primary checking ending in XXXX for {$1700.00} and made a debit payment to PennyMAC via call. Of {$1700.00} including debit card charge. The payment was made on XX/XX/XXXX at XXXXXXXX XXXX with recording of transaction number XXXX. Followed up and was told they never received that payment as well. Had did another bank claim for {$1700.00} and received the claim of funds on XX/XX/XXXX. Despite of them falsely stating they havent received any payments, I continue to make payments with XXXX XXXX. A payment was made on XX/XX/XXXX of {$1800.00} with {$75.00} urgent transfer fee. Another payment was made on XX/XX/XXXX {$1800.00} with {$75.00} urgent fee, another one XX/XX/XXXX {$1800.00} with urgent fee, and a recent one on XX/XX/XXXX in the amount of {$1800.00} with urgent fee {$75.00}. Received a response letter in the mail responding to CFPB giving dates of XX/XX/XXXX returned check which was true. I lost my job. Another date mentioned was XX/XX/XXXX true and called stating I accidentally set up an auto payment for ach due thinking I would receive my first paycheck. On XX/XX/XXXX I did not authorize payment, was a automatic withdraw from bounced check. On XX/XX/XXXX the funds were drafted and paid due to making a online payment on XX/XX/XXXX, on XX/XX/XXXX I never authorized another transaction because I paid on XX/XX/XXXX. XX/XX/XXXX Ive mentioned already about making a debit card transaction with receipt # XXXX. On XX/XX/XXXX. XX/XX/XXXX, and XX/XX/XXXX the letter stated you received those payments from western union and it was applied, but on my account, I was charged a insufficient fee for XX/XX/XXXX and still late fees stating payment was not received. On XX/XX/XXXX I made another payment through XXXX XXXX {$1800.00} with urgent fee {$75.00}. The on line account also is stating insufficient fee with penalty charges. Its impossible to continue to assume that all of these payments are insufficient when I have tracking numbers. Bank statements with different payment methods receipts. As I said, this is retaliation and discrimination due to me having a FHA loan to falsely set my account into default for profit. PENNYMAC system of payment needs to be investigated further. I will continue to fight for this account until this is resolved. I am a Registered Nurse that have no problem with making payments on my account and if need be take further legal action. This is also becoming an emotional, and mental distress by falsifying my integrity of making false payments to allow my account to go into default for PENNYMAC profit. I WILL NOT STOP until my account is current correctly by legal Oath.",Mortgage,Trouble during payment process,2025-12-30T17:36:48.000Z,Web,438ba4560ea3,False,510,2025,target,2025 | Mortgage,https://www.consumerfinance.gov/data-research/consumer-complaints/search/api/v1/18375320
18375917,"Credit Acceptance Corporation My vehicle was repossessed today in XXXX, XXXX. I am homeless and the vehicle is currently my living space. I am a single parent with a XXXX  child, and this repossession has created an immediate safety and shelter issue. 

I have just started new employment earning {$25.00} per hour and will receive my first full paycheck on XX/XX/year>. I have requested a hardship review, auction hold, and reinstatement option, including a {$500.00} good-faith payment on XX/XX/XXXX and resumption of regular monthly payments thereafter. 

As of this complaint, I have not received post-repossession notice, do not know the location of my vehicle, and have not been provided instructions to retrieve my personal property. I requested escalation to a supervisor and was told I would receive a callback. 

I am requesting assistance to ensure XXXX XXXX provides required notices, discloses redemption and reinstatement options, allows access to personal property, and fairly considers hardship due to homelessness and the involvement of a minor child.",Vehicle loan or lease,Repossession,2025-12-30T18:39:57.000Z,Web,83885558df6e,False,164,2025,target,2025 | Vehicle loan or lease,https://www.consumerfinance.gov/data-research/consumer-complaints/search/api/v1/18375917
18380019,"Upon multiple written requests, Fay Servicing has refused to provide valid documentation legally required under Federal and California State law including, but not limited to, a valid Bill of Sale ; complete chain of custody and full payment history/accounting for the life of the mortgage loan. Fay Servicing has engaged in wrongful foreclosure practices by prematurely filing a Notice of Default before the deadline for disputing the debt had expired ; producing questionable documentation that on its surface appears to be in error, fraudulent and/or robo-signed ; as well as refusing to consider this debtor for all loan modification options available ; for discouraging debtor on XX/XX/year> ( via telephone ) from appealing its XX/XX/year> loan modification denial letter ; and failing to timely provide loan reinstatement and payoff amounts upon request.",Mortgage,Struggling to pay mortgage,2025-12-30T19:20:51.000Z,Web,b8fdd5e6de7c,False,132,2025,target,2025 | Mortgage,https://www.consumerfinance.gov/data-research/consumer-complaints/search/api/v1/18380019
18377684,"I am submitting a complaint regarding a private education loan issued by Climb Credit. 

I formally withdrew from the educational program ( Interview XXXX  ) in writing prior to loan disbursement due to material misrepresentation of the program. This withdrawal was acknowledged multiple times by the school, and I explicitly notified Climb Credit of my withdrawal and requested that the loan not be disbursed pending resolution. 

Despite this notice, Climb Credit disbursed the loan funds. After disbursement, Climb has refused to take corrective action, stating that it adheres solely to the schools cancellation policy and will not act unless the school submits a request, even though the disbursement occurred after documented withdrawal and dispute. 

I did not consent to enrollment funding after withdrawal, and the loan was disbursed without my consent. I am requesting that Climb Credit formally recognize this loan as disputed, halt any repayment or reporting activity, and work with the school to reverse the disbursement based on withdrawal and misrepresentation prior to funding. 

I have attached documentation showing the timeline of withdrawal, notice to the lender, and subsequent disbursement.",Student loan,Dealing with your lender or servicer,2025-12-30T19:40:09.000Z,Web,c24d85cdb620,False,182,2025,target,2025 | Student loan,https://www.consumerfinance.gov/data-research/consumer-complaints/search/api/v1/18377684
18378874,"Summary I am filing a complaint concerning Newrez 's mismanagement of my VA loan escrow account, specifically regarding an unjustified homeowners insurance estimate and inconsistent escrow calculations. 

Detailed Incident Description : On Saturday, XX/XX/XXXX at XXXX Newrez notified me via email that my homeowners insurance renewaldue XX/XX/XXXX, XXXXwould cost {$3300.00}. 
In XX/XX/year>, Newrez paid {$1200.00} to XXXX for insurancemaking the new estimate 170 % higher, but without providing any explanation for this rise. 
When contacted by telephone XX/XX/year>, Newrez was unable to clarify how they reached the {$3300.00} estimate. A second phone call for follow-up, a representative, XXXX XXXX XXXX XX/XX/year> recorded line claimed they received a bill from insurance. 
However, on XX/XX/year> my insurance agent and XXXX confirmed that no insurance evaluation or billing has been completed for the upcoming year. 
My escrow account balance is insufficient to cover this projected amount, yet Newrez is collecting {$580.00} monthly. 

Pattern of Escrow Mismanagement Newrez has inconsistently estimated and collected escrow amounts in the past. 
After I deposited funds to cover a tax shortfall from XXXX XXXX, Newrez refunded the amount, then increased my monthly escrow payments again without justification. 

Regulatory Citations 1. VA Loan Servicing Guidelines ( XXXX  and XXXX  Handbooks ) : Servicers are required to manage escrow accounts responsibly, including ensuring accurate payment of insurance premiums and responding to borrower inquiries about escrow and insurance in accordance with VA regulations and RESPA standards. XXXX XXXX XXXX XXXX XXXX ] VA Handbook XXXX XXXX XXXX mandates that servicers maintain accurate escrow analysis for both taxes and insurance and must apply escrow funds appropriately. XXXX XXXX XXXX XXXX XXXX XXXX 2. RESPA & CFPB Regulations : Under 12 CFR 1024.17 ( Escrow Accounts ), servicers must conduct annual escrow analyses and ensure any shortages or overages are clearly explained and documented.

According to 12 CFR 1024.37, servicers are required to properly disclose any forcedplaced insurance and must not estimate insurance amounts arbitrarily. [ consumerfinance.gov ], XXXX XXXX XXXX Impact on Me The unexplained increase causes financial strain and undermines trust in Newrez 's servicing. 
I am unable to plan or budget accurately due to their inconsistent escrow account management.",Mortgage,Trouble during payment process,2025-12-30T20:22:41.000Z,Web,8acbd9f8a196,False,359,2025,target,2025 | Mortgage,https://www.consumerfinance.gov/data-research/consumer-complaints/search/api/v1/18378874
18379369,I have a refunded loan and its supposed to be gone it is still on my credit,Student loan,Struggling to repay your loan,2025-12-30T20:44:03.000Z,Web,0a14f5c30b87,False,17,2025,target,2025 | Student loan,https://www.consumerfinance.gov/data-research/consumer-complaints/search/api/v1/18379369
18380212,"I sold my house on XXXX XXXX. The teller informed me that I would be able to withdraw {$500.00}, and the rest would be available the next day. Needless to say, it wasn't. I am now without any funds, and my account is overdrawn by {$87000.00}. They told me my funds would not be available before XXXX XXXX. The reasoning behind this is that the check was a large amount, and they would have to verify that it was good. I have never heard of this. It does not take 14 days to verify this. I hope there is some way that can release my money. I am sitting at home with no money. I have no money for food, gas or bills. I have called Wells Fargo, and there is no hope. I am a senior citizen with limited income. Please help me. 

Sincerely, XXXX XXXX",Mortgage,Trouble during payment process,2025-12-30T21:01:48.000Z,Web,f61e50bb99f4,False,147,2025,target,2025 | Mortgage,https://www.consumerfinance.gov/data-research/consumer-complaints/search/api/v1/18380212
18382095,"CFPB COMPLAINT AUTO LOAN / WRONGFUL REPOSSESSION Company complained about PNC Bank Product Auto loan or lease Issue Vehicle repossessed Trouble with payments being applied correctly Managing the loan or payments Lack of information / failure to provide records ________________________________________ I am an Illinois consumer located in XXXX. On XX/XX/year>, PNC Bank repossessed my vehicle without any prior written notice, despite the fact that I never stopped making payments on my auto loan. 
My request for hardship assistance was denied, but I continued making independent partial payments, all of which were accepted by PNC Bank for three consecutive months prior to repossession. At no point did PNC provide a written notice of default, acceleration, or intent to repossess. 
Immediately after the repossession on XX/XX/year>, I contacted PNC Bank and formally requested : Proof of default A complete payment history and application of payments The exact date the account was declared in default The repossession authorization date Despite speaking with multiple PNC representatives on the same day, no one was able to provide this information. I spoke with : XXXX ( XXXX Department ) XXXX  ( XXXX  Department ) XXXX ( XXXX XXXX  Department ) I was then improperly transferred to the XXXX  Department, even though I do not have a mortgage with PNC Bank. No department could identify a default date, provide proof of default, or confirm repossession authorization. 
PNC Bank accepted partial payments for multiple months without clear warning that repossession would occur and now can not substantiate the alleged default. I believe this repossession may be wrongful, and PNC Banks refusal or inability to provide basic loan records raises serious concerns regarding payment misapplication, recordkeeping failures, and consumer protection violations. 
I have submitted a written dispute and demand for records to PNC Bank on the date of repossession and am filing this complaint due to the banks failure to provide required information and its actions resulting in harm.",Vehicle loan or lease,Repossession,2025-12-30T21:50:02.000Z,Web,63083902f38b,False,320,2025,target,2025 | Vehicle loan or lease,https://www.consumerfinance.gov/data-research/consumer-complaints/search/api/v1/18382095
18383562,"Rushmore Servicing has initiated foreclosure activity on my account but failed to provide the legally required 'Notice of Right to Cure ' to my current mailing address. 

Rushmore knowingly mailed sensitive legal notices, including the Right to Cure default notice, to the vacant collateral address ( a rental property in XXXXXXXX XXXX  ) rather than my registered billing address in XXXXXXXX XXXX Rushmore has my correct billing address on file and sends monthly statements there, yet failed to use it for this critical legal notice. 

This failure to provide proper notice has deprived me of my contractual right to cure the default within the statutory timeline. Furthermore, I have submitted a complete Mortgage Assistance Application which is currently pending review. Initiating or continuing foreclosure activity while this application is pending constitutes 'Dual Tracking, ' a violation of Regulation X. 

I am requesting an immediate halt to all foreclosure activity due to defective service and improper notice.",Mortgage,Trouble during payment process,2025-12-30T22:18:56.000Z,Web,9ae68781c7af,True,156,2025,target,2025 | Mortgage,https://www.consumerfinance.gov/data-research/consumer-complaints/search/api/v1/18383562
18384440,"Rushmore Servicing has initiated foreclosure activity on my account but failed to provide the legally required 'Notice of Right to Cure ' to my current mailing address. 

Rushmore knowingly mailed sensitive legal notices, including the Right to Cure default notice, to the vacant collateral address ( a rental property in XXXXXXXX XXXX  ) rather than my registered billing address in XXXXXXXX XXXX Rushmore has my correct billing address on file and sends monthly statements there, yet failed to use it for this critical legal notice. 

This failure to provide proper notice has deprived me of my contractual right to cure the default within the statutory timeline. Furthermore, I have submitted a complete Mortgage Assistance Application which is currently pending review. Initiating or continuing foreclosure activity while this application is pending constitutes 'Dual Tracking, ' a violation of Regulation X. 

I am requesting an immediate halt to all foreclosure activity due to defective service and improper notice.",Mortgage,Trouble during payment process,2025-12-30T23:30:24.000Z,Web,9ae68781c7af,True,156,2025,target,2025 | Mortgage,https://www.consumerfinance.gov/data-research/consumer-complaints/search/api/v1/18384440
18384928,"I am submitting this complaint against CarMax Auto Finance regarding a repossession that occurred in California on XX/XX/year>. I am a 20-year retired United States Navy veteran and 100 % service-connected XXXX veteran. 

My vehicle was repossessed while I was asleep in a hotel. Since the repossession, CarMax has failed to provide timely notice, failed to disclose the vehicles location, and failed to provide reasonable access to my personal property inside the vehicle. 

Critically, the vehicle contains daily prescription medications and a medical oxygen machine required for my health and safety. Despite multiple written requests, CarMax has not responded or provided instructions for retrieving these medically necessary items. 

I recently relocated to California and did not receive any post-repossession notice at my current address. Notices were sent to an outdated address despite my account having a payment history and active contact information. 

I believe CarMaxs actions constitute unfair and unlawful business practices, denial of access to essential personal property, and failure to comply with California consumer protection requirements. I am requesting investigation and assistance in securing immediate access to my medical equipment and a lawful resolution.

Medical Necessity & Veteran Status Addendum I am submitting this addendum to emphasize the immediate medical and public safety implications of this repossession.

I am a retired United States Navy veteran ( 20 years of service ) and am rated 100 % service-connected XXXX by the Department of Veterans Affairs. I rely on daily prescription medications and a medical oxygen machine that were inside the repossessed vehicle. 

Since the repossession on XX/XX/year> : I have not been informed where my vehicle is located I have not been given instructions to retrieve my medical equipment I have received no response to written requests I am currently homeless and without reliable transportation The deprivation of my medical equipment presents a serious risk to my health The continued withholding of access to medically necessary equipment is unreasonable, dangerous, and inconsistent with lawful repossession practices. I am requesting immediate intervention to ensure access to my personal property and appropriate enforcement review of CarMax Auto Finances conduct.",Vehicle loan or lease,Repossession,2025-12-30T23:43:49.000Z,Web,8981e5db5f1f,False,348,2025,target,2025 | Vehicle loan or lease,https://www.consumerfinance.gov/data-research/consumer-complaints/search/api/v1/18384928
18387286,"Subject : Misapplication of {$15000.00} Payment and Wrongful Delinquency Reporting Despite Overpayment Company : Nelnet Description of Incident : I am filing this complaint because Nelnet has reported a XXXX delinquency on XXXX of my accounts despite the fact that I am "" paid ahead '' by over {$17000.00}. This reporting error is a violation of the Fair Credit Reporting Act ( FCRA ) and has caused my credit score to drop from XXXX to XXXX, jeopardizing a {$750000.00} mortgage loan. 

The Error and Misapplication : Overpayment Status : My monthly payment is {$790.00}. Over the last 12 months ( XX/XX/XXXX thru XX/XX/XXXX ), I have paid a total of {$27000.00} into my accounts. By any reasonable accounting, I should be "" paid ahead '' for nearly two years. 

XX/XX/XXXX Payment : I made a lump-sum payment of {$15000.00}. Nelnet unilaterally applied this to a single high-interest account group and closed it, rather than distributing it to keep all groups current. 

XX/XX/XXXX Correction Attempt : I called Nelnet in XXXX. I provided explicit instructions to distribute that {$15000.00} across all accounts to ensure no delinquency. Nelnet claims this was not done because we also discussed a potential future consolidation. 

The Defense : Nelnet is currently claiming the delinquency is "" accurate '' because I received notices in XXXX and XXXX. However, those notices were the direct result of Nelnets failure to follow my XXXX instructions and their refusal to apply funds already in their possession. 

XX/XX/XXXX Admission : In XXXX, a Nelnet agent admitted the error and manually adjusted the {$15000.00} across my accounts. However, Nelnet is now refusing to retract the negative credit reporting, claiming it was "" accurate at the time. '' Legal and Financial Argument : Under the FCRA, furnishers must report accurate information. Reporting a borrower as 90 days delinquent while holding {$15000.00} of their unapplied funds is inaccurate and misleading. Nelnet had the funds to satisfy the debt ; their internal misallocation does not constitute a consumer delinquency. This "" technical '' delinquency has caused me massive economic damage in the form of higher mortgage interest rates on a {$750000.00} loan.",Student loan,Dealing with your lender or servicer,2025-12-31T02:18:20.000Z,Web,962262be9b7f,False,356,2025,target,2025 | Student loan,https://www.consumerfinance.gov/data-research/consumer-complaints/search/api/v1/18387286
18392680,"I made my monthly payment today at the regular price for the month which is {$680.00} I have Never Ever NOT paid a month since getting XXXX XXXX XXXX in XXXX of XXXX & all that Im getting ready to write out is almost all interest at it to the vehicle price just from a late fee of {$30.00} this is interest on the late fee itself not the vehicle, just wanted to clarify that also not to mention theres always a fee even if you pay with a checking account every month of {$3.00} However these are all of the interest charges on a {$30.00} late fee as mentioned above. XXXX. {$910.00} charged on XX/XX/XXXX XXXX. {$30.00} late fee charged on XX/XX/XXXX car payment is Due on the XXXX of each month.. 
3. {$290.00} charged on XX/XX/XXXX, XXXX. {$670.00} charge on XX/XX/XXXX, XXXX. {$30.00} late fee charged on XX/XX/XXXX, XXXX. {$450.00} charged on XX/XX/XXXX, XXXX. {$510.00} Charged on XX/XX/XXXX, XXXX. {$400.00} charged on XX/XX/XXXX, XXXX. {$510.00} charged on XX/XX/XXXX, XXXX. {$30.00} late fee charged on XX/XX/XXXX, XXXX. {$550.00} charged on XX/XX/XXXX, XXXX. {$470.00} charged on XX/XX/XXXX all of these are interest charges unless noted otherwise this is very cruel, my XXXX, unfortunately has been XXXX  back to one more or this would have never ever happened on being late in general, but every payment has been made. It may have been late a few days if that this is not right. Ive tried speaking directly with the company that has Not made a difference",Vehicle loan or lease,Managing the loan or lease,2025-12-31T12:52:33.000Z,Web,2c384bc2a5a0,False,255,2025,target,2025 | Vehicle loan or lease,https://www.consumerfinance.gov/data-research/consumer-complaints/search/api/v1/18392680
18392797,"XX/XX/XXXX my vehicle was totaled out due to a deer hit my insurance company value the car at about {$10000.00} The approximate value of my loan at that point was about XXXX but with {$1000.00} deductible my insurance company issued a check for about {$9000.00} However, when I purchased the car, Westlake Financial had told me the vehicle was covered for gap insurance, but they are now denying I also should point out that the vehicle was part of re affirmation agreement My attorney has since retired so I'm trying to look into how do I fight this with them but they are harassing me on a daily basis, including Saturday and Sunday This past Friday they have called at least five times per day starting at about XXXX in the morning and going to XXXX at night I need some assistance with looking into why are they denying the gap insurance and I need the harassing phone calls to stop as I have explicitly told them I do not have the money to pay it. I can not afford two car loans and the car was covered for gap insurance When I looked the car up on XXXX XXXX XXXX, it was estimated to be around {$7000.00}. My insurance company paid more than what the car is worth. Yeah I'm still being harassed by them. 

I understand there is a balance on the loan, but harassing me during the day and disrupting my job. It's just gon na cause me more problems. 

And I don't feel it's right that they can sit here and call me seven times a day starting at XXXX in the morning and calling me on Saturday and Sunday nights I had full coverage on the car and gap insurance to Westlake Financial. There should be no reason they are calling me.",Vehicle loan or lease,Problems at the end of the loan or lease,2025-12-31T13:33:54.000Z,Web,a36a2ee86647,False,307,2025,target,2025 | Vehicle loan or lease,https://www.consumerfinance.gov/data-research/consumer-complaints/search/api/v1/18392797
18393505,"This complaint is regarding JPMorgan Chase 's failure to provide a substantive response to CFPB complaint # [ XXXX ]. 

Summary of Original Issue : Chase changed the legal ownership of my joint checking account to a sole-owner account without my knowledge or authorization, a serious banking error that resulted in unexpected fees. 

The New Violation ( Company 's Bad-Faith Response ) : In its response to the CFPB, Chase admitted the ownership change but provided XXXX evidence or explanation that I authorized it. Instead, it discussed fee waiver requirementsa separate topicand stated no bank error occurred. 

This response is materially incomplete and non-responsive. It confirms the problematic action while ignoring the central legal question of consent. This is a failure to engage with the CFPB process in good faith. 

The company 's inadequate response has compounded the harm, wasting more of my time and demonstrating disregard for the consumer complaint process.",Checking or savings account,Managing an account,2025-12-31T14:59:08.000Z,Web,295579c5e155,False,152,2025,target,2025 | Checking or savings account,https://www.consumerfinance.gov/data-research/consumer-complaints/search/api/v1/18393505
18393467,"I am writing to formally dispute the reporting of a charge-off account currently appearing on my consumer credit report. 

Under the Fair Credit Reporting Act, 15 U.S.C. 1681c ( a ) ( 4 ), accounts placed for collection or charged to profit and loss may not be reported beyond XXXX ( XXXX ) years. Additionally, 15 U.S.C. 1681c ( c ) ( 1 ) requires that this reporting period be calculated from the date of XXXX delinquency that led to the charge-off and was never brought current. 

Based on my records, this account has exceeded the allowable reporting period, or the Date of XXXX  Delinquency is being reported inaccurately. As such, the continued reporting of this charge-off is obsolete and noncompliant with the FCRA. 

Please investigate this matter and either : Delete the account from my credit file, or Correct the reporting to reflect the accurate Date of XXXX  Delinquency in compliance with federal law. 

If the furnisher can not verify the accuracy of this information as required by the FCRA, the account must be removed. 

Thank you for your prompt attention to this matter. Please provide written confirmation of your investigation results.",Debt collection,False statements or representation,2025-12-31T15:06:57.000Z,Web,b682905b7890,False,193,2025,target,2025 | Debt collection,https://www.consumerfinance.gov/data-research/consumer-complaints/search/api/v1/18393467
18393937,"Subject : Complaint Regarding Wrongful Repossession and Violations of 15 USC 1692f Dear CFPB Team, I am writing to formally file a complaint concerning a wrongful vehicle repossession and multiple violations of the Fair Debt Collection Practices Act ( 15 USC 1692f ). 

On XX/XX/XXXX, I was contacted by a representative named XXXX, who informed me that my account was under investigation. However, despite that initial contact, I have not heard back from her since then, and the investigation has not been completed or communicated to me. 
As I previously mentioned, my vehicle was wrongfully repossessed on XX/XX/XXXX without any prior notification, and the company failed to notify me about the auction or apply the proceeds appropriately. They have also reported inaccurate information to the credit bureaus, causing me financial and emotional distress. In light of these violations, including the lack of follow-through on the promised investigation. 

I called in XX/XX/year> at XXXX I received an email stating the issues couldn't be discussed for security reasons by email, so I called and spoke to a representative by the name of XXXX who said that XXXX was out of the office and that he would leave a message and hoped that she would reached out to me upon her returning to the office. 
It seems as though they have no intention of resolving the problem and they are breaking laws without consequences.",Vehicle loan or lease,Repossession,2025-12-31T15:23:45.000Z,Web,9c380dfb824f,False,231,2025,target,2025 | Vehicle loan or lease,https://www.consumerfinance.gov/data-research/consumer-complaints/search/api/v1/18393937
18393608,"I am writing to share my experience as a U.S. military veteran who attempted to use my VA home loan benefits through EMortgage Capital, located in XXXX XXXX, California, and has been left in an unresolved, financially damaging situation despite extensive efforts to resolve the matter internally. 

Beginning in XXXX, I entered into a VA XXXX refinance process with EMortgage Capital. I complied with every requirement placed on me, was issued a clear to close, and signed all closing documents in good faith. Despite this, the loan was not funded on time due to internal failures on the lenders side. 

Following the failure to fund, I was informed that as a result of the companys internal issues : I would no longer be able to skip XXXX mortgage payments, My locked interest rate would no longer be honored, and I would be required to restart the entire refinance process from the beginning. 

These consequences occurred despite the fact that I fulfilled all obligations on my end and relied on the lenders representations in good faith. This has caused financial hardship, prolonged uncertainty, and significant frustration, particularly as a veteran attempting to responsibly use earned VA benefits. 

Since the funding failure, I have made numerous documented attempts to resolve this matter directly with the company. I reached out repeatedly via email, requested updates, and was eventually told that my file had been escalated to executive leadership and designated as a high priority. I was assured multiple times that the company was committed to making this right and that active efforts were underway. 

Despite these assurances, there has been no meaningful movement, no substantive update, no clear explanation of corrective actions taken, and no timeline for resolution. The responses I received were repeatedly vague, duplicative, and did not reflect any actual progress. After weeks of follow-up and continued silence, it became clear that the company was either unwilling or unable to correct its own failure, despite acknowledging fault. 

I made every reasonable effort to allow EMortgage Capital the opportunity to resolve this internally and professionally. Unfortunately, those efforts were met with false assurances, XXXX urgency, and a continued lack of accountability. 

I am sharing this experience in the interest of transparency and accountability, and to help ensure other veterans are not subjected to similar treatment when attempting to use their VA benefits. I am prepared to provide written correspondence, timelines, and supporting documentation upon request. 

Thank you for your time and consideration.",Mortgage,Closing on a mortgage,2025-12-31T15:29:45.000Z,Web,d5404838062c,False,410,2025,target,2025 | Mortgage,https://www.consumerfinance.gov/data-research/consumer-complaints/search/api/v1/18393608
18393698,I have called credit acceptance multiple times requesting they stop sending corresponding emails to my Ex father in law about my auto loan. Every time they say there is nothing the can do I have to change email listed in my portal which I have also done multiple times verifying its my email and he is not listed as a 3rd party they can contact...,Vehicle loan or lease,Managing the loan or lease,2025-12-31T15:33:15.000Z,Web,548ad7a08d1e,False,65,2025,target,2025 | Vehicle loan or lease,https://www.consumerfinance.gov/data-research/consumer-complaints/search/api/v1/18393698
18393668,"Early in XXXX, I was the victim of ID Theft. Someone got ahold of my personal information and created a physical Oklahoma Driver 's license. I was able to handle all the accounts associated with my Credit Bureaus. I put a credit freeze in place and worked with the Credit Unions to have the accounts removed from my credit. 

After I had done this, I was contacted by "" Advanced America '' A loan company that does not require a credit bureau pull for lending. They told me I had an account number # XXXX. I explained the situation and provided the XXXX XXXX report number that I had filed. ( XXXX ) I was assured that the issue would be handled on their end. 

Today, I received a call from XXXX with XXXX XXXX. He was attempting to collect on the approximately {$2200.00} balance for account XXXX that was opened in XXXX of XXXX. I explained the situation to him and he directed me to this website.",Debt collection,Attempts to collect debt not owed,2025-12-31T15:44:00.000Z,Web,983a5ed7782c,False,168,2025,target,2025 | Debt collection,https://www.consumerfinance.gov/data-research/consumer-complaints/search/api/v1/18393668
18394431,"When I called when I first seen this collection added to my credit was around XXXX time and I called and spoke to someone to see how to get the bill handled a week later I called back spoke with the a lady over the phone. She gave me the price for the bill because I explained to her that the bill was paid previously when I first got it in XXXX and then now its back on my credit and its XXXX, so I told her I just wanted to go ahead and take care of it because Im in the process of purchasing a home so she proceeds to give me the price of XXXX and I ask her can we negotiate the price she said yes and I had to pay {$86.00} so when I spoke with her and paid, I asked about once I make the payment would it be deleted from my credit she proceeds to say yes that it will take XXXX  days but we will send you a confirmation of your payment in XXXX to XXXX days later we will send you a letter stating that it was settled paid in full in XXXX days after that I receive another letter stating that they will remove it from my credit so the letter I receive, I proceed to give it to my Lender and she reported it over to the credit bureaus to try to get it removed off the credit but they couldnt use that because the letter was stating that I paid it, but it also said if the if the money was returned, then he would added back as a collection so it was confusing and they couldnt accept it. I proceed to reach back out multiple times spoke to XXXX different people, and also spoke to a supervisor and they told me that they couldnt do anything to further assist the situation because they already gave me a letter and I had to wait to XXXX days before they could remove it. And I was trying to understand why do I have to wait a whole XXXX days for them to remove it when they have the payment and this is stopping me from moving forward in my house by process and most collection agencies once they receive They payment, they just go ahead and remove it from your credit but southwest credit is not budging with anything. They really want me to wait XXXX days for them to remove it and also send me a letter stating that they removed it.",Debt collection,Attempts to collect debt not owed,2025-12-31T16:42:53.000Z,Web,4d18f93fd03a,False,433,2025,target,2025 | Debt collection,https://www.consumerfinance.gov/data-research/consumer-complaints/search/api/v1/18394431
18394594,"To Whom It May Concern, I am submitting this letter as a formal complaint regarding serious financial misconduct by Bank of America involving the wrongful reversal of cleared funds, prolonged misrepresentation, bad-faith delay, and unlawful seizure of account assets. 

In XX/XX/XXXX, a check issued by a legitimate foreclosure and property acquisition company in XXXX  was deposited into our Bank of America account. This check represented proceeds from a real estate transaction in which the company purchased property we sold. Bank of America accepted, cleared, and finalized this check of over {$330000.00}. 

Only after we attempted to withdraw funds did Bank of America reverse the transaction. Despite the reversal, the bank kept the account open and repeatedly told us that the real estate proceeds were legitimate, belonged to us, and would be returned. From XX/XX/XXXX throughout the remainder of XXXX, we were continuously given shifting timelinesXXXX, then XXXX, then XXXX XXXX of which passed without resolution. At no point during XXXX did Bank of America claim the check was fraudulent. 

During this same period, Bank of America continued to accept additional deposits, allowed unrestricted debit card use, and permitted substantial spending, including travel. The bank remained in communication with us and repeatedly stated the XX/XX/XXXX real estate funds would be returned, reinforcing that the issue was administrative, not fraudulent. 

After we later reported unrelated fraudulent charges originating from a XXXX XXXX club, Bank of America abruptly shut down the account, seized all remaining fundstotaling hundreds of thousands of dollarsand overdrafted the account, causing severe financial harm. 

In XX/XX/XXXX, after extensive communications with Bank of America representatives, we were explicitly told the bank acknowledged its error. Multiple representatives confirmed the reversed XX/XX/XXXX real estate funds were ours, that there was no issue returning them, and that all withheld fundsincluding the XXXX real estate proceedswere approved to be returned via wire transfer. We were repeatedly told the funds were imminent and instructed to call back if not received. 

Then, suddenly, on XX/XX/XXXX, Bank of America reversed course yet again, claiming for the first time that the XX/XX/XXXX check was fraudulent. This claimmade by a district manager identified as XXXXcame nearly XXXX years after the check cleared, after months of assurances in XXXX, and after explicit acknowledgments in XX/XX/XXXX that the funds belonged to us. 

This pattern reflects deliberate delay, misrepresentation, and bad faith. We also raise concerns of discriminatory treatment. We have a long, documented history of maintaining substantial balances with Bank of America from real estate transactions, stock trading, and legitimate business activity dating back to XXXX. We are not new to high-value banking activity. 

We demand immediate release of all wrongfully withheld funds, written documentation supporting the banks actions, and compensation for damages incurred. Absent prompt resolution, we are prepared to pursue regulatory enforcement, civil litigation, and all available remedies. 

This letter serves as formal notice. We expect immediate contact. 

This was also submitted to XXXX State Attorney General office ( XX/XX/XXXX ). 

Sincerely, XXXX",Checking or savings account,Managing an account,2025-12-31T17:19:02.000Z,Web,950af8934805,False,494,2025,target,2025 | Checking or savings account,https://www.consumerfinance.gov/data-research/consumer-complaints/search/api/v1/18394594
18394508,"I have the collection on my account that I dont know who it is. I disputed it, but they keep canceling it. Credit corpse solutions.",Debt collection,Attempts to collect debt not owed,2025-12-31T17:19:02.000Z,Web,944e9e53434f,False,25,2025,target,2025 | Debt collection,https://www.consumerfinance.gov/data-research/consumer-complaints/search/api/v1/18394508
18394713,"I opened a new U.S. Bank personal checking account on XX/XX/XXXX, using a promotion code presented during the online application, to be eligible for a {$450.00} new-account bonus. 

U.S. Banks system accepted the promotion at signup, and I received no warning or disclaimer indicating that I was ineligible. Based on this representation, I completed all required activities in good faith, including maintaining the account and completing the qualifying direct deposits. 

In the "" New account bonus progress '' dashboard, all requirements were shown as completed except XXXX : Open an account by XX/XX/XXXX. I contacted two U.S. Bank customer service representatives, both of whom confirmed that I had met all requirements and advised that this item would clear by XX/XX/XXXX. 

After XX/XX/XXXX, the system continued to show the requirement as incomplete. I then contacted two additional U.S. Bank representatives and requested escalation. At that point, I was informed that I allegedly opened the account one day too early, and therefore would not receive the bonus. 

This explanation is inconsistent with U.S. Banks own actions and records. I have an email from U.S. Bank confirming that my account was opened on the correct date, and at the time of application, the promotion code was accepted without any indication that I was ineligible. 

U.S. Bank allowed me to enroll in the promotion, confirmed my progress toward the bonus, and assured me that the requirements were met, only to later deny the incentive based on an undisclosed eligibility issue. 

I am requesting that U.S. Bank honor the {$450.00} promotional bonus that was presented and accepted during my account opening",Checking or savings account,Opening an account,2025-12-31T17:28:43.000Z,Web,bbffe83fd707,False,266,2025,target,2025 | Checking or savings account,https://www.consumerfinance.gov/data-research/consumer-complaints/search/api/v1/18394713
18394782,We got an email saying we owed them money after our lease agreement was done then we contacted them again they said they owed us money and that theyll contact us back got back to us said we owed them XXXX $ my girlfriend went and gave them a XXXX $ check recently they started sending us another bill stating we owed them XXXX $ for unknown reasons we asked for an itemized list and theyve never provided us we such list,Debt collection,Attempts to collect debt not owed,2025-12-31T17:45:47.000Z,Web,b02a65148c41,False,82,2025,target,2025 | Debt collection,https://www.consumerfinance.gov/data-research/consumer-complaints/search/api/v1/18394782
18395659,"On XX/XX/year> my house burned to ground.on XX/XX/year> my house was scheduled for foreclosure sale.Atthat time I owed Discover Home Loans {$23.00} dollars.The sale the house was sold for {$41.00} dollars.On XX/XX/year>XXXX XXXX XXXX issued me a check for XXXX dollars check # XXXX claim # XXXX. 
I contacted Discover they advised me to endorse check and send it to them which I did. So for over a year I have called 56 documented calls 26 emails 3 certified letters have spent hours on phone trying to resolve this.They won't even provide and info or paperwork to me or respond to emails now Discover Home Loans XXXX XXXX XXXX XXXX XXXX XXXX XXXX XXXX XXXX XXXX XXXX XXXX XXXX XXXX XXXX XXXX XXXX XXXX XXXX XXXX XXXX XXXX XXXX XXXX",Mortgage,Closing on a mortgage,2025-12-31T18:39:46.000Z,Web,c412420f77ad,False,130,2025,target,2025 | Mortgage,https://www.consumerfinance.gov/data-research/consumer-complaints/search/api/v1/18395659
18395628,"On XX/XX/year>, my XXXX XXXX  account was compromised due to an individual hacking into the account. There was {$720.00} of payments to Kia Motors Finance disputed by the hacker in an attempt to transfer the money to themselves. 

This was caught and resolved by XXXX, and any payment disputes that could be cancelled were cancelled. The remaining payment disputes that could not be cancelled were paid out of pocket to Kia Motors Finance by me. 

Since this issue took place, I have been getting error messages indicating that my payments ( paid using my account number ). After contacting XXXX, it was confirmed there were no stop payments on my account. I was also able to pay all other bills after this issue occurred using my account number. When contacting Kia Motors Finance to indicate this was the case, I was told again and again ( on multiple occasions during multiple calls ) that this was XXXX 's fault as they were blocking payments. XXXX confirmed they were not blocking any payments to any merchants. Attached document is a transcript from XXXX indicating that no stop payments are on my bank account. 

This resulted in a single delinquent payment on my account, which had to be resolved utilizing another account number for payment. It was also insinuated that Kia Motors Finance on XX/XX/year> that a prior months payment was not received. This was categorically false, as this bill is always paid the month prior ( outside of this delinquent payment due to Kia Motor Finances refusal to appropriately resolve this issue ) and the automated message I was played prior to speaking with a representative indicated that the company did in-fact receive my payment. 

Customer service, on XX/XX/year>, indicated that they were not willing to escalate this issue to any other department for review. I was told that they have a debit card payment option, but that option is not available, as an error message occurs upon attempting to initiate this process.",Vehicle loan or lease,Managing the loan or lease,2025-12-31T18:45:16.000Z,Web,efddc44314bb,False,332,2025,target,2025 | Vehicle loan or lease,https://www.consumerfinance.gov/data-research/consumer-complaints/search/api/v1/18395628
18396264,"XXXX  Credence Resource Management , LLC XXXX XXXX XXXX XXXX XXXX XXXXXXXX XXXX XXXX XXXX Account Reference Number : XXXX Original Creditor : XXXX XXXX Account XXXX : XXXX Amount Claimed : {$440.00} XXXX  SECOND DEMAND FOR DEBT VALIDATION NOTICE OF INSUFFICIENT VALIDATION AND DEMAND TO CEASE COLLECTION Dear Credence Resource Management , LLC This letter is sent in response to Credence Resource Management XXXX XXXX assertion that the above-referenced debt has been validated. The information provided does not satisfy the validation requirements of the Fair Debt Collection Practices Act ( 15 U.S.C. 1692g ). The alleged debt remains formally disputed, unverified, and unenforceable. 
Background My XXXX XXXX account was closed in XXXX. 
I do not have the original account number. 
All XXXX  ( XXXX ) receivers were returned, and the final balance was paid in full at the time of closure. 
XXXX has stated that it can not locate or reference the original account records. 
XXXX has only produced XXXX billing statements dated XX/XX/XXXX through XX/XX/XXXX, all of which already reflect a previous balance that neither XXXX nor Credence Resource Management can explain or document for the above referenced account number. 
XXXX has verbally claimed that the alleged balance relates to approximately XXXX ( XXXX ) years of service with non-payment, yet has failed to provide any service agreement, billing history, or payment records to substantiate this claim. 
Failure to Properly Validate To date, Credence Resource Management has failed to provide : XXXX. A complete and continuous billing and payment history from account inception through closure XXXX. Documentation explaining the origin and calculation of the alleged balance XXXX. Proof that I agreed to or incurred the charges claimed XXXX. Proof of XXXX XXXX XXXX  lawful authority to collect this alleged debt Partial billing statements generated years after account closure, containing unexplained balances, do not constitute proper validation under the FDCPA. 
Formal Demand Because proper validation has not been provided, I hereby demand that Credence Resource Management , LLC : XXXX. Immediately cease all collection activity related to this matter XXXX. Refrain from reporting, or immediately delete, this account from any consumer reporting agency XXXX. Provide written confirmation that this account has been closed and returned to the original creditor Any continued attempt to collect or report this alleged debt without proper validation may constitute violations of the Fair Debt Collection Practices Act and will be documented accordingly. 
No Admission of Liability This correspondence is not, and shall not be construed as, an acknowledgment or admission of liability for any alleged debt. 
Please provide written confirmation of compliance within XXXX  days of receipt of this letter",Debt collection,Attempts to collect debt not owed,2025-12-31T19:40:18.000Z,Web,1f2c8dfb03f9,False,436,2025,target,2025 | Debt collection,https://www.consumerfinance.gov/data-research/consumer-complaints/search/api/v1/18396264
18396278,This company sent a letter to my neighbor house whom I once lived with stating I owed a debt which I do not owe anything to this company,Debt collection,Written notification about debt,2025-12-31T19:59:02.000Z,Web,838654e3fc3c,False,28,2025,target,2025 | Debt collection,https://www.consumerfinance.gov/data-research/consumer-complaints/search/api/v1/18396278
18397413,"I am filing a complaint against BC Services , Inc., a debt collection agency, located at XXXX XXXX XXXX, XXXX, CO XXXX, for violations of the Fair Debt Collection Practices Act ( FDCPA ). 

On XX/XX/year>, I mailed and emailed a written dispute to BC Services regarding medical debt they were attempting to collect. This dispute was sent prior to the statutory cutoff date of XX/XX/year>, and requested full validation of the debt. In my dispute, I clearly stated that I expected a written response within 30 days, as required under federal law. 

BC Services never responded to my dispute by mail or email and never provided written validation of the debt. 

Because I received no written response, no update, and no confirmation regarding the status of the disputed accounts, I contacted BC Services by phone on XX/XX/year>, solely to determine what had occurred with my dispute. 

During that call, a representative stated verbally that the accounts were sent back to the original creditor and that BC Services was waiting to hear back. However, I was not provided any written confirmation, dates, or documentation, and I have never received any written notice confirming that collection activity ceased or that the accounts were returned.

BC Services has failed to : Provide written debt validation after a timely written dispute Provide written confirmation that collection activity stopped Provide written confirmation regarding credit reporting status Verbal statements made months after a written dispute do not satisfy FDCPA requirements. The lack of any written communication or documentation has caused ongoing uncertainty and has prevented resolution of the matter. 

I am requesting that the CFPB require BC Services to : 1. Provide written confirmation of the status of the disputed accounts 2. Confirm whether and when the accounts were returned to the original creditor 3. Confirm that all collection activity and credit reporting has ceased 4. Comply fully with the Fair Debt Collection Practices Act going forward",Debt collection,Written notification about debt,2025-12-31T20:39:48.000Z,Web,323ffc219780,False,322,2025,target,2025 | Debt collection,https://www.consumerfinance.gov/data-research/consumer-complaints/search/api/v1/18397413
18396956,"Subject Formal Complaint Unauthorized Debit Card Issuance and Unauthorized Withdrawals ( Regulation XXXX Violation ) To Whom It May Concern, I am filing a formal complaint regarding Wells Fargos denial of my fraud claim involving unauthorized debit card issuance and unauthorized electronic fund transfers that occurred on XX/XX/scrub> 2025. 
I did not request a replacement debit card, did not authorize the creation or change of a PIN, and never received the replacement debit card Wells Fargo issued. Despite this, Wells Fargo allowed a debit card I did not request to be activated and used. 
On XX/XX/year>2025, an unknown individual used this unauthorized debit card and PIN to : Withdraw all funds from my checking and savings accounts Conduct XXXX in-branch cash withdrawals Make multiple ATM withdrawals Make multiple debit card purchases, including at XXXX XXXX and XXXXXX/XX/XXXXAll fraudulent activity occurred on the same day and resulted in the complete depletion of my accounts. 
I reported this activity promptly and filed a fraud claim. Wells Fargo denied my claim and has refused to review security footage from the XXXX XXXX branch on XXXX XXXX XXXX, despite the fact that multiple in-branch withdrawals occurred without my presence or authorization. 
Under the Electronic Fund Transfer Act ( Regulation XXXX ), these transactions are unauthorized electronic fund transfers. I did not provide the card, PIN, or consent for these transactions, nor did I receive the card that Wells Fargo issued. Wells Fargo is legally required to conduct a reasonable investigation, including review of ATM records, teller logs, and branch security footage. 
Issuing a debit card I did not request, allowing a PIN to be established without my authorization, and permitting in-branch withdrawals without verifying my identity constitutes a failure of Wells Fargos security controls. 
I dispute Wells Fargos denial and request : A full reinvestigation of my claim Review of branch security footage, teller logs, ATM records, and IP/phone records used to order the debit card and establish the PIN Reimbursement of all unauthorized withdrawals and purchases A written explanation identifying the specific evidence Wells Fargo relied upon in denying my claim, as required by Regulation XXXX I have reported this matter as identity theft and bank fraud and will provide supporting documentation upon request. 
This complaint is submitted in good faith. I expect Wells Fargo to comply with its obligations under federal law and correct this matter promptly. 
Sincerely, XXXX XXXX XXXX Amounts XXXX withdrawal at branch XXXX withdrawal at branch XXXX withdrawal at branch XXXX withdrawal at branch Unauthorized purchase XXXX Atm withdrawal XXXX Atm withdrawal XXXX Atm withdrawal XXXX Atm withdrawal XXXXXX/XX/XXXXUnauthorized purchase XXXXXX/XX/XXXX Unauthorized purchase XXXXXX/XX/XXXXUnauthorized purchase XXXXXX/XX/XXXX Unauthorized purchase XXXX Unauthorized purchase-XX/XX/XXXXXXXX Unauthorized XX/XX/XXXXtransfer XXXX.",Checking or savings account,Managing an account,2025-12-31T20:49:31.000Z,Web,34b46b00ba3b,False,446,2025,target,2025 | Checking or savings account,https://www.consumerfinance.gov/data-research/consumer-complaints/search/api/v1/18396956
18396996,"I financed a KIA vehicle through KIA Financial in XXXX. I was in an accident in XXXX, and the vehicle was totaled. I continued making payments on my loan during the whole insurance process. I never had a single missed or late payment, either before or after the accident, and yet Kia Financial reported the remaining balance ( approximately {$1500.00} ) as a charge off without any warning and ruined my credit. I paid the remaining balance immediately, however they have refused to even speak to me about rectifying their error and the charge off remains on my credit. I attempted to dispute it with them three times over the last 12 months - once by phone, once by email, and once by mail - and each time I was told someone would contact me but no one ever has. 

I am attaching my XX/XX/XXXX statement, which is the last statement I received showing {$0.00} due for a payment and no indication of any late payment due. I am also attaching a copy of my current credit report. Page 31 shows details about the Kia Financing, showing that it was charged off in XX/XX/XXXX just weeks after that final statement showing a balance of {$0.00} due and {$0.00} overdue. Kia NEVER notified me that it was going to be charged off. I consider this fraud against me.",Vehicle loan or lease,Problem with a company's investigation into an existing problem,2025-12-31T21:02:56.000Z,Web,5b17eb689b36,False,227,2025,target,2025 | Vehicle loan or lease,https://www.consumerfinance.gov/data-research/consumer-complaints/search/api/v1/18396996
18397584,"On XX/XX/XXXX, a {$470.00} ACH payment from my Schwab Bank account ending in XXXX was returned with code XXXX Account Frozen. I contacted Charles Schwab multiple times to understand what was happening. They informed me that some restrictions on my account had been removed, but the account is still pending closure and I have not received clear information about when it will officially close. Schwab also closed access to my account, preventing me from using or accessing my funds, and I still do not know where the returned {$470.00} is being held or when it will be included in my final disbursement. Despite my repeated calls and requests for a formal ACH trace or claim, Schwab has not provided a timeline or written confirmation regarding the closure of my account or the return of my funds. I am requesting formal documentation of the returned funds, confirmation that the {$470.00} will be included in the final disbursement, and a clear timeline for the account closure.",Checking or savings account,Closing an account,2025-12-31T21:50:09.000Z,Web,4485461a94dc,False,164,2025,target,2025 | Checking or savings account,https://www.consumerfinance.gov/data-research/consumer-complaints/search/api/v1/18397584
18397369,"My deposit for capital one is supposed to be deposited today XX/XX/XXXX. I have yet to receive my check for work. I am unable to pay bills that are due today, due to the check not being submitted.",Checking or savings account,Managing an account,2025-12-31T21:52:53.000Z,Web,34b49eec7668,False,38,2025,target,2025 | Checking or savings account,https://www.consumerfinance.gov/data-research/consumer-complaints/search/api/v1/18397369
18397612,"Credit Control , LLC ( Original creditor : XXXX XXXX / XXXX ) What happened? 

I am submitting this complaint regarding Credit Control , LLC, which is reporting and attempting to collect a disputed debt related to returned XXXX XXXX devices. 

I returned two mobile devices within the timeframe required by my agreement with Spectrum. Under that agreement, I accepted responsibility for a {$50.00} per-device return fee, for a total of {$100.00}, and I expected an invoice for that amount. 

Instead, XXXX debited my bank account for a substantially higher amount based on alleged device damage. I disputed that debit with my bank, and the funds were reversed. 

Prior to submitting my written validation request, I attempted to resolve this matter by offering payment of the full contractual return fees ( {$100.00} ). Credit Control declined this offer, proposed a lesser discount on the disputed balance instead, and refused to offer reasonable payment terms.

I formally disputed this debt and sent Credit Control a written request for validation under the Fair Debt Collection Practices Act ( 15 U.S.C. 1692g ) by certified mail, which was delivered on XX/XX/year>. 

Credit Controls response did not provide proper validation. They supplied only billing statements and boilerplate state disclosure notices. They did not provide any documentation establishing liability for the alleged damage, including but not limited to : XXXX or serial numbers linking the alleged damage to my devices Intake inspection reports Chain-of-custody documentation Repair invoices or cost justification Allocation of charges per device Contractual authority supporting charges beyond the agreed {$50.00} per-device return fee A billing history alone does not constitute validation for a disputed goods-damage claim. 
Despite failing to validate the debt, Credit Control resumed collection activity, including : Settlement emails offering payment plans for the full alleged balance Multiple collection phone calls placed after validation was requested and after their insufficient response Credit Control is continuing to collect and report a debt that has not been properly validated. 

What do you want the company to do to fix the problem?",Debt collection,Attempts to collect debt not owed,2025-12-31T21:56:36.000Z,Web,23ae7543a4da,False,339,2025,target,2025 | Debt collection,https://www.consumerfinance.gov/data-research/consumer-complaints/search/api/v1/18397612
18397624,"b'I am disputing an alleged debt that Midland Credit Management, Inc. is attempting to collect. Despite my formal written dispute and validation request, the company has continued to contact me by phone, which violates the Fair Debt Collection Practices Act (FDCPA).\n\n1. Prior Complaint: Filed an initial complaint with CFPB on 1XXXX Complaint ID: XXXX The complaint included a dispute of the alleged debt but was later withdrawn to submit updated evidence.\n\n2. XXXX XXXXent a formal dispute and validation letter via certified mail (Tracking Number: XXXX XXXX XXXX XXXX XXXX XXXX). The letter requested proper validation of the alleged debt and demanded that all future communication be in writing only. Delivery was confirmed via XXXX  tracking.\n(Attached: PDF of letter and XXXX  delivery confirmationXXXX XXXX XXXX XXXX XXXX XXXX Received a phone call from Midland Credit Management at XXXX I did not answer.\n(Attached: Screenshot of call)\n\n4. Previous verbal communications occurred, but I had already requested that all communication be in writing.'",Debt collection,Communication tactics,2025-12-31T22:10:07.000Z,Web,e1f2be987a10,False,159,2025,target,2025 | Debt collection,https://www.consumerfinance.gov/data-research/consumer-complaints/search/api/v1/18397624
18397690,XXXX I bought a car from Camacho auto bad news I put XXXX down for a XX/XX/XXXXwhen I received no service on my warranty said it dont cover I was told if I keep the car for XX/XX/XXXX months I can trade it back in for something else I was denied XXXX they told me I need XXXX to trade it in sad I been having problems with the payment people XXXX XXXX and XXXX are the worse people in the world never help me just disabled my car when I was at the gas station and XXXX cut my car off for {$10.00} now Im XX/XX/XXXXdays late on my car note due to life problems on the bank transfer late and now XXXX cut my car off again and laughed at me saying it should be on time bad business I wont out this car and this business need to be shut down,Vehicle loan or lease,Managing the loan or lease,2025-12-31T22:11:44.000Z,Web,5656cf27f63f,False,154,2025,target,2025 | Vehicle loan or lease,https://www.consumerfinance.gov/data-research/consumer-complaints/search/api/v1/18397690
18398237,"Issue : Unauthorized payment processing / system error / credit harm Toyota Financial Services mobile app altered my entered payment amounts after I swiped to confirm payment on two separate occasions, resulting in unauthorized debits of more than {$650.00}. I was later advised a refund would occur after 10 days, but I was not informed the entire payment would be reversed, which caused my account to reflect a late payment.

While on the phone with a Toyota representative, I submitted another payment of {$650.00} ; the app again changed the amount after confirmation. I was told no supervisor was available and the payment could not be canceled.

These actions constitute improper payment processing, lack of informed consent, and potential unfair or deceptive practices. I am requesting immediate account correction, reversal of any late fees, written confirmation that no negative credit reporting will occur, and remediation for system errors. Documentation is available upon request",Vehicle loan or lease,Managing the loan or lease,2025-12-31T23:36:52.000Z,Web,4e26cf57439c,False,153,2025,target,2025 | Vehicle loan or lease,https://www.consumerfinance.gov/data-research/consumer-complaints/search/api/v1/18398237
